person_id,runtime_cohort,physical_leg_mode,routing_choice_mode,previous_root_cause,planned_departure,realized_departure,waiting_start,waiting_duration_to_48h,waiting_stop,destination_stop,previously_boarded,previously_alighted,last_vehicle,last_line,last_route,scheduled_services_at_stop,scheduled_later_services,later_compatible_services,last_service,last_compatible_service,wait_after_service_end,wait_after_compatible_service_end,actual_later_vehicle_passes,actual_compatible_passes,first_actual_compatible_pass,classification,confirmed_pipeline_error
"1004849",regional_background,pt,pt,PT_NEVER_BOARDED,48093.000,88486.000,88486.000,84314.000,"6916.8","6880.1",false,false,"","","",78,0,0,79500.000,78180.000,true,true,0,0,,NO_LATER_SERVICE,false
"100498",munich_resident,pt,pt,PT_NEVER_BOARDED,4008.000,61608.000,61608.000,111192.000,"9673.2","107967.2",false,false,"","","",43,12,12,84060.000,84060.000,false,false,12,12,62520.000,COMPATIBLE_SERVICE_NOT_BOARDED,false
"1006808",regional_background,pt,pt,PT_BOARDED_NOT_ARRIVED,44730.000,79202.000,79202.000,93598.000,"102231.2","167868.2",true,true,"tr_896","XXX---162192_3","XXX---162192_3_1",12,0,0,63264.000,59760.000,true,true,0,0,,TRANSFER_MISSED_AFTER_DELAY,false
"1010592",regional_background,pt,pt,PT_NEVER_BOARDED,35554.000,111030.000,111030.000,61770.000,"140276","102549.3",false,false,"","","",29,0,0,74100.000,74100.000,true,true,0,0,,NO_LATER_SERVICE,false
"1012711",regional_background,pt,pt,PT_BOARDED_NOT_ARRIVED,43440.000,51675.000,51675.000,121125.000,"142500.1","102028.7",true,true,"tr_42215","XXX---2272008_0","XXX---2272008_0_6",229,109,11,86640.000,82800.000,false,false,109,11,54303.000,COMPATIBLE_SERVICE_NOT_BOARDED,false
"1013398",regional_background,pt,pt,PT_BOARDED_NOT_ARRIVED,37560.000,51730.000,51730.000,121070.000,"12958.1","106128.1",true,true,"tr_21075","XXX---2268550_3","XXX---2268550_3_4",22,9,0,70800.000,42600.000,false,true,9,0,,TRANSFER_MISSED_AFTER_DELAY,false
"1014852",regional_background,pt,pt,PT_NEVER_BOARDED,2316.000,96950.000,96950.000,75850.000,"104292.2","102028.2",false,false,"","","",26,0,0,81780.000,65760.000,true,true,0,0,,NO_LATER_SERVICE,false
"1019154",regional_background,pt,pt,PT_BOARDED_NOT_ARRIVED,34200.000,86220.000,86220.000,86580.000,"102065","61924",true,true,"tr_392","XXX---161788_2","XXX---161788_2_164",87,0,0,83040.000,82800.000,true,true,0,0,,TRANSFER_MISSED_AFTER_DELAY,false
"1020689",regional_background,pt,pt,PT_NEVER_BOARDED,47101.000,64678.000,64678.000,108122.000,"21925.1","3666.3",false,false,"","","",14,2,0,84540.000,48720.000,false,true,2,0,,NO_COMPATIBLE_CONNECTION,false
"1028356",regional_background,pt,pt,PT_NEVER_BOARDED,41555.000,47056.000,47056.000,125744.000,"4088","167837",false,false,"","","",94,48,0,74100.000,41760.000,false,true,48,0,,NO_COMPATIBLE_CONNECTION,false
"1039354",regional_background,pt,pt,PT_BOARDED_NOT_ARRIVED,27060.000,28187.000,28187.000,144613.000,"101674.11","106130.5",true,true,"tr_183","XXX---161788_2","XXX---161788_2_47",15,12,5,80100.000,73140.000,false,false,12,5,38512.000,COMPATIBLE_SERVICE_NOT_BOARDED,false
"103983",munich_resident,pt,pt,PT_BOARDED_NOT_ARRIVED,48240.000,88402.000,88402.000,84398.000,"106091","106653",true,true,"tr_40386","XXX---2271998_1","XXX---2271998_1_5",168,0,0,81300.000,81300.000,true,true,0,0,,TRANSFER_MISSED_AFTER_DELAY,false
"1044188",regional_background,pt,pt,PT_BOARDED_NOT_ARRIVED,69420.000,107966.000,107966.000,64834.000,"142500.1","102334.2",true,true,"tr_1241","XXX---162308_101","XXX---162308_101_0",229,0,0,86640.000,84600.000,true,true,0,0,,TRANSFER_MISSED_AFTER_DELAY,false
"105053",munich_resident,pt,pt,PT_NEVER_BOARDED,2135.000,33921.000,33921.000,138879.000,"108742","106051",false,false,"","","",199,157,0,89580.000,15300.000,false,true,157,0,,NO_COMPATIBLE_CONNECTION,false
"1055531",regional_background,walk,pt,PT_NEVER_BOARDED,80890.000,122234.000,122234.000,50566.000,"","",false,false,"","","",0,0,0,,,false,false,0,0,,INSUFFICIENT_EVIDENCE,false
"1057331",regional_background,pt,pt,PT_BOARDED_NOT_ARRIVED,38400.000,49334.000,49334.000,123466.000,"103537","168871",true,true,"tr_38575","XXX---2270886_3","XXX---2270886_3_5",14,4,0,64680.000,46320.000,false,true,4,0,,TRANSFER_MISSED_AFTER_DELAY,false
"1057995",regional_background,pt,pt,PT_BOARDED_NOT_ARRIVED,55740.000,59202.000,59202.000,113598.000,"102023","168810",true,true,"tr_2029","XXX---162443_106","XXX---162443_106_24",236,79,0,88140.000,58440.000,false,true,79,0,,TRANSFER_MISSED_AFTER_DELAY,false
"1062052",regional_background,pt,pt,PT_BOARDED_NOT_ARRIVED,25920.000,61896.000,61896.000,110904.000,"104298.1","104838",true,true,"tr_16825","XXX---2255012_3","XXX---2255012_3_24",18,4,0,65700.000,27600.000,false,true,4,0,,TRANSFER_MISSED_AFTER_DELAY,false
"1065610",regional_background,pt,pt,PT_NEVER_BOARDED,12565.000,74518.000,74518.000,98282.000,"9673.2","106077.8",false,false,"","","",43,5,5,84060.000,84060.000,false,false,5,5,75780.000,COMPATIBLE_SERVICE_NOT_BOARDED,false
"1068544",regional_background,pt,pt,PT_NEVER_BOARDED,29125.000,30809.000,30809.000,141991.000,"101742.1","104818.1",false,false,"","","",30,24,24,89040.000,89040.000,false,false,24,24,31800.000,COMPATIBLE_SERVICE_NOT_BOARDED,false
"1075404",regional_background,pt,pt,PT_BOARDED_NOT_ARRIVED,34440.000,41531.000,41531.000,131269.000,"149427","140338",true,true,"tr_3417","XXX---162461_109","XXX---162461_109_15",8,5,0,67920.000,36000.000,false,true,5,0,,TRANSFER_MISSED_AFTER_DELAY,false
"1088332",regional_background,pt,pt,PT_BOARDED_NOT_ARRIVED,18540.000,91100.000,91100.000,81700.000,"106060.1","5485.1",true,true,"tr_40038","XXX---2271997_1","XXX---2271997_1_14",537,0,0,89700.000,87000.000,true,true,0,0,,TRANSFER_MISSED_AFTER_DELAY,false
"1090153",regional_background,pt,pt,PT_NEVER_BOARDED,10300.000,65087.000,65087.000,107713.000,"108994.1","106273.2",false,false,"","","",172,43,0,91110.000,14610.000,false,true,43,0,,NO_COMPATIBLE_CONNECTION,false
"109045",munich_resident,pt,pt,PT_NEVER_BOARDED,50319.000,55168.000,55168.000,117632.000,"9565","9573",false,false,"","","",2,0,0,53400.000,53400.000,true,true,0,0,,NO_LATER_SERVICE,false
"1091069",regional_background,pt,pt,PT_BOARDED_NOT_ARRIVED,17940.000,92559.000,92559.000,80241.000,"107995.1","109954.1",true,true,"tr_39638","XXX---2271996_1","XXX---2271996_1_9",252,0,0,90510.000,90510.000,true,true,0,0,,TRANSFER_MISSED_AFTER_DELAY,false
"1092363",regional_background,pt,pt,PT_BOARDED_NOT_ARRIVED,31080.000,85840.000,85840.000,86960.000,"108497.1","5797.3",true,true,"tr_39478","XXX---2271996_1","XXX---2271996_1_1",68,0,0,85380.000,85380.000,true,true,0,0,,TRANSFER_MISSED_AFTER_DELAY,false
"1095498",regional_background,walk,pt,PT_NEVER_BOARDED,49655.000,63897.000,63897.000,108903.000,"","",false,false,"","","",0,0,0,,,false,false,0,0,,INSUFFICIENT_EVIDENCE,false
"1098520",regional_background,pt,pt,PT_NEVER_BOARDED,15440.000,67040.000,67040.000,105760.000,"106138","106056.1",false,false,"","","",4,0,0,15630.000,15630.000,true,true,0,0,,NO_LATER_SERVICE,false
"1099539",regional_background,pt,pt,PT_NEVER_BOARDED,18349.000,92303.000,92303.000,80497.000,"108428","106281",false,false,"","","",193,0,0,90120.000,79560.000,true,true,0,0,,NO_LATER_SERVICE,false
"1102701",regional_background,pt,pt,PT_NEVER_BOARDED,10877.000,66225.000,66225.000,106575.000,"108541","106051",false,false,"","","",199,48,0,89220.000,14970.000,false,true,48,0,,NO_COMPATIBLE_CONNECTION,false
"1116438",regional_background,pt,pt,PT_NEVER_BOARDED,5895.000,78543.000,78543.000,94257.000,"109045.2","106054",false,false,"","","",65,11,0,91470.000,14130.000,false,true,11,0,,NO_COMPATIBLE_CONNECTION,false
"1118219",regional_background,pt,pt,PT_NEVER_BOARDED,11397.000,70507.000,70507.000,102293.000,"106077.7","5713.1",false,false,"","","",98,15,0,86220.000,20280.000,false,true,15,0,,NO_COMPATIBLE_CONNECTION,false
"112721",munich_resident,pt,pt,PT_NEVER_BOARDED,5775.000,61991.000,61991.000,110809.000,"109389","106050",false,false,"","","",113,37,0,88800.000,14760.000,false,true,37,0,,NO_COMPATIBLE_CONNECTION,false
"1131513",regional_background,pt,pt,PT_BOARDED_NOT_ARRIVED,59657.000,63211.000,63211.000,109589.000,"9964.2","157723.1",true,true,"tr_1502","XXX---162424_106","XXX---162424_106_135",1,0,0,59700.000,59700.000,true,true,0,0,,TRANSFER_MISSED_AFTER_DELAY,false
"1140858",regional_background,pt,pt,PT_NEVER_BOARDED,9467.000,71216.000,71216.000,101584.000,"108879","106053",false,false,"","","",110,23,0,90390.000,15480.000,false,true,23,0,,NO_COMPATIBLE_CONNECTION,false
"11464",regional_background,pt,pt,PT_NEVER_BOARDED,30400.000,31706.000,31706.000,141094.000,"168633","169016",false,false,"","","",4,2,0,66360.000,30540.000,false,true,2,0,,NO_COMPATIBLE_CONNECTION,false
"1153751",regional_background,pt,pt,PT_NEVER_BOARDED,10166.000,67288.000,67288.000,105512.000,"108287.1","108202.1",false,false,"","","",3,0,0,15240.000,15240.000,true,true,0,0,,NO_LATER_SERVICE,false
"1153921",regional_background,pt,pt,PT_NEVER_BOARDED,4407.000,59702.000,59702.000,113098.000,"106258.1","106382.2",false,false,"","","",321,122,86,91200.000,91200.000,false,false,122,86,59910.000,COMPATIBLE_SERVICE_NOT_BOARDED,false
"1155807",regional_background,pt,pt,PT_BOARDED_NOT_ARRIVED,17280.000,91880.000,91880.000,80920.000,"108495","6106",true,true,"tr_39638","XXX---2271996_1","XXX---2271996_1_9",60,0,0,90300.000,85500.000,true,true,0,0,,TRANSFER_MISSED_AFTER_DELAY,false
"1157698",regional_background,pt,pt,PT_BOARDED_NOT_ARRIVED,25560.000,86697.000,86697.000,86103.000,"5973","6082",true,true,"tr_3075","XXX---162458_109","XXX---162458_109_28",189,1,0,87360.000,84480.000,false,true,1,0,,TRANSFER_MISSED_AFTER_DELAY,false
"1162599",regional_background,pt,pt,PT_NEVER_BOARDED,24445.000,99815.000,99815.000,72985.000,"13324","12795.12",false,false,"","","",2,0,0,27540.000,25380.000,true,true,0,0,,NO_LATER_SERVICE,false
"1172917",regional_background,pt,pt,PT_NEVER_BOARDED,39897.000,49141.000,49141.000,123659.000,"22112","22144.6",false,false,"","","",1,0,0,40800.000,40800.000,true,true,0,0,,NO_LATER_SERVICE,false
"1174029",regional_background,pt,pt,PT_BOARDED_NOT_ARRIVED,47700.000,54609.000,54609.000,118191.000,"167868.8","168197.1",true,true,"tr_9188","XXX---2233222_3","XXX---2233222_3_22",2,0,0,47700.000,47700.000,true,true,0,0,,TRANSFER_MISSED_AFTER_DELAY,false
"1185004",regional_background,walk,pt,PT_NEVER_BOARDED,63520.000,63520.000,63520.000,109280.000,"","",false,false,"","","",0,0,0,,,false,false,0,0,,INSUFFICIENT_EVIDENCE,false
"1191459",regional_background,pt,pt,PT_NEVER_BOARDED,12969.000,78693.000,78693.000,94107.000,"104292.2","102028.2",false,false,"","","",26,1,0,81780.000,65760.000,false,true,1,0,,NO_COMPATIBLE_CONNECTION,false
"1191874",regional_background,pt,pt,PT_NEVER_BOARDED,41183.000,48095.000,48095.000,124705.000,"69490.2","65628",false,false,"","","",12,5,0,59100.000,42300.000,false,true,5,0,,NO_COMPATIBLE_CONNECTION,false
"1192681",regional_background,pt,pt,PT_NEVER_BOARDED,41621.000,52036.000,52036.000,120764.000,"65517.1","65505",false,false,"","","",10,4,0,71700.000,43200.000,false,true,4,0,,NO_COMPATIBLE_CONNECTION,false
"1193493",regional_background,walk,pt,PT_NEVER_BOARDED,61369.000,61369.000,61369.000,111431.000,"","",false,false,"","","",0,0,0,,,false,false,0,0,,INSUFFICIENT_EVIDENCE,false
"1198684",regional_background,pt,pt,PT_NEVER_BOARDED,49557.000,54346.000,54346.000,118454.000,"175693.1","156131.1",false,false,"","","",11,4,0,63660.000,49800.000,false,true,4,0,,NO_COMPATIBLE_CONNECTION,false
"1201990",regional_background,pt,pt,PT_BOARDED_NOT_ARRIVED,40800.000,60500.000,60500.000,112300.000,"127244","128023",true,true,"tr_13393","XXX---2249910_3","XXX---2249910_3_0",9,1,0,67740.000,43440.000,false,true,1,0,,TRANSFER_MISSED_AFTER_DELAY,false
"1215193",regional_background,pt,pt,PT_NEVER_BOARDED,60410.000,61743.000,61743.000,111057.000,"69726","69738",false,false,"","","",4,0,0,61260.000,61260.000,true,true,0,0,,NO_LATER_SERVICE,false
"1216978",regional_background,pt,pt,PT_NEVER_BOARDED,38609.000,45323.000,45323.000,127477.000,"176004","69546.3",false,false,"","","",2,0,0,44220.000,44220.000,true,true,0,0,,NO_LATER_SERVICE,false
"1220803",regional_background,pt,pt,PT_BOARDED_NOT_ARRIVED,38145.000,52316.000,52316.000,120484.000,"102105.1","69546.3",true,true,"tr_6125","XXX---2167616_3","XXX---2167616_3_2",7,2,0,62700.000,44100.000,false,true,2,0,,TRANSFER_MISSED_AFTER_DELAY,false
"1228380",regional_background,pt,pt,PT_BOARDED_NOT_ARRIVED,49384.000,63743.000,63743.000,109057.000,"102243.2","70654",true,true,"tr_1131","XXX---162195_2","XXX---162195_2_14",2,0,0,60840.000,60840.000,true,true,0,0,,TRANSFER_MISSED_AFTER_DELAY,false
"1229293",regional_background,pt,pt,PT_BOARDED_NOT_ARRIVED,57163.000,57341.000,57341.000,115459.000,"70881.2","181967.1",true,true,"tr_5457","XXX---1989749_3","XXX---1989749_3_0",3,1,0,82440.000,57300.000,false,true,1,0,,TRANSFER_MISSED_AFTER_DELAY,false
"1229363",regional_background,pt,pt,PT_BOARDED_NOT_ARRIVED,57600.000,71863.000,71863.000,100937.000,"102532","156780",true,true,"tr_1421","XXX---162424_106","XXX---162424_106_82",5,0,0,64920.000,64920.000,true,true,0,0,,TRANSFER_MISSED_AFTER_DELAY,false
"1229490",regional_background,pt,pt,PT_NEVER_BOARDED,40839.000,42616.000,42616.000,130184.000,"84679.1","163082",false,false,"","","",5,1,0,53220.000,41520.000,false,true,1,0,,NO_COMPATIBLE_CONNECTION,false
"123160",munich_resident,pt,pt,PT_NEVER_BOARDED,1488.000,59831.000,59831.000,112969.000,"108831","106047.3",false,false,"","","",114,41,40,89430.000,88230.000,false,false,41,40,60300.000,COMPATIBLE_SERVICE_NOT_BOARDED,false
"1237091",regional_background,pt,pt,PT_BOARDED_NOT_ARRIVED,52140.000,63705.000,63705.000,109095.000,"70789.1","156844.1",true,true,"tr_39029","XXX---2271035_3","XXX---2271035_3_16",4,0,0,57300.000,57300.000,true,true,0,0,,TRANSFER_MISSED_AFTER_DELAY,false
"1237110",regional_background,pt,pt,PT_NEVER_BOARDED,35419.000,83213.000,83213.000,89587.000,"107753","106951",false,false,"","","",190,6,0,89220.000,80820.000,false,true,6,0,,NO_COMPATIBLE_CONNECTION,false
"1243416",regional_background,pt,pt,PT_NEVER_BOARDED,35659.000,72470.000,72470.000,100330.000,"175700","102104",false,false,"","","",17,0,0,72120.000,72120.000,true,true,0,0,,NO_LATER_SERVICE,false
"1244281",regional_background,walk,pt,PT_NEVER_BOARDED,65862.000,79228.000,79228.000,93572.000,"","",false,false,"","","",0,0,0,,,false,false,0,0,,INSUFFICIENT_EVIDENCE,false
"125894",munich_resident,pt,pt,PT_BOARDED_NOT_ARRIVED,5280.000,57444.000,57444.000,115356.000,"106051","106264",true,true,"tr_3483","XXX---162462_109","XXX---162462_109_1",4,0,0,16500.000,16500.000,true,true,0,0,,TRANSFER_MISSED_AFTER_DELAY,false
"1259561",regional_background,pt,pt,PT_BOARDED_NOT_ARRIVED,80700.000,80733.000,80733.000,92067.000,"106077.7","106104.3",true,true,"tr_58683","XXX---232602_2","XXX---232602_2_2",98,14,14,86220.000,86220.000,false,false,14,14,81180.000,COMPATIBLE_SERVICE_NOT_BOARDED,false
"1262543",regional_background,pt,pt,PT_BOARDED_NOT_ARRIVED,33780.000,50770.000,50770.000,122030.000,"22821.1","101743",true,true,"tr_17081","XXX---2255041_3","XXX---2255041_3_4",13,5,0,69600.000,42300.000,false,true,5,0,,TRANSFER_MISSED_AFTER_DELAY,false
"1262775",regional_background,pt,pt,PT_NEVER_BOARDED,28728.000,38743.000,38743.000,134057.000,"128163.2","127378.2",false,false,"","","",4,0,0,30360.000,30360.000,true,true,0,0,,NO_LATER_SERVICE,false
"1267257",regional_background,pt,pt,PT_NEVER_BOARDED,45497.000,53965.000,53965.000,118835.000,"136313","136319.2",false,false,"","","",4,0,0,53700.000,53700.000,true,true,0,0,,NO_LATER_SERVICE,false
"1268291",regional_background,pt,pt,PT_NEVER_BOARDED,3027.000,71332.000,71332.000,101468.000,"157646","22807",false,false,"","","",15,2,2,77040.000,77040.000,false,false,2,2,73440.000,COMPATIBLE_SERVICE_NOT_BOARDED,false
"1277754",regional_background,walk,pt,PT_NEVER_BOARDED,84145.000,84145.000,84145.000,88655.000,"","",false,false,"","","",0,0,0,,,false,false,0,0,,INSUFFICIENT_EVIDENCE,false
"1296861",regional_background,pt,pt,PT_BOARDED_NOT_ARRIVED,48540.000,69527.000,69527.000,103273.000,"101847","164899.1",true,true,"tr_2436","XXX---162452_106_3","XXX---162452_106_3_9",13,0,0,64740.000,50100.000,true,true,0,0,,TRANSFER_MISSED_AFTER_DELAY,false
"1298999",regional_background,pt,pt,PT_BOARDED_NOT_ARRIVED,55620.000,57309.000,57309.000,115491.000,"127280","128584.1",true,true,"tr_13801","XXX---2249919_0","XXX---2249919_0_0",101,39,0,84000.000,55680.000,false,true,39,0,,TRANSFER_MISSED_AFTER_DELAY,false
"1303856",regional_background,pt,pt,PT_NEVER_BOARDED,24928.000,96523.000,96523.000,76277.000,"22874","22820.2",false,false,"","","",26,0,0,66720.000,66720.000,true,true,0,0,,NO_LATER_SERVICE,false
"130541",munich_resident,pt,pt,PT_NEVER_BOARDED,6782.000,38507.000,38507.000,134293.000,"106054","107752",false,false,"","","",3,0,0,16770.000,16770.000,true,true,0,0,,NO_LATER_SERVICE,false
"1311438",regional_background,pt,pt,PT_BOARDED_NOT_ARRIVED,54420.000,63444.000,63444.000,109356.000,"140573.1","128550",true,true,"tr_35143","XXX---2269731_3","XXX---2269731_3_29",6,1,0,72300.000,54840.000,false,true,1,0,,TRANSFER_MISSED_AFTER_DELAY,false
"1322138",regional_background,pt,pt,PT_BOARDED_NOT_ARRIVED,48180.000,58959.000,58959.000,113841.000,"101829.3","164892",true,true,"tr_2425","XXX---162452_106_3","XXX---162452_106_3_3",5,2,0,61920.000,55740.000,false,true,2,0,,TRANSFER_MISSED_AFTER_DELAY,false
"1322279",regional_background,pt,pt,PT_BOARDED_NOT_ARRIVED,50940.000,72459.000,72459.000,100341.000,"101829.3","128848",true,true,"tr_2430","XXX---162452_106_3","XXX---162452_106_3_8",5,0,0,61920.000,55740.000,true,true,0,0,,TRANSFER_MISSED_AFTER_DELAY,false
"1329596",regional_background,pt,pt,PT_NEVER_BOARDED,4051.000,53730.000,53730.000,119070.000,"106138","106056.1",false,false,"","","",4,0,0,15630.000,15630.000,true,true,0,0,,NO_LATER_SERVICE,false
"1334706",regional_background,pt,pt,PT_NEVER_BOARDED,47625.000,62898.000,62898.000,109902.000,"22538","102475",false,false,"","","",81,9,0,68940.000,57180.000,false,true,9,0,,NO_COMPATIBLE_CONNECTION,false
"1352588",regional_background,pt,pt,PT_NEVER_BOARDED,22266.000,106520.000,106520.000,66280.000,"109557.1","106130.21",false,false,"","","",77,0,0,86160.000,86160.000,true,true,0,0,,NO_LATER_SERVICE,false
"1352929",regional_background,pt,pt,PT_BOARDED_NOT_ARRIVED,24558.000,84543.000,84543.000,88257.000,"11108.1","11412",true,true,"tr_3256","XXX---162460_109","XXX---162460_109_13",49,0,0,77040.000,71640.000,true,true,0,0,,TRANSFER_MISSED_AFTER_DELAY,false
"1353294",regional_background,pt,pt,PT_BOARDED_NOT_ARRIVED,52059.000,62938.000,62938.000,109862.000,"20814.1","20984",true,true,"tr_7321","XXX---2183238_3","XXX---2183238_3_11",18,4,1,71400.000,71400.000,false,false,4,1,71400.000,COMPATIBLE_SERVICE_NOT_BOARDED,false
"135467",munich_resident,pt,pt,PT_BOARDED_NOT_ARRIVED,6540.000,65261.000,65261.000,107539.000,"6892.4","7309",true,true,"tr_2595","XXX---162455_109","XXX---162455_109_5",48,14,0,86160.000,13140.000,false,true,14,0,,TRANSFER_MISSED_AFTER_DELAY,false
"1356822",regional_background,pt,pt,PT_BOARDED_NOT_ARRIVED,16440.000,73040.000,73040.000,99760.000,"106060","106117.4",true,true,"tr_40051","XXX---2271997_1","XXX---2271997_1_15",541,90,0,89220.000,68700.000,false,true,90,0,,TRANSFER_MISSED_AFTER_DELAY,false
"137976",munich_resident,pt,pt,PT_NEVER_BOARDED,15411.000,67568.000,67568.000,105232.000,"107981","108202.1",false,false,"","","",106,26,0,92280.000,15510.000,false,true,26,0,,NO_COMPATIBLE_CONNECTION,false
"1410507",regional_background,pt,pt,PT_NEVER_BOARDED,12652.000,82315.000,82315.000,90485.000,"71057","84680.4",false,false,"","","",8,0,0,68100.000,51060.000,true,true,0,0,,NO_LATER_SERVICE,false
"1413097",regional_background,walk,pt,PT_NEVER_BOARDED,73298.000,73298.000,73298.000,99502.000,"","",false,false,"","","",0,0,0,,,false,false,0,0,,INSUFFICIENT_EVIDENCE,false
"1415258",regional_background,walk,pt,PT_NEVER_BOARDED,56992.000,56992.000,56992.000,115808.000,"","",false,false,"","","",0,0,0,,,false,false,0,0,,INSUFFICIENT_EVIDENCE,false
"1420635",regional_background,pt,pt,PT_BOARDED_NOT_ARRIVED,24300.000,57348.000,57348.000,115452.000,"69779.1","156095",true,true,"tr_38942","XXX---2271027_3","XXX---2271027_3_12",3,0,0,25080.000,25080.000,true,true,0,0,,TRANSFER_MISSED_AFTER_DELAY,false
"1423976",regional_background,pt,pt,PT_BOARDED_NOT_ARRIVED,62700.000,70991.000,70991.000,101809.000,"101695","127832",true,true,"tr_112","XXX---161788_2","XXX---161788_2_19",13,0,0,65466.000,65466.000,true,true,0,0,,TRANSFER_MISSED_AFTER_DELAY,false
"142582",munich_resident,pt,pt,PT_NEVER_BOARDED,14283.000,74249.000,74249.000,98551.000,"106480.1","106384",false,false,"","","",3,0,0,15630.000,15630.000,true,true,0,0,,NO_LATER_SERVICE,false
"1427757",regional_background,pt,pt,PT_BOARDED_NOT_ARRIVED,62700.000,63284.000,63284.000,109516.000,"101695","127832",true,true,"tr_113","XXX---161788_2","XXX---161788_2_20",13,1,1,65466.000,65466.000,false,false,1,1,65466.000,COMPATIBLE_SERVICE_NOT_BOARDED,false
"1433921",regional_background,pt,pt,PT_BOARDED_NOT_ARRIVED,21780.000,73908.000,73908.000,98892.000,"101826","127782",true,true,"tr_115","XXX---161788_2","XXX---161788_2_21",2,0,0,41760.000,41760.000,true,true,0,0,,TRANSFER_MISSED_AFTER_DELAY,false
"1444384",regional_background,pt,pt,PT_NEVER_BOARDED,16595.000,58221.000,58221.000,114579.000,"12112","11744.5",false,false,"","","",34,10,0,81000.000,18720.000,false,true,10,0,,NO_COMPATIBLE_CONNECTION,false
"1454504",regional_background,pt,pt,PT_NEVER_BOARDED,21720.000,21720.000,21720.000,151080.000,"101803.3","102460.2",false,false,"","","",63,61,23,85260.000,85260.000,false,false,61,23,21720.000,COMPATIBLE_SERVICE_NOT_BOARDED,false
"1474804",regional_background,pt,pt,PT_BOARDED_NOT_ARRIVED,23100.000,63133.000,63133.000,109667.000,"164945","145996",true,true,"tr_6985","XXX---2183223_3","XXX---2183223_3_8",13,3,0,68280.000,59400.000,false,true,3,0,,TRANSFER_MISSED_AFTER_DELAY,false
"1482361",regional_background,pt,pt,PT_NEVER_BOARDED,12294.000,103945.000,103945.000,68855.000,"128130","128362.2",false,false,"","","",13,0,0,74640.000,66480.000,true,true,0,0,,NO_LATER_SERVICE,false
"149994",munich_resident,pt,pt,PT_NEVER_BOARDED,10404.000,86803.000,86803.000,85997.000,"149451","108550",false,false,"","","",6,0,0,15120.000,15120.000,true,true,0,0,,NO_LATER_SERVICE,false
"1505154",regional_background,pt,pt,PT_NEVER_BOARDED,16835.000,86545.000,86545.000,86255.000,"169021","4171",false,false,"","","",35,0,0,85740.000,72120.000,true,true,0,0,,NO_LATER_SERVICE,false
"151112",munich_resident,pt,pt,PT_BOARDED_NOT_ARRIVED,22380.000,76340.000,76340.000,96460.000,"106062","109217",true,true,"tr_3267","XXX---162460_109","XXX---162460_109_16",350,40,0,90900.000,70080.000,false,true,40,0,,TRANSFER_MISSED_AFTER_DELAY,false
"1514017",regional_background,pt,pt,PT_BOARDED_NOT_ARRIVED,64560.000,72873.000,72873.000,99927.000,"3555","4340",true,true,"tr_37353","XXX---2270104_3","XXX---2270104_3_0",14,0,0,66360.000,66360.000,true,true,0,0,,TRANSFER_MISSED_AFTER_DELAY,false
"1515580",regional_background,pt,pt,PT_NEVER_BOARDED,69590.000,76324.000,76324.000,96476.000,"168843","4166.1",false,false,"","","",15,0,0,69900.000,69900.000,true,true,0,0,,NO_LATER_SERVICE,false
"1521951",regional_background,pt,pt,PT_NEVER_BOARDED,76765.000,81636.000,81636.000,91164.000,"3799","4180",false,false,"","","",54,2,2,86880.000,86880.000,false,false,2,2,83280.000,COMPATIBLE_SERVICE_NOT_BOARDED,false
"15278",regional_background,pt,pt,PT_NEVER_BOARDED,21141.000,62416.000,62416.000,110384.000,"4363.1","3548.1",false,false,"","","",5,0,0,29040.000,29040.000,true,true,0,0,,NO_LATER_SERVICE,false
"1538046",unresolved_background,pt,pt,PT_BOARDED_NOT_ARRIVED,56659.000,63651.000,63651.000,109149.000,"102275.1","176005",true,true,"tr_1304","XXX---162424_106","XXX---162424_106_10",7,0,0,61500.000,57600.000,true,true,0,0,,TRANSFER_MISSED_AFTER_DELAY,false
"1544",regional_background,walk,pt,PT_NEVER_BOARDED,83774.000,83774.000,83774.000,89026.000,"","",false,false,"","","",0,0,0,,,false,false,0,0,,INSUFFICIENT_EVIDENCE,false
"1561957",regional_background,pt,pt,PT_BOARDED_NOT_ARRIVED,67560.000,69304.000,69304.000,103496.000,"175309","168051",true,true,"tr_34616","XXX---2269694_3","XXX---2269694_3_2",26,0,0,69060.000,69060.000,true,true,0,0,,TRANSFER_MISSED_AFTER_DELAY,false
"157375",munich_resident,pt,pt,PT_NEVER_BOARDED,31019.000,82588.000,82588.000,90212.000,"107823","106092.1",false,false,"","","",149,0,0,80820.000,80820.000,true,true,0,0,,NO_LATER_SERVICE,false
"157720",munich_resident,pt,pt,PT_BOARDED_NOT_ARRIVED,3600.000,40692.000,40692.000,132108.000,"106055","108142",true,true,"tr_3623","XXX---162462_109","XXX---162462_109_26",11,0,0,16770.000,13170.000,true,true,0,0,,TRANSFER_MISSED_AFTER_DELAY,false
"1590808",regional_background,pt,pt,PT_BOARDED_NOT_ARRIVED,74280.000,75911.000,75911.000,96889.000,"3958.3","4203",true,true,"tr_9984","XXX---2249603_3","XXX---2249603_3_5",32,0,0,74280.000,74280.000,true,true,0,0,,TRANSFER_MISSED_AFTER_DELAY,false
"1615986",regional_background,pt,pt,PT_NEVER_BOARDED,73881.000,76087.000,76087.000,96713.000,"3620","4138",false,false,"","","",35,0,0,74880.000,74880.000,true,true,0,0,,NO_LATER_SERVICE,false
"162226",munich_resident,pt,pt,PT_NEVER_BOARDED,2676.000,54215.000,54215.000,118585.000,"108810","108466",false,false,"","","",151,67,0,91830.000,16680.000,false,true,67,0,,NO_COMPATIBLE_CONNECTION,false
"1643679",unresolved_background,pt,pt,PT_BOARDED_NOT_ARRIVED,65040.000,79291.000,79291.000,93509.000,"102229","167865",true,true,"tr_896","XXX---162192_3","XXX---162192_3_1",12,0,0,65280.000,65280.000,true,true,0,0,,TRANSFER_MISSED_AFTER_DELAY,false
"1647487",regional_background,pt,pt,PT_BOARDED_NOT_ARRIVED,64500.000,76804.000,76804.000,95996.000,"102028.10","102040",true,true,"tr_896","XXX---162192_3","XXX---162192_3_1",17,1,0,78780.000,72060.000,false,true,1,0,,TRANSFER_MISSED_AFTER_DELAY,false
"1673388",regional_background,pt,pt,PT_NEVER_BOARDED,53539.000,56416.000,56416.000,116384.000,"3965","4325",false,false,"","","",40,15,5,73860.000,72060.000,false,false,15,5,57660.000,COMPATIBLE_SERVICE_NOT_BOARDED,false
"1677860",regional_background,pt,pt,PT_NEVER_BOARDED,40444.000,77140.000,77140.000,95660.000,"3701","3829",false,false,"","","",122,2,0,84060.000,73920.000,false,true,2,0,,NO_COMPATIBLE_CONNECTION,false
"170193",munich_resident,pt,pt,PT_BOARDED_NOT_ARRIVED,31140.000,86228.000,86228.000,86572.000,"5974","108497",true,true,"tr_21956","XXX---2268559_3","XXX---2268559_3_1",76,0,0,86220.000,86220.000,true,true,0,0,,TRANSFER_MISSED_AFTER_DELAY,false
"171070",munich_resident,pt,pt,PT_NEVER_BOARDED,7980.000,60103.000,60103.000,112697.000,"106435","108564.2",false,false,"","","",230,87,0,90990.000,15750.000,false,true,87,0,,NO_COMPATIBLE_CONNECTION,false
"1714884",munich_resident,pt,pt,PT_NEVER_BOARDED,7502.000,81670.000,81670.000,91130.000,"180825","108466",false,false,"","","",114,9,9,91770.000,91770.000,false,false,9,9,82170.000,COMPATIBLE_SERVICE_NOT_BOARDED,false
"1730570",munich_resident,pt,pt,PT_NEVER_BOARDED,1667.000,57359.000,57359.000,115441.000,"108672","106051",false,false,"","","",199,80,0,89730.000,15450.000,false,true,80,0,,NO_COMPATIBLE_CONNECTION,false
"1734081",munich_resident,pt,pt,PT_NEVER_BOARDED,1509.000,77666.000,77666.000,95134.000,"109366","106050",false,false,"","","",113,12,0,88950.000,14910.000,false,true,12,0,,NO_COMPATIBLE_CONNECTION,false
"1745049",munich_resident,pt,pt,PT_BOARDED_NOT_ARRIVED,68280.000,72983.000,72983.000,99817.000,"106861","109833",true,true,"tr_2587","XXX---162455_109","XXX---162455_109_5",140,22,16,91170.000,91170.000,false,false,22,16,73173.000,COMPATIBLE_SERVICE_NOT_BOARDED,false
"1758228",munich_resident,pt,pt,PT_NEVER_BOARDED,29754.000,32900.000,32900.000,139900.000,"107019","107077",false,false,"","","",126,89,0,92100.000,32340.000,false,true,89,0,,NO_COMPATIBLE_CONNECTION,false
"1777645",munich_resident,pt,pt,PT_BOARDED_NOT_ARRIVED,5700.000,74004.000,74004.000,98796.000,"106053","107257",true,true,"tr_3250","XXX---162460_109","XXX---162460_109_11",7,0,0,16560.000,16560.000,true,true,0,0,,TRANSFER_MISSED_AFTER_DELAY,false
"178570",munich_resident,pt,pt,PT_NEVER_BOARDED,6940.000,67727.000,67727.000,105073.000,"107493.2","106385.2",false,false,"","","",3,0,0,17190.000,17190.000,true,true,0,0,,NO_LATER_SERVICE,false
"1799974",munich_resident,pt,pt,PT_NEVER_BOARDED,4399.000,73359.000,73359.000,99441.000,"108522","106467",false,false,"","","",145,21,0,91290.000,16350.000,false,true,21,0,,NO_COMPATIBLE_CONNECTION,false
"180115",munich_resident,pt,pt,PT_BOARDED_NOT_ARRIVED,17100.000,55710.000,55710.000,117090.000,"107474.2","107966.1",true,true,"tr_40332","XXX---2271998_1","XXX---2271998_1_4",4,0,0,22950.000,22950.000,true,true,0,0,,TRANSFER_MISSED_AFTER_DELAY,false
"1803575",munich_resident,pt,pt,PT_BOARDED_NOT_ARRIVED,4860.000,87639.000,87639.000,85161.000,"106214","108460",true,true,"tr_3074","XXX---162458_109","XXX---162458_109_28",152,5,0,92520.000,16200.000,false,true,5,0,,TRANSFER_MISSED_AFTER_DELAY,false
"180837",munich_resident,pt,pt,PT_BOARDED_NOT_ARRIVED,30060.000,86424.000,86424.000,86376.000,"106049.1","106268",true,true,"tr_2967","XXX---162458_109","XXX---162458_109_4",193,4,4,90540.000,90540.000,false,false,4,4,86943.000,COMPATIBLE_SERVICE_NOT_BOARDED,false
"1831730",munich_resident,pt,pt,PT_NEVER_BOARDED,11047.000,75404.000,75404.000,97396.000,"108342","106079.2",false,false,"","","",157,18,0,92370.000,16650.000,false,true,18,0,,NO_COMPATIBLE_CONNECTION,false
"1836200",munich_resident,pt,pt,PT_NEVER_BOARDED,10792.000,80557.000,80557.000,92243.000,"106145","106056.1",false,false,"","","",4,0,0,15720.000,15720.000,true,true,0,0,,NO_LATER_SERVICE,false
"1853769",munich_resident,pt,pt,PT_NEVER_BOARDED,69735.000,71423.000,71423.000,101377.000,"109040.1","109343",false,false,"","","",62,0,0,71250.000,71250.000,true,true,0,0,,NO_LATER_SERVICE,false
"1873519",munich_resident,pt,pt,PT_NEVER_BOARDED,5602.000,88445.000,88445.000,84355.000,"142509.5","106046",false,false,"","","",60,0,0,87180.000,84780.000,true,true,0,0,,NO_LATER_SERVICE,false
"1874200",munich_resident,pt,pt,PT_NEVER_BOARDED,6390.000,77464.000,77464.000,95336.000,"107408","108970",false,false,"","","",111,11,0,90450.000,14490.000,false,true,11,0,,NO_COMPATIBLE_CONNECTION,false
"1880236",munich_resident,pt,pt,PT_NEVER_BOARDED,5366.000,71487.000,71487.000,101313.000,"107837","107351.1",false,false,"","","",220,44,1,90330.000,90330.000,false,false,44,1,90330.000,COMPATIBLE_SERVICE_NOT_BOARDED,false
"1885936",munich_resident,pt,pt,PT_NEVER_BOARDED,11911.000,68932.000,68932.000,103868.000,"106690.1","106214",false,false,"","","",4,0,0,15960.000,15960.000,true,true,0,0,,NO_LATER_SERVICE,false
"189028",munich_resident,pt,pt,PT_BOARDED_NOT_ARRIVED,69600.000,108140.000,108140.000,64660.000,"106437","109957",true,true,"tr_1241","XXX---162308_101","XXX---162308_101_0",311,0,0,93390.000,93390.000,true,true,0,0,,TRANSFER_MISSED_AFTER_DELAY,false
"1892098",munich_resident,pt,pt,PT_NEVER_BOARDED,9127.000,76652.000,76652.000,96148.000,"108233","106079.2",false,false,"","","",157,17,0,92550.000,16800.000,false,true,17,0,,NO_COMPATIBLE_CONNECTION,false
"1892121",munich_resident,pt,pt,PT_NEVER_BOARDED,11029.000,69124.000,69124.000,103676.000,"106343.1","108747",false,false,"","","",4,0,0,16470.000,16470.000,true,true,0,0,,NO_LATER_SERVICE,false
"1898052",munich_resident,pt,pt,PT_NEVER_BOARDED,4590.000,87346.000,87346.000,85454.000,"108392","106079.2",false,false,"","","",157,5,0,92310.000,16620.000,false,true,5,0,,NO_COMPATIBLE_CONNECTION,false
"1900563",munich_resident,pt,pt,PT_BOARDED_NOT_ARRIVED,17520.000,83626.000,83626.000,89174.000,"107075.1","107064",true,true,"tr_39841","XXX---2271997_1","XXX---2271997_1_3",6,0,0,21030.000,21030.000,true,true,0,0,,TRANSFER_MISSED_AFTER_DELAY,false
"190519",munich_resident,pt,pt,PT_NEVER_BOARDED,7812.000,61381.000,61381.000,111419.000,"109003","106054",false,false,"","","",126,41,0,91020.000,14520.000,false,true,41,0,,NO_COMPATIBLE_CONNECTION,false
"195673",munich_resident,pt,pt,PT_BOARDED_NOT_ARRIVED,4620.000,59083.000,59083.000,113717.000,"106214","108810",true,true,"tr_3482","XXX---162462_109","XXX---162462_109_1",152,55,54,92520.000,91320.000,false,false,55,54,59160.000,COMPATIBLE_SERVICE_NOT_BOARDED,false
"1959799",munich_resident,pt,pt,PT_NEVER_BOARDED,8065.000,56664.000,56664.000,116136.000,"106911","106048",false,false,"","","",113,48,0,90060.000,15330.000,false,true,48,0,,NO_COMPATIBLE_CONNECTION,false
"202024",munich_resident,pt,pt,PT_NEVER_BOARDED,2884.000,54534.000,54534.000,118266.000,"106158","106047.3",false,false,"","","",223,104,52,90060.000,89550.000,false,false,104,52,54540.000,COMPATIBLE_SERVICE_NOT_BOARDED,false
"203137",munich_resident,pt,pt,PT_NEVER_BOARDED,6814.000,62917.000,62917.000,109883.000,"107469","106355.1",false,false,"","","",115,39,37,94050.000,89790.000,false,false,39,37,63390.000,COMPATIBLE_SERVICE_NOT_BOARDED,false
"2039658",munich_resident,pt,pt,PT_NEVER_BOARDED,53907.000,54252.000,54252.000,118548.000,"108933","106104.2",false,false,"","","",22,7,7,69540.000,69540.000,false,false,7,7,56400.000,COMPATIBLE_SERVICE_NOT_BOARDED,false
"2040436",munich_resident,pt,pt,PT_NEVER_BOARDED,3691.000,70532.000,70532.000,102268.000,"108605","108564.2",false,false,"","","",145,26,0,91200.000,16290.000,false,true,26,0,,NO_COMPATIBLE_CONNECTION,false
"2047168",munich_resident,pt,pt,PT_NEVER_BOARDED,13336.000,68083.000,68083.000,104717.000,"106467","107350",false,false,"","","",228,61,31,91860.000,91860.000,false,false,61,31,68430.000,COMPATIBLE_SERVICE_NOT_BOARDED,false
"2048210",munich_resident,pt,pt,PT_NEVER_BOARDED,4550.000,75161.000,75161.000,97639.000,"107547","108850",false,false,"","","",48,0,0,74370.000,18510.000,true,true,0,0,,NO_LATER_SERVICE,false
"2049798",munich_resident,pt,pt,PT_NEVER_BOARDED,12298.000,88559.000,88559.000,84241.000,"108342","106433",false,false,"","","",157,4,4,92370.000,92370.000,false,false,4,4,88770.000,COMPATIBLE_SERVICE_NOT_BOARDED,false
"2059783",munich_resident,pt,pt,PT_NEVER_BOARDED,1993.000,68756.000,68756.000,104044.000,"108276","106079.2",false,false,"","","",157,29,0,92130.000,16470.000,false,true,29,0,,NO_COMPATIBLE_CONNECTION,false
"2082556",munich_resident,pt,pt,PT_NEVER_BOARDED,4639.000,69858.000,69858.000,102942.000,"106208","106053",false,false,"","","",7,0,0,15840.000,15840.000,true,true,0,0,,NO_LATER_SERVICE,false
"2103565",munich_resident,pt,pt,PT_BOARDED_NOT_ARRIVED,67125.000,68093.000,68093.000,104707.000,"12799.4","106108.2",true,true,"tr_34055","XXX---2268802_3","XXX---2268802_3_1",23,0,0,67140.000,67140.000,true,true,0,0,,TRANSFER_MISSED_AFTER_DELAY,false
"2107",regional_background,pt,pt,PT_BOARDED_NOT_ARRIVED,48390.000,63825.000,63825.000,108975.000,"142500.1","102028.7",true,true,"tr_43935","XXX---2272016_0","XXX---2272016_0_0",229,54,5,86640.000,82800.000,false,false,54,5,65942.000,COMPATIBLE_SERVICE_NOT_BOARDED,false
"212389",munich_resident,pt,pt,PT_BOARDED_NOT_ARRIVED,5640.000,54744.000,54744.000,118056.000,"106055","109252",true,true,"tr_2799","XXX---162456_109","XXX---162456_109_11",11,0,0,16770.000,16500.000,true,true,0,0,,TRANSFER_MISSED_AFTER_DELAY,false
"2137182",munich_resident,pt,pt,PT_NEVER_BOARDED,2399.000,91303.000,91303.000,81497.000,"107826","106480",false,false,"","","",115,1,0,93660.000,13800.000,false,true,1,0,,NO_COMPATIBLE_CONNECTION,false
"2139801",munich_resident,pt,pt,PT_NEVER_BOARDED,71763.000,73134.000,73134.000,99666.000,"109243","106109",false,false,"","","",193,22,22,91770.000,91770.000,false,false,22,22,73320.000,COMPATIBLE_SERVICE_NOT_BOARDED,false
"2141910",munich_resident,pt,pt,PT_NEVER_BOARDED,6413.000,69219.000,69219.000,103581.000,"109366","106050",false,false,"","","",113,26,0,88950.000,14910.000,false,true,26,0,,NO_COMPATIBLE_CONNECTION,false
"214611",munich_resident,pt,pt,PT_NEVER_BOARDED,7414.000,79340.000,79340.000,93460.000,"109345","108775",false,false,"","","",113,9,9,89280.000,89280.000,false,false,9,9,79890.000,COMPATIBLE_SERVICE_NOT_BOARDED,false
"214880",munich_resident,pt,pt,PT_NEVER_BOARDED,5431.000,58508.000,58508.000,114292.000,"107945","106047.3",false,false,"","","",114,44,43,89490.000,88290.000,false,false,44,43,58560.000,COMPATIBLE_SERVICE_NOT_BOARDED,false
"2153827",munich_resident,pt,pt,PT_NEVER_BOARDED,10458.000,86869.000,86869.000,85931.000,"109917","106948.1",false,false,"","","",79,0,0,84450.000,84450.000,true,true,0,0,,NO_LATER_SERVICE,false
"2171583",munich_resident,pt,pt,PT_NEVER_BOARDED,9492.000,75079.000,75079.000,97721.000,"106691","107350",false,false,"","","",149,18,0,91380.000,17910.000,false,true,18,0,,NO_COMPATIBLE_CONNECTION,false
"2174569",munich_resident,pt,pt,PT_NEVER_BOARDED,11207.000,70035.000,70035.000,102765.000,"109251.1","107257",false,false,"","","",3,0,0,15030.000,15030.000,true,true,0,0,,NO_LATER_SERVICE,false
"2177112",munich_resident,pt,pt,PT_NEVER_BOARDED,70333.000,73680.000,73680.000,99120.000,"106688","106831",false,false,"","","",78,0,0,70530.000,70530.000,true,true,0,0,,NO_LATER_SERVICE,false
"2181335",munich_resident,pt,pt,PT_BOARDED_NOT_ARRIVED,3840.000,73332.000,73332.000,99468.000,"106053","107418",true,true,"tr_2652","XXX---162455_109","XXX---162455_109_15",7,0,0,16560.000,16560.000,true,true,0,0,,TRANSFER_MISSED_AFTER_DELAY,false
"2198562",munich_resident,pt,pt,PT_NEVER_BOARDED,52423.000,55588.000,55588.000,117212.000,"12817.3","12795.6",false,false,"","","",3,0,0,53160.000,53160.000,true,true,0,0,,NO_LATER_SERVICE,false
"2206990",munich_resident,pt,pt,PT_NEVER_BOARDED,9834.000,87347.000,87347.000,85453.000,"108544","106276",false,false,"","","",199,3,0,89160.000,14910.000,false,true,3,0,,NO_COMPATIBLE_CONNECTION,false
"2237460",munich_resident,pt,pt,PT_NEVER_BOARDED,13121.000,73060.000,73060.000,99740.000,"109548.1","109664",false,false,"","","",2,0,0,48930.000,48930.000,true,true,0,0,,NO_LATER_SERVICE,false
"2240708",munich_resident,pt,pt,PT_BOARDED_NOT_ARRIVED,84660.000,87052.000,87052.000,85748.000,"106108","106946",true,true,"tr_3608","XXX---162462_109","XXX---162462_109_26",481,6,0,89880.000,85860.000,false,true,6,0,,TRANSFER_MISSED_AFTER_DELAY,false
"226253",munich_resident,pt,pt,PT_NEVER_BOARDED,4455.000,60122.000,60122.000,112678.000,"106150","106056.1",false,false,"","","",4,0,0,15840.000,15840.000,true,true,0,0,,NO_LATER_SERVICE,false
"2262808",munich_resident,pt,pt,PT_NEVER_BOARDED,72521.000,72907.000,72907.000,99893.000,"109702.1","109676.1",false,false,"","","",45,0,0,72810.000,72810.000,true,true,0,0,,NO_LATER_SERVICE,false
"2266134",munich_resident,pt,pt,PT_BOARDED_NOT_ARRIVED,73920.000,78685.000,78685.000,94115.000,"106061","107343",true,true,"tr_2778","XXX---162456_109","XXX---162456_109_11",360,31,0,90960.000,75120.000,false,true,31,0,,TRANSFER_MISSED_AFTER_DELAY,false
"2289834",munich_resident,pt,pt,PT_NEVER_BOARDED,1216.000,61653.000,61653.000,111147.000,"106911","106048",false,false,"","","",113,39,0,90060.000,15330.000,false,true,39,0,,NO_COMPATIBLE_CONNECTION,false
"2296343",munich_resident,pt,pt,PT_NEVER_BOARDED,11740.000,71930.000,71930.000,100870.000,"108318","108522",false,false,"","","",114,23,23,90720.000,90720.000,false,false,23,23,72120.000,COMPATIBLE_SERVICE_NOT_BOARDED,false
"2304735",munich_resident,pt,pt,PT_BOARDED_NOT_ARRIVED,5640.000,84792.000,84792.000,88008.000,"106053","106530.1",true,true,"tr_3457","XXX---162461_109","XXX---162461_109_23",7,0,0,16560.000,16560.000,true,true,0,0,,TRANSFER_MISSED_AFTER_DELAY,false
"2308466",munich_resident,pt,pt,PT_BOARDED_NOT_ARRIVED,20280.000,87989.000,87989.000,84811.000,"106090","106551",true,true,"tr_39359","XXX---2271995_1","XXX---2271995_1_7",182,0,0,80280.000,80280.000,true,true,0,0,,TRANSFER_MISSED_AFTER_DELAY,false
"231814",munich_resident,pt,pt,PT_NEVER_BOARDED,4036.000,55530.000,55530.000,117270.000,"106737","106056.1",false,false,"","","",4,0,0,15570.000,15570.000,true,true,0,0,,NO_LATER_SERVICE,false
"2318151",munich_resident,pt,pt,PT_NEVER_BOARDED,2123.000,85701.000,85701.000,87099.000,"106127.1","106050",false,false,"","","",113,3,0,88710.000,14670.000,false,true,3,0,,NO_COMPATIBLE_CONNECTION,false
"2347559",munich_resident,pt,pt,PT_NEVER_BOARDED,29523.000,72660.000,72660.000,100140.000,"106665","183120",false,false,"","","",176,22,22,91500.000,91500.000,false,false,22,22,73200.000,COMPATIBLE_SERVICE_NOT_BOARDED,false
"2393048",munich_resident,pt,pt,PT_NEVER_BOARDED,3419.000,75279.000,75279.000,97521.000,"107945","106047.3",false,false,"","","",114,16,15,89490.000,88290.000,false,false,16,15,75360.000,COMPATIBLE_SERVICE_NOT_BOARDED,false
"23981",regional_background,pt,pt,PT_NEVER_BOARDED,44954.000,59715.000,59715.000,113085.000,"156744.1","70637.3",false,false,"","","",2,0,0,57960.000,57960.000,true,true,0,0,,NO_LATER_SERVICE,false
"2406675",munich_resident,pt,pt,PT_NEVER_BOARDED,7445.000,63706.000,63706.000,109094.000,"106399","107347.2",false,false,"","","",325,106,0,92100.000,14700.000,false,true,106,0,,NO_COMPATIBLE_CONNECTION,false
"2414074",munich_resident,pt,pt,PT_BOARDED_NOT_ARRIVED,69900.000,74646.000,74646.000,98154.000,"11627.4","62663.2",true,true,"tr_30128","XXX---2268730_3","XXX---2268730_3_0",142,7,0,79500.000,69900.000,false,true,7,0,,TRANSFER_MISSED_AFTER_DELAY,false
"242248",munich_resident,pt,pt,PT_NEVER_BOARDED,4878.000,58355.000,58355.000,114445.000,"106127.1","109351",false,false,"","","",113,43,43,88710.000,88710.000,false,false,43,43,58890.000,COMPATIBLE_SERVICE_NOT_BOARDED,false
"2433196",munich_resident,pt,pt,PT_NEVER_BOARDED,8416.000,70699.000,70699.000,102101.000,"108387","106384",false,false,"","","",145,25,0,91050.000,12570.000,false,true,25,0,,NO_COMPATIBLE_CONNECTION,false
"246466",munich_resident,pt,pt,PT_NEVER_BOARDED,9500.000,89424.000,89424.000,83376.000,"106360","107825",false,false,"","","",121,2,0,90810.000,17190.000,false,true,2,0,,NO_COMPATIBLE_CONNECTION,false
"2477229",munich_resident,pt,pt,PT_BOARDED_NOT_ARRIVED,62400.000,67697.000,67697.000,105103.000,"12015.2","11832.1",true,true,"tr_30530","XXX---2268736_3","XXX---2268736_3_2",41,0,0,67320.000,67320.000,true,true,0,0,,TRANSFER_MISSED_AFTER_DELAY,false
"247753",munich_resident,pt,pt,PT_NEVER_BOARDED,2796.000,70226.000,70226.000,102574.000,"108858.1","106186.1",false,false,"","","",82,17,0,89520.000,15720.000,false,true,17,0,,NO_COMPATIBLE_CONNECTION,false
"2512387",munich_resident,pt,pt,PT_BOARDED_NOT_ARRIVED,16500.000,74836.000,74836.000,97964.000,"106092","107834",true,true,"tr_40474","XXX---2271999_1","XXX---2271999_1_0",11,10,0,91200.000,16500.000,false,true,10,0,,TRANSFER_MISSED_AFTER_DELAY,false
"2551596",munich_resident,pt,pt,PT_NEVER_BOARDED,1515.000,75386.000,75386.000,97414.000,"109273.1","106273.2",false,false,"","","",3,0,0,14880.000,14880.000,true,true,0,0,,NO_LATER_SERVICE,false
"2564552",munich_resident,pt,pt,PT_NEVER_BOARDED,10480.000,63653.000,63653.000,109147.000,"106267","106048",false,false,"","","",195,57,0,90600.000,15810.000,false,true,57,0,,NO_COMPATIBLE_CONNECTION,false
"2578679",munich_resident,pt,pt,PT_NEVER_BOARDED,4575.000,73482.000,73482.000,99318.000,"108467","106053",false,false,"","","",150,21,0,91950.000,15660.000,false,true,21,0,,NO_COMPATIBLE_CONNECTION,false
"2582687",munich_resident,pt,pt,PT_BOARDED_NOT_ARRIVED,5669.000,57222.000,57222.000,115578.000,"106049.2","106157",true,true,"tr_2872","XXX---162456_109","XXX---162456_109_24",114,47,47,90540.000,90540.000,false,false,47,47,57810.000,COMPATIBLE_SERVICE_NOT_BOARDED,false
"2590698",munich_resident,pt,pt,PT_NEVER_BOARDED,3049.000,74282.000,74282.000,98518.000,"108608","106476",false,false,"","","",145,20,0,91530.000,16590.000,false,true,20,0,,NO_COMPATIBLE_CONNECTION,false
"2591680",munich_resident,pt,pt,PT_BOARDED_NOT_ARRIVED,71400.000,76127.000,76127.000,96673.000,"109809","109727",true,true,"tr_2772","XXX---162456_109","XXX---162456_109_8",57,0,0,76110.000,76110.000,true,true,0,0,,TRANSFER_MISSED_AFTER_DELAY,false
"2597237",munich_resident,pt,pt,PT_NEVER_BOARDED,10137.000,55943.000,55943.000,116857.000,"107252.1","109091",false,false,"","","",4,1,0,91410.000,14790.000,false,true,1,0,,NO_COMPATIBLE_CONNECTION,false
"2606263",munich_resident,pt,pt,PT_BOARDED_NOT_ARRIVED,78780.000,82332.000,82332.000,90468.000,"106091","106645",true,true,"tr_2777","XXX---162456_109","XXX---162456_109_11",168,0,0,81300.000,81300.000,true,true,0,0,,TRANSFER_MISSED_AFTER_DELAY,false
"2615560",munich_resident,pt,pt,PT_NEVER_BOARDED,10904.000,78060.000,78060.000,94740.000,"108941","106054",false,false,"","","",114,13,0,91410.000,14850.000,false,true,13,0,,NO_COMPATIBLE_CONNECTION,false
"2616014",munich_resident,pt,pt,PT_NEVER_BOARDED,11274.000,65187.000,65187.000,107613.000,"106584","107350",false,false,"","","",452,140,37,92280.000,92280.000,false,false,140,37,65310.000,COMPATIBLE_SERVICE_NOT_BOARDED,false
"2623508",munich_resident,pt,pt,PT_NEVER_BOARDED,15243.000,63598.000,63598.000,109202.000,"108858.1","107630.1",false,false,"","","",82,27,22,89520.000,89520.000,false,false,27,22,64230.000,COMPATIBLE_SERVICE_NOT_BOARDED,false
"2623812",munich_resident,pt,pt,PT_NEVER_BOARDED,7497.000,71543.000,71543.000,101257.000,"106352","106050",false,false,"","","",311,56,26,93240.000,93240.000,false,false,56,26,71790.000,COMPATIBLE_SERVICE_NOT_BOARDED,false
"2631556",munich_resident,pt,pt,PT_NEVER_BOARDED,5676.000,72499.000,72499.000,100301.000,"106174","106082",false,false,"","","",222,44,23,90780.000,90780.000,false,false,44,23,72510.000,COMPATIBLE_SERVICE_NOT_BOARDED,false
"2652148",munich_resident,pt,pt,PT_NEVER_BOARDED,15902.000,83518.000,83518.000,89282.000,"108345","106433",false,false,"","","",157,8,8,92280.000,92280.000,false,false,8,8,83883.000,COMPATIBLE_SERVICE_NOT_BOARDED,false
"2669498",munich_resident,pt,pt,PT_NEVER_BOARDED,6747.000,70196.000,70196.000,102604.000,"108523","106434",false,false,"","","",282,44,26,91350.000,91350.000,false,false,44,26,70680.000,COMPATIBLE_SERVICE_NOT_BOARDED,false
"2671027",munich_resident,pt,pt,PT_BOARDED_NOT_ARRIVED,72600.000,73669.000,73669.000,99131.000,"108019","108330",true,true,"tr_56175","XXX---2272106_3","XXX---2272106_3_1",177,32,0,92640.000,72840.000,false,true,32,0,,TRANSFER_MISSED_AFTER_DELAY,false
"2676485",unresolved_background,pt,pt,PT_BOARDED_NOT_ARRIVED,52273.000,54021.000,54021.000,118779.000,"102458.2","146068.1",true,true,"tr_37146","XXX---2270082_3","XXX---2270082_3_18",6,1,0,57900.000,52620.000,false,true,1,0,,TRANSFER_MISSED_AFTER_DELAY,false
"268252",munich_resident,pt,pt,PT_NEVER_BOARDED,9421.000,62858.000,62858.000,109942.000,"106530.1","107257",false,false,"","","",232,64,0,89910.000,17100.000,false,true,64,0,,NO_COMPATIBLE_CONNECTION,false
"268253",munich_resident,pt,pt,PT_NEVER_BOARDED,4998.000,49220.000,49220.000,123580.000,"107866","106078",false,false,"","","",52,22,0,75510.000,16170.000,false,true,22,0,,NO_COMPATIBLE_CONNECTION,false
"2691050",munich_resident,pt,pt,PT_NEVER_BOARDED,69844.000,69939.000,69939.000,102861.000,"106362","109217",false,false,"","","",350,65,0,90600.000,69900.000,false,true,65,0,,NO_COMPATIBLE_CONNECTION,false
"2701482",munich_resident,pt,pt,PT_BOARDED_NOT_ARRIVED,75669.000,80401.000,80401.000,92399.000,"109794.2","106697",true,true,"tr_2855","XXX---162456_109","XXX---162456_109_20",151,9,0,90690.000,75780.000,false,true,9,0,,TRANSFER_MISSED_AFTER_DELAY,false
"2703435",munich_resident,pt,pt,PT_NEVER_BOARDED,2562.000,80267.000,80267.000,92533.000,"108467","106360",false,false,"","","",150,10,0,91950.000,15660.000,false,true,10,0,,NO_COMPATIBLE_CONNECTION,false
"271314",munich_resident,pt,pt,PT_BOARDED_NOT_ARRIVED,60060.000,61511.000,61511.000,111289.000,"143652","136331.1",true,true,"tr_790","XXX---162007_2_1158069900","XXX---162007_2_1158069900_5",2,0,0,61380.000,61380.000,true,true,0,0,,TRANSFER_MISSED_AFTER_DELAY,false
"2713745",munich_resident,pt,pt,PT_NEVER_BOARDED,10163.000,71940.000,71940.000,100860.000,"109295","106235",false,false,"","","",3,0,0,14640.000,14640.000,true,true,0,0,,NO_LATER_SERVICE,false
"2715769",munich_resident,pt,pt,PT_NEVER_BOARDED,4180.000,54515.000,54515.000,118285.000,"108529","106051",false,false,"","","",199,88,0,89400.000,15150.000,false,true,88,0,,NO_COMPATIBLE_CONNECTION,false
"2723072",munich_resident,pt,pt,PT_BOARDED_NOT_ARRIVED,26100.000,75266.000,75266.000,97534.000,"108614.3","108566.4",true,true,"tr_40595","XXX---2271999_1","XXX---2271999_1_4",83,10,10,87600.000,87600.000,false,false,10,10,75543.000,COMPATIBLE_SERVICE_NOT_BOARDED,false
"2732475",munich_resident,pt,pt,PT_BOARDED_NOT_ARRIVED,78300.000,83053.000,83053.000,89747.000,"106952.1","107816",true,true,"tr_2520","XXX---162455_109","XXX---162455_109_0",149,0,0,80640.000,80640.000,true,true,0,0,,TRANSFER_MISSED_AFTER_DELAY,false
"2736893",munich_resident,pt,pt,PT_NEVER_BOARDED,10721.000,70560.000,70560.000,102240.000,"106908","106048",false,false,"","","",113,25,0,89970.000,15270.000,false,true,25,0,,NO_COMPATIBLE_CONNECTION,false
"2741446",munich_resident,pt,pt,PT_NEVER_BOARDED,9041.000,67389.000,67389.000,105411.000,"106274.2","108741",false,false,"","","",4,0,0,16650.000,16650.000,true,true,0,0,,NO_LATER_SERVICE,false
"275371",munich_resident,pt,pt,PT_NEVER_BOARDED,11105.000,49469.000,49469.000,123331.000,"106911","106048",false,false,"","","",113,60,0,90060.000,15330.000,false,true,60,0,,NO_COMPATIBLE_CONNECTION,false
"2755635",munich_resident,pt,pt,PT_NEVER_BOARDED,517.000,72271.000,72271.000,100529.000,"108608","106730",false,false,"","","",145,24,0,91530.000,16590.000,false,true,24,0,,NO_COMPATIBLE_CONNECTION,false
"2761102",munich_resident,pt,pt,PT_NEVER_BOARDED,5869.000,84290.000,84290.000,88510.000,"109500","109664",false,false,"","","",74,6,0,91080.000,48720.000,false,true,6,0,,NO_COMPATIBLE_CONNECTION,false
"2761460",munich_resident,pt,pt,PT_NEVER_BOARDED,2282.000,71564.000,71564.000,101236.000,"107220.1","106278.2",false,false,"","","",4,0,0,14880.000,14880.000,true,true,0,0,,NO_LATER_SERVICE,false
"277089",munich_resident,pt,pt,PT_NEVER_BOARDED,3163.000,72395.000,72395.000,100405.000,"106531.3","106055",false,false,"","","",11,0,0,16410.000,16410.000,true,true,0,0,,NO_LATER_SERVICE,false
"27726",regional_background,pt,pt,PT_NEVER_BOARDED,35071.000,88807.000,88807.000,83993.000,"3513","4167",false,false,"","","",30,0,0,71880.000,71880.000,true,true,0,0,,NO_LATER_SERVICE,false
"2778",regional_background,pt,pt,PT_NEVER_BOARDED,10403.000,106763.000,106763.000,66037.000,"175219.1","102229.4",false,false,"","","",2,0,0,50700.000,22500.000,true,true,0,0,,NO_LATER_SERVICE,false
"280397",munich_resident,pt,pt,PT_BOARDED_NOT_ARRIVED,17940.000,92558.000,92558.000,80242.000,"107995.1","108024",true,true,"tr_39638","XXX---2271996_1","XXX---2271996_1_9",252,0,0,90510.000,90510.000,true,true,0,0,,TRANSFER_MISSED_AFTER_DELAY,false
"2813265",munich_resident,pt,pt,PT_BOARDED_NOT_ARRIVED,77670.000,81192.000,81192.000,91608.000,"109680","109776",true,true,"tr_52295","XXX---2272078_3","XXX---2272078_3_3",18,0,0,79800.000,79800.000,true,true,0,0,,TRANSFER_MISSED_AFTER_DELAY,false
"2837148",munich_resident,pt,pt,PT_NEVER_BOARDED,4896.000,88489.000,88489.000,84311.000,"108574","106273.2",false,false,"","","",87,2,0,90870.000,15750.000,false,true,2,0,,NO_COMPATIBLE_CONNECTION,false
"2841817",munich_resident,pt,pt,PT_NEVER_BOARDED,2502.000,59751.000,59751.000,113049.000,"108672","106051",false,false,"","","",199,72,0,89730.000,15450.000,false,true,72,0,,NO_COMPATIBLE_CONNECTION,false
"2868633",munich_resident,pt,pt,PT_NEVER_BOARDED,3426.000,78653.000,78653.000,94147.000,"106949","106055",false,false,"","","",243,30,0,90660.000,13440.000,false,true,30,0,,NO_COMPATIBLE_CONNECTION,false
"2879507",munich_resident,pt,pt,PT_NEVER_BOARDED,72658.000,74058.000,74058.000,98742.000,"108378.1","108366.1",false,false,"","","",43,0,0,72750.000,72750.000,true,true,0,0,,NO_LATER_SERVICE,false
"28887",regional_background,pt,pt,PT_NEVER_BOARDED,23899.000,79281.000,79281.000,93519.000,"101939.1","102040.2",false,false,"","","",26,2,0,83580.000,63840.000,false,true,2,0,,NO_COMPATIBLE_CONNECTION,false
"290297",munich_resident,pt,pt,PT_NEVER_BOARDED,66880.000,90533.000,90533.000,82267.000,"175997","175506.1",false,false,"","","",53,0,0,84660.000,84660.000,true,true,0,0,,NO_LATER_SERVICE,false
"290399",munich_resident,pt,pt,PT_NEVER_BOARDED,23407.000,80585.000,80585.000,92215.000,"10251","10279.2",false,false,"","","",16,0,0,74280.000,74280.000,true,true,0,0,,NO_LATER_SERVICE,false
"2909877",munich_resident,pt,pt,PT_NEVER_BOARDED,2284.000,73546.000,73546.000,99254.000,"106434.1","108128.1",false,false,"","","",258,41,0,91110.000,14310.000,false,true,41,0,,NO_COMPATIBLE_CONNECTION,false
"2937149",munich_resident,pt,pt,PT_NEVER_BOARDED,9330.000,63904.000,63904.000,108896.000,"108233","106079.2",false,false,"","","",157,45,0,92550.000,16800.000,false,true,45,0,,NO_COMPATIBLE_CONNECTION,false
"294170",munich_resident,pt,pt,PT_NEVER_BOARDED,8131.000,67973.000,67973.000,104827.000,"106359","108447",false,false,"","","",120,31,0,91770.000,12720.000,false,true,31,0,,NO_COMPATIBLE_CONNECTION,false
"2942585",munich_resident,pt,pt,PT_BOARDED_NOT_ARRIVED,5820.000,67574.000,67574.000,105226.000,"106056","106900",true,true,"tr_2841","XXX---162456_109","XXX---162456_109_18",8,0,0,16500.000,16500.000,true,true,0,0,,TRANSFER_MISSED_AFTER_DELAY,false
"2945358",munich_resident,pt,pt,PT_NEVER_BOARDED,5031.000,71811.000,71811.000,100989.000,"108387","106186",false,false,"","","",145,24,0,91050.000,12570.000,false,true,24,0,,NO_COMPATIBLE_CONNECTION,false
"295193",munich_resident,pt,pt,PT_BOARDED_NOT_ARRIVED,86580.000,91459.000,91459.000,81341.000,"108588","109109",true,true,"tr_40038","XXX---2271997_1","XXX---2271997_1_14",104,0,0,90300.000,90300.000,true,true,0,0,,TRANSFER_MISSED_AFTER_DELAY,false
"2961974",munich_resident,pt,pt,PT_NEVER_BOARDED,13138.000,77493.000,77493.000,95307.000,"108836.2","106384",false,false,"","","",4,0,0,17160.000,13560.000,true,true,0,0,,NO_LATER_SERVICE,false
"2967634",munich_resident,pt,pt,PT_NEVER_BOARDED,13578.000,75379.000,75379.000,97421.000,"106399","108778",false,false,"","","",325,48,0,92100.000,14700.000,false,true,48,0,,NO_COMPATIBLE_CONNECTION,false
"2968544",munich_resident,pt,pt,PT_NEVER_BOARDED,7511.000,84170.000,84170.000,88630.000,"106135.1","106384",false,false,"","","",118,7,0,91980.000,14640.000,false,true,7,0,,NO_COMPATIBLE_CONNECTION,false
"298198",munich_resident,pt,pt,PT_NEVER_BOARDED,6743.000,63138.000,63138.000,109662.000,"106920","106048",false,false,"","","",113,37,0,90120.000,15390.000,false,true,37,0,,NO_COMPATIBLE_CONNECTION,false
"298540",munich_resident,pt,pt,PT_NEVER_BOARDED,12029.000,69994.000,69994.000,102806.000,"167614","106055",false,false,"","","",222,47,0,91710.000,16260.000,false,true,47,0,,NO_COMPATIBLE_CONNECTION,false
"2992489",munich_resident,pt,pt,PT_NEVER_BOARDED,68746.000,70833.000,70833.000,101967.000,"107042","106322",false,false,"","","",36,0,0,69360.000,69360.000,true,true,0,0,,NO_LATER_SERVICE,false
"2995159",munich_resident,pt,pt,PT_NEVER_BOARDED,3514.000,86774.000,86774.000,86026.000,"107362","107351.1",false,false,"","","",206,4,0,91110.000,14790.000,false,true,4,0,,NO_COMPATIBLE_CONNECTION,false
"3015642",munich_resident,pt,pt,PT_NEVER_BOARDED,5270.000,80520.000,80520.000,92280.000,"106332","108287.1",false,false,"","","",202,16,0,92220.000,13710.000,false,true,16,0,,NO_COMPATIBLE_CONNECTION,false
"3032491",munich_resident,pt,pt,PT_NEVER_BOARDED,26724.000,94237.000,94237.000,78563.000,"5142","5115.1",false,false,"","","",76,0,0,76320.000,76320.000,true,true,0,0,,NO_LATER_SERVICE,false
"3051414",munich_resident,pt,pt,PT_NEVER_BOARDED,4481.000,84179.000,84179.000,88621.000,"108345","106433",false,false,"","","",157,7,7,92280.000,92280.000,false,false,7,7,85080.000,COMPATIBLE_SERVICE_NOT_BOARDED,false
"306379",munich_resident,pt,pt,PT_NEVER_BOARDED,13143.000,82027.000,82027.000,90773.000,"109102","106054",false,false,"","","",65,8,0,91200.000,13890.000,false,true,8,0,,NO_COMPATIBLE_CONNECTION,false
"306999",munich_resident,pt,pt,PT_NEVER_BOARDED,40194.000,69237.000,69237.000,103563.000,"6047","108614.2",false,false,"","","",36,3,0,79800.000,63240.000,false,true,3,0,,NO_COMPATIBLE_CONNECTION,false
"3094153",munich_resident,pt,pt,PT_NEVER_BOARDED,79284.000,80790.000,80790.000,92010.000,"106952.1","106282.2",false,false,"","","",149,0,0,80640.000,80640.000,true,true,0,0,,NO_LATER_SERVICE,false
"3127870",munich_resident,pt,pt,PT_NEVER_BOARDED,13936.000,82721.000,82721.000,90079.000,"107162","106055",false,false,"","","",116,12,0,90300.000,13980.000,false,true,12,0,,NO_COMPATIBLE_CONNECTION,false
"3146201",munich_resident,pt,pt,PT_BOARDED_NOT_ARRIVED,67920.000,70233.000,70233.000,102567.000,"106677","108508.1",true,true,"tr_42630","XXX---2272010_0","XXX---2272010_0_1",172,26,0,90180.000,70200.000,false,true,26,0,,TRANSFER_MISSED_AFTER_DELAY,false
"3154579",munich_resident,pt,pt,PT_NEVER_BOARDED,6505.000,89001.000,89001.000,83799.000,"106911","106048",false,false,"","","",113,1,0,90060.000,15330.000,false,true,1,0,,NO_COMPATIBLE_CONNECTION,false
"3159750",munich_resident,pt,pt,PT_BOARDED_NOT_ARRIVED,6360.000,18361.000,18361.000,154439.000,"108569","109172",true,true,"tr_3412","XXX---162461_109","XXX---162461_109_13",197,193,0,93060.000,17280.000,false,true,193,0,,TRANSFER_MISSED_AFTER_DELAY,false
"3168562",munich_resident,pt,pt,PT_NEVER_BOARDED,75575.000,76360.000,76360.000,96440.000,"109726","109813",false,false,"","","",54,0,0,75660.000,75660.000,true,true,0,0,,NO_LATER_SERVICE,false
"3172773",munich_resident,pt,pt,PT_NEVER_BOARDED,69440.000,71565.000,71565.000,101235.000,"106666","108430",false,false,"","","",175,24,0,90360.000,70380.000,false,true,24,0,,NO_COMPATIBLE_CONNECTION,false
"3185609",munich_resident,pt,pt,PT_NEVER_BOARDED,7524.000,63550.000,63550.000,109250.000,"106319.2","107752",false,false,"","","",11,0,0,17040.000,17040.000,true,true,0,0,,NO_LATER_SERVICE,false
"318574",munich_resident,pt,pt,PT_NEVER_BOARDED,8397.000,64007.000,64007.000,108793.000,"109102","106054",false,false,"","","",65,22,0,91200.000,13890.000,false,true,22,0,,NO_COMPATIBLE_CONNECTION,false
"3212764",munich_resident,pt,pt,PT_BOARDED_NOT_ARRIVED,5669.000,58421.000,58421.000,114379.000,"106049.2","106157",true,true,"tr_2897","XXX---162456_109","XXX---162456_109_29",114,45,45,90540.000,90540.000,false,false,45,45,59010.000,COMPATIBLE_SERVICE_NOT_BOARDED,false
"3234153",munich_resident,pt,pt,PT_NEVER_BOARDED,16751.000,78394.000,78394.000,94406.000,"106601","108471.1",false,false,"","","",115,14,0,90960.000,16830.000,false,true,14,0,,NO_COMPATIBLE_CONNECTION,false
"323981",munich_resident,pt,pt,PT_BOARDED_NOT_ARRIVED,5640.000,53592.000,53592.000,119208.000,"106056","106905",true,true,"tr_3449","XXX---162461_109","XXX---162461_109_22",8,0,0,16500.000,16500.000,true,true,0,0,,TRANSFER_MISSED_AFTER_DELAY,false
"3258373",munich_resident,pt,pt,PT_NEVER_BOARDED,10037.000,68285.000,68285.000,104515.000,"106382","106052.1",false,false,"","","",75,25,0,90060.000,15030.000,false,true,25,0,,NO_COMPATIBLE_CONNECTION,false
"3269289",munich_resident,pt,pt,PT_NEVER_BOARDED,6879.000,76866.000,76866.000,95934.000,"106278.2","108998",false,false,"","","",12,0,0,16950.000,16740.000,true,true,0,0,,NO_LATER_SERVICE,false
"3271736",munich_resident,pt,pt,PT_NEVER_BOARDED,4151.000,85066.000,85066.000,87734.000,"107781.2","106531.3",false,false,"","","",11,5,0,90750.000,14280.000,false,true,5,0,,NO_COMPATIBLE_CONNECTION,false
"327228",munich_resident,pt,pt,PT_NEVER_BOARDED,28157.000,83423.000,83423.000,89377.000,"108704","106091",false,false,"","","",112,5,0,90360.000,80880.000,false,true,5,0,,NO_COMPATIBLE_CONNECTION,false
"330114",munich_resident,pt,pt,PT_NEVER_BOARDED,9282.000,65157.000,65157.000,107643.000,"106563","106133.2",false,false,"","","",223,69,0,91470.000,14280.000,false,true,69,0,,NO_COMPATIBLE_CONNECTION,false
"3306926",munich_resident,pt,pt,PT_NEVER_BOARDED,7646.000,74425.000,74425.000,98375.000,"107758.4","106055",false,false,"","","",11,8,0,90870.000,14400.000,false,true,8,0,,NO_COMPATIBLE_CONNECTION,false
"3309655",munich_resident,pt,pt,PT_BOARDED_NOT_ARRIVED,24716.000,76816.000,76816.000,95984.000,"108501.1","108710.1",true,true,"tr_39697","XXX---2271996_1","XXX---2271996_1_14",28,0,0,69240.000,69240.000,true,true,0,0,,TRANSFER_MISSED_AFTER_DELAY,false
"3318750",munich_resident,pt,pt,PT_NEVER_BOARDED,5554.000,67307.000,67307.000,105493.000,"106127.1","108775",false,false,"","","",113,28,28,88710.000,88710.000,false,false,28,28,67890.000,COMPATIBLE_SERVICE_NOT_BOARDED,false
"3331180",munich_resident,pt,pt,PT_NEVER_BOARDED,3841.000,83549.000,83549.000,89251.000,"106717","106759",false,false,"","","",305,15,0,92370.000,15300.000,false,true,15,0,,NO_COMPATIBLE_CONNECTION,false
"3365662",munich_resident,pt,pt,PT_BOARDED_NOT_ARRIVED,23280.000,79638.000,79638.000,93162.000,"107074.2","107121",true,true,"tr_39230","XXX---2271995_1","XXX---2271995_1_0",56,0,0,74400.000,74400.000,true,true,0,0,,TRANSFER_MISSED_AFTER_DELAY,false
"3366469",munich_resident,pt,pt,PT_NEVER_BOARDED,4781.000,82978.000,82978.000,89822.000,"109019","106273.2",false,false,"","","",126,7,0,90960.000,14460.000,false,true,7,0,,NO_COMPATIBLE_CONNECTION,false
"3367538",munich_resident,pt,pt,PT_NEVER_BOARDED,5543.000,80411.000,80411.000,92389.000,"106218.2","106048",false,false,"","","",113,9,0,90210.000,15480.000,false,true,9,0,,NO_COMPATIBLE_CONNECTION,false
"3372902",munich_resident,pt,pt,PT_NEVER_BOARDED,5972.000,63461.000,63461.000,109339.000,"107751","108466.1",false,false,"","","",11,8,0,90990.000,14490.000,false,true,8,0,,NO_COMPATIBLE_CONNECTION,false
"3393542",munich_resident,pt,pt,PT_NEVER_BOARDED,3147.000,57485.000,57485.000,115315.000,"107880","106078",false,false,"","","",132,53,0,89970.000,15930.000,false,true,53,0,,NO_COMPATIBLE_CONNECTION,false
"3418261",munich_resident,pt,pt,PT_NEVER_BOARDED,10710.000,63745.000,63745.000,109055.000,"106382.2","108701",false,false,"","","",223,74,0,91590.000,14370.000,false,true,74,0,,NO_COMPATIBLE_CONNECTION,false
"342019",munich_resident,pt,pt,PT_NEVER_BOARDED,4236.000,83455.000,83455.000,89345.000,"106705","106056.1",false,false,"","","",119,6,0,89550.000,15120.000,false,true,6,0,,NO_COMPATIBLE_CONNECTION,false
"3434915",munich_resident,pt,pt,PT_NEVER_BOARDED,4130.000,76546.000,76546.000,96254.000,"107254.1","106055",false,false,"","","",119,17,0,90330.000,15120.000,false,true,17,0,,NO_COMPATIBLE_CONNECTION,false
"3446129",unresolved_background,walk,pt,PT_NEVER_BOARDED,69051.000,69051.000,69051.000,103749.000,"","",false,false,"","","",0,0,0,,,false,false,0,0,,INSUFFICIENT_EVIDENCE,false
"345978",munich_resident,pt,pt,PT_NEVER_BOARDED,7330.000,61102.000,61102.000,111698.000,"106225","107307.1",false,false,"","","",226,78,0,91590.000,17100.000,false,true,78,0,,NO_COMPATIBLE_CONNECTION,false
"346798",munich_resident,pt,pt,PT_NEVER_BOARDED,33603.000,83038.000,83038.000,89762.000,"183121","106654",false,false,"","","",175,6,6,90240.000,90240.000,false,false,6,6,83880.000,COMPATIBLE_SERVICE_NOT_BOARDED,false
"346800",munich_resident,pt,pt,PT_NEVER_BOARDED,4076.000,69920.000,69920.000,102880.000,"106226.1","106055",false,false,"","","",11,0,0,16200.000,16200.000,true,true,0,0,,NO_LATER_SERVICE,false
"348553",munich_resident,pt,pt,PT_NEVER_BOARDED,4287.000,56373.000,56373.000,116427.000,"106662.2","108466",false,false,"","","",1,0,0,5070.000,5070.000,true,true,0,0,,NO_LATER_SERVICE,false
"3489172",munich_resident,pt,pt,PT_NEVER_BOARDED,3655.000,82057.000,82057.000,90743.000,"106602","106250",false,false,"","","",114,7,0,90210.000,15780.000,false,true,7,0,,NO_COMPATIBLE_CONNECTION,false
"349894",munich_resident,pt,pt,PT_NEVER_BOARDED,8389.000,66263.000,66263.000,106537.000,"107619.2","106078",false,false,"","","",3,0,0,16440.000,16440.000,true,true,0,0,,NO_LATER_SERVICE,false
"3508938",munich_resident,pt,pt,PT_BOARDED_NOT_ARRIVED,6480.000,76044.000,76044.000,96756.000,"106055","108287.1",true,true,"tr_3515","XXX---162462_109","XXX---162462_109_11",11,0,0,16770.000,13170.000,true,true,0,0,,TRANSFER_MISSED_AFTER_DELAY,false
"3510660",munich_resident,pt,pt,PT_BOARDED_NOT_ARRIVED,38610.000,90260.000,90260.000,82540.000,"106070","109808",true,true,"tr_41603","XXX---2272005_0","XXX---2272005_0_1",542,0,0,89040.000,89040.000,true,true,0,0,,TRANSFER_MISSED_AFTER_DELAY,false
"3517407",munich_resident,pt,pt,PT_NEVER_BOARDED,15249.000,75818.000,75818.000,96982.000,"107471","107662",false,false,"","","",2,0,0,16590.000,16590.000,true,true,0,0,,NO_LATER_SERVICE,false
"352661",munich_resident,pt,pt,PT_NEVER_BOARDED,9059.000,46073.000,46073.000,126727.000,"108746","106345",false,false,"","","",145,86,0,91410.000,16470.000,false,true,86,0,,NO_COMPATIBLE_CONNECTION,false
"3527193",munich_resident,pt,pt,PT_NEVER_BOARDED,4000.000,76979.000,76979.000,95821.000,"106355.1","106052.1",false,false,"","","",113,15,0,90180.000,15690.000,false,true,15,0,,NO_COMPATIBLE_CONNECTION,false
"3537446",munich_resident,pt,pt,PT_NEVER_BOARDED,14174.000,80649.000,80649.000,92151.000,"180819","108506",false,false,"","","",220,19,0,91560.000,15420.000,false,true,19,0,,NO_COMPATIBLE_CONNECTION,false
"353870",munich_resident,pt,pt,PT_NEVER_BOARDED,6779.000,52384.000,52384.000,120416.000,"167614","109274.1",false,false,"","","",222,106,0,91710.000,15480.000,false,true,106,0,,NO_COMPATIBLE_CONNECTION,false
"3539050",munich_resident,pt,pt,PT_NEVER_BOARDED,44646.000,47499.000,47499.000,125301.000,"12832.1","12795.7",false,false,"","","",1,0,0,45780.000,45780.000,true,true,0,0,,NO_LATER_SERVICE,false
"354966",munich_resident,pt,pt,PT_NEVER_BOARDED,4002.000,60138.000,60138.000,112662.000,"107829.1","106055",false,false,"","","",3,0,0,13650.000,13650.000,true,true,0,0,,NO_LATER_SERVICE,false
"3551962",munich_resident,pt,pt,PT_NEVER_BOARDED,10047.000,89117.000,89117.000,83683.000,"109213","106273.2",false,false,"","","",78,4,0,91140.000,13830.000,false,true,4,0,,NO_COMPATIBLE_CONNECTION,false
"3572260",munich_resident,pt,pt,PT_NEVER_BOARDED,9263.000,74215.000,74215.000,98585.000,"109956","109388",false,false,"","","",196,19,0,90750.000,16650.000,false,true,19,0,,NO_COMPATIBLE_CONNECTION,false
"3574496",munich_resident,pt,pt,PT_NEVER_BOARDED,2022.000,88957.000,88957.000,83843.000,"107763","107252.1",false,false,"","","",214,4,1,90960.000,90930.000,false,false,4,1,90930.000,COMPATIBLE_SERVICE_NOT_BOARDED,false
"3589220",munich_resident,pt,pt,PT_NEVER_BOARDED,4929.000,86691.000,86691.000,86109.000,"11637","106120.4",false,false,"","","",1,0,0,15930.000,15930.000,true,true,0,0,,NO_LATER_SERVICE,false
"3590076",munich_resident,pt,pt,PT_NEVER_BOARDED,11929.000,69350.000,69350.000,103450.000,"106312.1","108447",false,false,"","","",4,0,0,17100.000,13500.000,true,true,0,0,,NO_LATER_SERVICE,false
"3596361",munich_resident,pt,pt,PT_NEVER_BOARDED,3630.000,78809.000,78809.000,93991.000,"106154","106877",false,false,"","","",4,0,0,16860.000,16860.000,true,true,0,0,,NO_LATER_SERVICE,false
"3603142",munich_resident,pt,pt,PT_NEVER_BOARDED,8689.000,66271.000,66271.000,106529.000,"107813","106055",false,false,"","","",72,28,0,90480.000,14130.000,false,true,28,0,,NO_COMPATIBLE_CONNECTION,false
"36152",regional_background,walk,pt,PT_NEVER_BOARDED,83927.000,83927.000,83927.000,88873.000,"","",false,false,"","","",0,0,0,,,false,false,0,0,,INSUFFICIENT_EVIDENCE,false
"3623060",munich_resident,pt,pt,PT_NEVER_BOARDED,69132.000,73460.000,73460.000,99340.000,"108711","108501",false,false,"","","",29,0,0,69150.000,69150.000,true,true,0,0,,NO_LATER_SERVICE,false
"3623601",regional_background,pt,pt,PT_NEVER_BOARDED,67393.000,69316.000,69316.000,103484.000,"22801","22820.1",false,false,"","","",18,3,3,77460.000,77460.000,false,false,3,3,70560.000,COMPATIBLE_SERVICE_NOT_BOARDED,false
"362724",munich_resident,pt,pt,PT_BOARDED_NOT_ARRIVED,5100.000,80653.000,80653.000,92147.000,"106949","107821.2",true,true,"tr_2570","XXX---162455_109","XXX---162455_109_2",243,26,0,90660.000,13440.000,false,true,26,0,,TRANSFER_MISSED_AFTER_DELAY,false
"3638136",munich_resident,pt,pt,PT_NEVER_BOARDED,8436.000,64982.000,64982.000,107818.000,"106052.2","109346",false,false,"","","",4,0,0,16530.000,16530.000,true,true,0,0,,NO_LATER_SERVICE,false
"3639180",munich_resident,pt,pt,PT_NEVER_BOARDED,9843.000,77239.000,77239.000,95561.000,"108608","106691",false,false,"","","",145,15,0,91530.000,16590.000,false,true,15,0,,NO_COMPATIBLE_CONNECTION,false
"3640793",munich_resident,pt,pt,PT_BOARDED_NOT_ARRIVED,6540.000,80859.000,80859.000,91941.000,"6892.4","7309",true,true,"tr_2584","XXX---162455_109","XXX---162455_109_5",48,3,0,86160.000,13140.000,false,true,3,0,,TRANSFER_MISSED_AFTER_DELAY,false
"364839",munich_resident,pt,pt,PT_BOARDED_NOT_ARRIVED,5760.000,54912.000,54912.000,117888.000,"106055.1","109098",true,true,"tr_3618","XXX---162462_109","XXX---162462_109_26",1,0,0,5760.000,5760.000,true,true,0,0,,TRANSFER_MISSED_AFTER_DELAY,false
"365349",munich_resident,pt,pt,PT_NEVER_BOARDED,9414.000,72032.000,72032.000,100768.000,"106078.1","106319.2",false,false,"","","",13,0,0,22890.000,13530.000,true,true,0,0,,NO_LATER_SERVICE,false
"366057",munich_resident,pt,pt,PT_NEVER_BOARDED,8328.000,51039.000,51039.000,121761.000,"106249","106048",false,false,"","","",114,59,0,90390.000,15630.000,false,true,59,0,,NO_COMPATIBLE_CONNECTION,false
"368684",munich_resident,pt,pt,PT_NEVER_BOARDED,35755.000,87439.000,87439.000,85361.000,"5974","106064",false,false,"","","",76,0,0,86220.000,86220.000,true,true,0,0,,NO_LATER_SERVICE,false
"3695844",regional_background,pt,pt,PT_NEVER_BOARDED,48951.000,52803.000,52803.000,119997.000,"157549.1","102083.5",false,false,"","","",2,0,0,50520.000,50520.000,true,true,0,0,,NO_LATER_SERVICE,false
"3704404",regional_background,pt,pt,PT_BOARDED_NOT_ARRIVED,67140.000,71862.000,71862.000,100938.000,"106077.2","102385.1",true,true,"tr_2741","XXX---162456_109","XXX---162456_109_1",35,1,0,72240.000,71520.000,false,true,1,0,,TRANSFER_MISSED_AFTER_DELAY,false
"3726919",regional_background,pt,pt,PT_NEVER_BOARDED,61429.000,66864.000,66864.000,105936.000,"136946","137242.1",false,false,"","","",5,0,0,64140.000,64140.000,true,true,0,0,,NO_LATER_SERVICE,false
"3729454",regional_background,pt,pt,PT_BOARDED_NOT_ARRIVED,45600.000,55916.000,55916.000,116884.000,"139255.1","22824.1",true,true,"tr_17817","XXX---2255113_3","XXX---2255113_3_10",3,0,0,45600.000,45600.000,true,true,0,0,,TRANSFER_MISSED_AFTER_DELAY,false
"3754653",regional_background,pt,pt,PT_NEVER_BOARDED,57553.000,64978.000,64978.000,107822.000,"143755","139267.1",false,false,"","","",2,0,0,58620.000,58620.000,true,true,0,0,,NO_LATER_SERVICE,false
"376390",munich_resident,pt,pt,PT_NEVER_BOARDED,4118.000,67327.000,67327.000,105473.000,"106145","106056.1",false,false,"","","",4,0,0,15720.000,15720.000,true,true,0,0,,NO_LATER_SERVICE,false
"378038",munich_resident,pt,pt,PT_NEVER_BOARDED,9684.000,78039.000,78039.000,94761.000,"106368","106381.1",false,false,"","","",115,14,13,91590.000,91590.000,false,false,14,13,78390.000,COMPATIBLE_SERVICE_NOT_BOARDED,false
"379409",munich_resident,pt,pt,PT_NEVER_BOARDED,12041.000,64668.000,64668.000,108132.000,"109964","106748",false,false,"","","",8,0,0,16740.000,16740.000,true,true,0,0,,NO_LATER_SERVICE,false
"379923",munich_resident,pt,pt,PT_NEVER_BOARDED,4544.000,55767.000,55767.000,117033.000,"106359","106055",false,false,"","","",120,51,0,91770.000,16320.000,false,true,51,0,,NO_COMPATIBLE_CONNECTION,false
"3800677",regional_background,pt,pt,PT_NEVER_BOARDED,68771.000,70247.000,70247.000,102553.000,"127352","102239",false,false,"","","",12,0,0,68940.000,68940.000,true,true,0,0,,NO_LATER_SERVICE,false
"3810829",regional_background,pt,pt,PT_NEVER_BOARDED,55086.000,57566.000,57566.000,115234.000,"175551.2","175506",false,false,"","","",10,2,0,58020.000,55320.000,false,true,2,0,,NO_COMPATIBLE_CONNECTION,false
"38303",regional_background,pt,pt,PT_NEVER_BOARDED,59280.000,59280.000,59280.000,113520.000,"4203.1","3654",false,false,"","","",5,1,1,59280.000,59280.000,false,false,1,1,59280.000,COMPATIBLE_SERVICE_NOT_BOARDED,false
"384706",munich_resident,pt,pt,PT_NEVER_BOARDED,4248.000,69983.000,69983.000,102817.000,"106705","109962",false,false,"","","",119,22,0,89550.000,15120.000,false,true,22,0,,NO_COMPATIBLE_CONNECTION,false
"3898620",regional_background,pt,pt,PT_BOARDED_NOT_ARRIVED,19620.000,75316.000,75316.000,97484.000,"127634","127403",true,true,"tr_13758","XXX---2249918_0","XXX---2249918_0_9",32,0,0,74580.000,72960.000,true,true,0,0,,TRANSFER_MISSED_AFTER_DELAY,false
"390001",munich_resident,pt,pt,PT_BOARDED_NOT_ARRIVED,15840.000,56902.000,56902.000,115898.000,"107351","106226.1",true,true,"tr_41082","XXX---2272000_1","XXX---2272000_1_25",115,48,0,91380.000,16050.000,false,true,48,0,,TRANSFER_MISSED_AFTER_DELAY,false
"391782",munich_resident,pt,pt,PT_NEVER_BOARDED,3049.000,75703.000,75703.000,97097.000,"105915.1","11840.4",false,false,"","","",48,0,0,73380.000,73380.000,true,true,0,0,,NO_LATER_SERVICE,false
"393677",munich_resident,pt,pt,PT_BOARDED_NOT_ARRIVED,5269.000,67651.000,67651.000,105149.000,"106215.1","106584",true,true,"tr_3594","XXX---162462_109","XXX---162462_109_25",4,0,0,17700.000,17700.000,true,true,0,0,,TRANSFER_MISSED_AFTER_DELAY,false
"394785",munich_resident,pt,pt,PT_NEVER_BOARDED,11025.000,76558.000,76558.000,96242.000,"167614","106332",false,false,"","","",222,27,0,91710.000,16260.000,false,true,27,0,,NO_COMPATIBLE_CONNECTION,false
"3956779",regional_background,pt,pt,PT_NEVER_BOARDED,59589.000,100215.000,100215.000,72585.000,"12738","13194.1",false,false,"","","",3,0,0,60420.000,60420.000,true,true,0,0,,NO_LATER_SERVICE,false
"397679",munich_resident,pt,pt,PT_NEVER_BOARDED,13795.000,64443.000,64443.000,108357.000,"107746","107539",false,false,"","","",64,22,0,90510.000,16290.000,false,true,22,0,,NO_COMPATIBLE_CONNECTION,false
"3977704",regional_background,pt,pt,PT_BOARDED_NOT_ARRIVED,67800.000,67833.000,67833.000,104967.000,"127637","145503",true,true,"tr_19525","XXX---2267013_3","XXX---2267013_3_2",33,0,0,67806.000,67806.000,true,true,0,0,,TRANSFER_MISSED_AFTER_DELAY,false
"400053",munich_resident,pt,pt,PT_NEVER_BOARDED,7318.000,62935.000,62935.000,109865.000,"106339","106050",false,false,"","","",311,98,54,93060.000,93060.000,false,false,98,54,63150.000,COMPATIBLE_SERVICE_NOT_BOARDED,false
"4024137",regional_background,pt,pt,PT_NEVER_BOARDED,73423.000,74937.000,74937.000,97863.000,"127169","127259",false,false,"","","",21,0,0,73440.000,73440.000,true,true,0,0,,NO_LATER_SERVICE,false
"403415",munich_resident,pt,pt,PT_NEVER_BOARDED,12837.000,48953.000,48953.000,123847.000,"106697.1","106100",false,false,"","","",4,0,0,15060.000,15060.000,true,true,0,0,,NO_LATER_SERVICE,false
"4041829",regional_background,pt,pt,PT_BOARDED_NOT_ARRIVED,62833.000,66260.000,66260.000,106540.000,"102066.1","104718",true,true,"tr_4487","XXX---1850879_2","XXX---1850879_2_3",24,2,0,72300.000,63240.000,false,true,2,0,,TRANSFER_MISSED_AFTER_DELAY,false
"406348",munich_resident,pt,pt,PT_NEVER_BOARDED,7815.000,61631.000,61631.000,111169.000,"106375","106052.1",false,false,"","","",115,41,0,93900.000,15180.000,false,true,41,0,,NO_COMPATIBLE_CONNECTION,false
"4071350",regional_background,pt,pt,PT_NEVER_BOARDED,70918.000,74529.000,74529.000,98271.000,"173508","127234.1",false,false,"","","",63,0,0,73320.000,73320.000,true,true,0,0,,NO_LATER_SERVICE,false
"4095730",regional_background,pt,pt,PT_NEVER_BOARDED,60791.000,60871.000,60871.000,111929.000,"127172","127282",false,false,"","","",4,0,0,60840.000,60840.000,true,true,0,0,,NO_LATER_SERVICE,false
"414650",munich_resident,pt,pt,PT_NEVER_BOARDED,3602.000,65034.000,65034.000,107766.000,"6234","6046.4",false,false,"","","",13,1,0,67980.000,58440.000,false,true,1,0,,NO_COMPATIBLE_CONNECTION,false
"4153276",regional_background,pt,pt,PT_BOARDED_NOT_ARRIVED,55980.000,69114.000,69114.000,103686.000,"10565.4","10317.2",true,true,"tr_26201","XXX---2268614_3","XXX---2268614_3_1",7,0,0,66660.000,57900.000,true,true,0,0,,TRANSFER_MISSED_AFTER_DELAY,false
"4169509",regional_background,pt,pt,PT_NEVER_BOARDED,72659.000,72999.000,72999.000,99801.000,"161124","101716.1",false,false,"","","",16,0,0,72660.000,72660.000,true,true,0,0,,NO_LATER_SERVICE,false
"4210583",regional_background,pt,pt,PT_BOARDED_NOT_ARRIVED,58440.000,65658.000,65658.000,107142.000,"104345","10605",true,true,"tr_875","XXX---162007_2_1158070147","XXX---162007_2_1158070147_6",32,0,0,64140.000,60420.000,true,true,0,0,,TRANSFER_MISSED_AFTER_DELAY,false
"4214367",unresolved_background,pt,pt,PT_BOARDED_NOT_ARRIVED,72360.000,72672.000,72672.000,100128.000,"101673","101829.2",true,true,"tr_14311","XXX---2249920_0","XXX---2249920_0_4",20,0,0,72540.000,72540.000,true,true,0,0,,TRANSFER_MISSED_AFTER_DELAY,false
"4217275",regional_background,pt,pt,PT_BOARDED_NOT_ARRIVED,50054.000,64880.000,64880.000,107920.000,"6046.1","10576",true,true,"tr_3036","XXX---162458_109","XXX---162458_109_16",11,1,0,70740.000,51600.000,false,true,1,0,,TRANSFER_MISSED_AFTER_DELAY,false
"4271648",regional_background,pt,pt,PT_BOARDED_NOT_ARRIVED,63780.000,67326.000,67326.000,105474.000,"10272","10428",true,true,"tr_33122","XXX---2268782_3","XXX---2268782_3_3",12,0,0,67320.000,67320.000,true,true,0,0,,TRANSFER_MISSED_AFTER_DELAY,false
"4275075",regional_background,pt,pt,PT_NEVER_BOARDED,66027.000,68671.000,68671.000,104129.000,"6932.2","12985",false,false,"","","",9,0,0,67860.000,67860.000,true,true,0,0,,NO_LATER_SERVICE,false
"4286959",regional_background,pt,pt,PT_BOARDED_NOT_ARRIVED,69240.000,72736.000,72736.000,100064.000,"10412.3","10272.1",true,true,"tr_32757","XXX---2268775_3","XXX---2268775_3_0",1,0,0,69900.000,69900.000,true,true,0,0,,TRANSFER_MISSED_AFTER_DELAY,false
"4292751",regional_background,pt,pt,PT_NEVER_BOARDED,63689.000,68377.000,68377.000,104423.000,"135754","104422.1",false,false,"","","",27,0,0,66720.000,64080.000,true,true,0,0,,NO_LATER_SERVICE,false
"429778",munich_resident,pt,pt,PT_NEVER_BOARDED,26418.000,84906.000,84906.000,87894.000,"107273","107220",false,false,"","","",104,4,0,90090.000,81690.000,false,true,4,0,,NO_COMPATIBLE_CONNECTION,false
"4302598",regional_background,pt,pt,PT_BOARDED_NOT_ARRIVED,58260.000,63015.000,63015.000,109785.000,"13154.1","13194.1",true,true,"tr_28903","XXX---2268699_3","XXX---2268699_3_4",8,0,0,59940.000,59940.000,true,true,0,0,,TRANSFER_MISSED_AFTER_DELAY,false
"4310923",regional_background,pt,pt,PT_BOARDED_NOT_ARRIVED,44760.000,50748.000,50748.000,122052.000,"149765.4","13172",true,true,"tr_2813","XXX---162456_109","XXX---162456_109_12",9,0,0,46500.000,46500.000,true,true,0,0,,TRANSFER_MISSED_AFTER_DELAY,false
"4312450",regional_background,pt,pt,PT_NEVER_BOARDED,17915.000,117249.000,117249.000,55551.000,"109204","106061",false,false,"","","",161,0,0,89820.000,89820.000,true,true,0,0,,NO_LATER_SERVICE,false
"4333392",regional_background,pt,pt,PT_BOARDED_NOT_ARRIVED,79020.000,83673.000,83673.000,89127.000,"10275","10298.1",true,true,"tr_3411","XXX---162461_109","XXX---162461_109_13",54,1,0,86460.000,82800.000,false,true,1,0,,TRANSFER_MISSED_AFTER_DELAY,false
"4342833",regional_background,pt,pt,PT_BOARDED_NOT_ARRIVED,86820.000,87928.000,87928.000,84872.000,"106060","62583",true,true,"tr_40751","XXX---2272000_1","XXX---2272000_1_0",541,1,0,89220.000,87000.000,false,true,1,0,,TRANSFER_MISSED_AFTER_DELAY,false
"4349541",regional_background,pt,pt,PT_NEVER_BOARDED,19469.000,87767.000,87767.000,85033.000,"10462.1","10274.1",false,false,"","","",10,0,0,68880.000,68880.000,true,true,0,0,,NO_LATER_SERVICE,false
"435520",munich_resident,pt,pt,PT_NEVER_BOARDED,24821.000,86026.000,86026.000,86774.000,"62639.2","11599.4",false,false,"","","",21,0,0,70560.000,70560.000,true,true,0,0,,NO_LATER_SERVICE,false
"4360384",regional_background,pt,pt,PT_BOARDED_NOT_ARRIVED,52860.000,57322.000,57322.000,115478.000,"10681.6","10247.1",true,true,"tr_26202","XXX---2268614_3","XXX---2268614_3_1",4,0,0,56220.000,56220.000,true,true,0,0,,TRANSFER_MISSED_AFTER_DELAY,false
"4361481",regional_background,pt,pt,PT_BOARDED_NOT_ARRIVED,69360.000,76414.000,76414.000,96386.000,"10276","10254.1",true,true,"tr_3401","XXX---162461_109","XXX---162461_109_12",21,0,0,73260.000,73260.000,true,true,0,0,,TRANSFER_MISSED_AFTER_DELAY,false
"4386016",regional_background,pt,pt,PT_BOARDED_NOT_ARRIVED,54436.000,58153.000,58153.000,114647.000,"9624.1","9923",true,true,"tr_791","XXX---162007_2_1158069900","XXX---162007_2_1158069900_5",3,0,0,55320.000,55320.000,true,true,0,0,,TRANSFER_MISSED_AFTER_DELAY,false
"4386935",regional_background,pt,pt,PT_BOARDED_NOT_ARRIVED,57300.000,63237.000,63237.000,109563.000,"12797","13004",true,true,"tr_2793","XXX---162456_109","XXX---162456_109_11",2,0,0,59040.000,59040.000,true,true,0,0,,TRANSFER_MISSED_AFTER_DELAY,false
"4390825",regional_background,pt,pt,PT_BOARDED_NOT_ARRIVED,49560.000,60307.000,60307.000,112493.000,"13453.2","14103.1",true,true,"tr_34285","XXX---2268805_3","XXX---2268805_3_1",1,0,0,55260.000,55260.000,true,true,0,0,,TRANSFER_MISSED_AFTER_DELAY,false
"4393616",regional_background,pt,pt,PT_BOARDED_NOT_ARRIVED,43260.000,72008.000,72008.000,100792.000,"13960.1","14029",true,true,"tr_21047","XXX---2268548_3","XXX---2268548_3_3",4,0,0,58680.000,55500.000,true,true,0,0,,TRANSFER_MISSED_AFTER_DELAY,false
"4394413",regional_background,pt,pt,PT_BOARDED_NOT_ARRIVED,47340.000,54466.000,54466.000,118334.000,"12928","13985",true,true,"tr_2829","XXX---162456_109","XXX---162456_109_15",53,21,0,80340.000,48060.000,false,true,21,0,,TRANSFER_MISSED_AFTER_DELAY,false
"4399415",regional_background,pt,pt,PT_NEVER_BOARDED,68284.000,71519.000,71519.000,101281.000,"109033","106109",false,false,"","","",174,26,0,93210.000,71430.000,false,true,26,0,,NO_COMPATIBLE_CONNECTION,false
"441307",munich_resident,pt,pt,PT_NEVER_BOARDED,2644.000,74237.000,74237.000,98563.000,"5126.1","106280",false,false,"","","",29,0,0,68580.000,68580.000,true,true,0,0,,NO_LATER_SERVICE,false
"4425925",regional_background,pt,pt,PT_NEVER_BOARDED,15179.000,82476.000,82476.000,90324.000,"145305","145131",false,false,"","","",77,3,0,86400.000,71760.000,false,true,3,0,,NO_COMPATIBLE_CONNECTION,false
"4426883",regional_background,pt,pt,PT_BOARDED_NOT_ARRIVED,62700.000,66246.000,66246.000,106554.000,"13063.2","13671",true,true,"tr_2826","XXX---162456_109","XXX---162456_109_15",11,0,0,66120.000,62820.000,true,true,0,0,,TRANSFER_MISSED_AFTER_DELAY,false
"4430029",regional_background,pt,pt,PT_BOARDED_NOT_ARRIVED,61560.000,65148.000,65148.000,107652.000,"149765.1","169227.2",true,true,"tr_2792","XXX---162456_109","XXX---162456_109_11",24,4,0,79800.000,61680.000,false,true,4,0,,TRANSFER_MISSED_AFTER_DELAY,false
"4446377",regional_background,pt,pt,PT_BOARDED_NOT_ARRIVED,81214.000,87089.000,87089.000,85711.000,"12797.1","13401.2",true,true,"tr_2766","XXX---162456_109","XXX---162456_109_5",111,0,0,84060.000,84060.000,true,true,0,0,,TRANSFER_MISSED_AFTER_DELAY,false
"4458739",regional_background,pt,pt,PT_NEVER_BOARDED,62227.000,72204.000,72204.000,100596.000,"7984","8303",false,false,"","","",6,0,0,69720.000,69720.000,true,true,0,0,,NO_LATER_SERVICE,false
"4461161",regional_background,pt,pt,PT_NEVER_BOARDED,30575.000,137829.000,137829.000,34971.000,"127517.2","101714.1",false,false,"","","",147,0,0,86520.000,86520.000,true,true,0,0,,NO_LATER_SERVICE,false
"4461444",regional_background,pt,pt,PT_NEVER_BOARDED,69543.000,70139.000,70139.000,102661.000,"9560.5","9567",false,false,"","","",6,0,0,69960.000,69960.000,true,true,0,0,,NO_LATER_SERVICE,false
"4464885",regional_background,pt,pt,PT_BOARDED_NOT_ARRIVED,44580.000,50568.000,50568.000,122232.000,"12853","13960.4",true,true,"tr_2813","XXX---162456_109","XXX---162456_109_12",2,0,0,47640.000,44880.000,true,true,0,0,,TRANSFER_MISSED_AFTER_DELAY,false
"4470217",regional_background,pt,pt,PT_BOARDED_NOT_ARRIVED,58740.000,67105.000,67105.000,105695.000,"12823","13963",true,true,"tr_2790","XXX---162456_109","XXX---162456_109_11",5,1,1,71940.000,71940.000,false,false,1,1,71944.000,COMPATIBLE_SERVICE_NOT_BOARDED,false
"4478707",regional_background,pt,pt,PT_BOARDED_NOT_ARRIVED,70850.000,76803.000,76803.000,95997.000,"9358.2","9529.2",true,true,"tr_2864","XXX---162456_109","XXX---162456_109_22",93,7,0,85380.000,74700.000,false,true,7,0,,TRANSFER_MISSED_AFTER_DELAY,false
"4481867",regional_background,pt,pt,PT_NEVER_BOARDED,74184.000,76393.000,76393.000,96407.000,"107830","13205",false,false,"","","",44,0,0,74310.000,74310.000,true,true,0,0,,NO_LATER_SERVICE,false
"448352",munich_resident,pt,pt,PT_NEVER_BOARDED,9541.000,81476.000,81476.000,91324.000,"108673.1","106081.1",false,false,"","","",93,7,0,92370.000,17460.000,false,true,7,0,,NO_COMPATIBLE_CONNECTION,false
"4486103",regional_background,walk,pt,PT_NEVER_BOARDED,74693.000,124927.000,124927.000,47873.000,"","",false,false,"","","",0,0,0,,,false,false,0,0,,INSUFFICIENT_EVIDENCE,false
"4500598",regional_background,pt,pt,PT_BOARDED_NOT_ARRIVED,64020.000,69897.000,69897.000,102903.000,"9628","149601",true,true,"tr_3312","XXX---162460_109","XXX---162460_109_31",5,0,0,66000.000,66000.000,true,true,0,0,,TRANSFER_MISSED_AFTER_DELAY,false
"4507193",regional_background,pt,pt,PT_BOARDED_NOT_ARRIVED,57300.000,60846.000,60846.000,111954.000,"13064","13674.1",true,true,"tr_2754","XXX---162456_109","XXX---162456_109_3",15,0,0,58020.000,57960.000,true,true,0,0,,TRANSFER_MISSED_AFTER_DELAY,false
"4512663",regional_background,pt,pt,PT_BOARDED_NOT_ARRIVED,75960.000,77097.000,77097.000,95703.000,"9624","9913",true,true,"tr_3310","XXX---162460_109","XXX---162460_109_31",20,0,0,76200.000,76200.000,true,true,0,0,,TRANSFER_MISSED_AFTER_DELAY,false
"451335",regional_background,walk,pt,PT_NEVER_BOARDED,43246.000,108623.000,108623.000,64177.000,"","",false,false,"","","",0,0,0,,,false,false,0,0,,INSUFFICIENT_EVIDENCE,false
"4518536",regional_background,pt,pt,PT_BOARDED_NOT_ARRIVED,47647.000,58397.000,58397.000,114403.000,"142444.1","9653.1",true,true,"tr_26912","XXX---2268635_3","XXX---2268635_3_8",79,33,16,88260.000,88260.000,false,false,33,16,59460.000,COMPATIBLE_SERVICE_NOT_BOARDED,false
"4524205",regional_background,pt,pt,PT_NEVER_BOARDED,58476.000,73883.000,73883.000,98917.000,"21947","4174.2",false,false,"","","",49,2,0,85560.000,71040.000,false,true,2,0,,NO_COMPATIBLE_CONNECTION,false
"4525340",regional_background,pt,pt,PT_NEVER_BOARDED,20313.000,89117.000,89117.000,83683.000,"168518","102338.1",false,false,"","","",15,0,0,71340.000,71340.000,true,true,0,0,,NO_LATER_SERVICE,false
"453603",munich_resident,pt,pt,PT_NEVER_BOARDED,16098.000,75449.000,75449.000,97351.000,"13544","106128.1",false,false,"","","",24,0,0,70860.000,42660.000,true,true,0,0,,NO_LATER_SERVICE,false
"4558351",regional_background,pt,pt,PT_BOARDED_NOT_ARRIVED,75425.000,79437.000,79437.000,93363.000,"142500.1","12901",true,true,"tr_42404","XXX---2272009_0","XXX---2272009_0_3",229,10,0,86640.000,75840.000,false,true,10,0,,TRANSFER_MISSED_AFTER_DELAY,false
"4567989",regional_background,pt,pt,PT_BOARDED_NOT_ARRIVED,66300.000,68620.000,68620.000,104180.000,"107993.2","142444.1",true,true,"tr_39713","XXX---2271996_1","XXX---2271996_1_14",101,24,15,87660.000,87660.000,false,false,24,15,69780.000,COMPATIBLE_SERVICE_NOT_BOARDED,false
"4568676",regional_background,pt,pt,PT_NEVER_BOARDED,75819.000,85415.000,85415.000,87385.000,"4078.1","162136",false,false,"","","",15,0,0,80700.000,80640.000,true,true,0,0,,NO_LATER_SERVICE,false
"457183",munich_resident,pt,pt,PT_BOARDED_NOT_ARRIVED,68460.000,71994.000,71994.000,100806.000,"108507","106645",true,true,"tr_3363","XXX---162461_109","XXX---162461_109_6",242,23,0,90300.000,70260.000,false,true,23,0,,TRANSFER_MISSED_AFTER_DELAY,false
"4575858",regional_background,walk,pt,PT_NEVER_BOARDED,31861.000,157333.000,157333.000,15467.000,"","",false,false,"","","",0,0,0,,,false,false,0,0,,INSUFFICIENT_EVIDENCE,false
"4578750",regional_background,pt,pt,PT_BOARDED_NOT_ARRIVED,53820.000,60730.000,60730.000,112070.000,"102385.7","106077.5",true,true,"tr_17130","XXX---2255043_3","XXX---2255043_3_1",7,1,1,63540.000,63540.000,false,false,1,1,63705.000,COMPATIBLE_SERVICE_NOT_BOARDED,false
"4599420",regional_background,pt,pt,PT_NEVER_BOARDED,28167.000,70430.000,70430.000,102370.000,"5470","5491.1",false,false,"","","",105,22,0,91380.000,28980.000,false,true,22,0,,NO_COMPATIBLE_CONNECTION,false
"4601534",regional_background,pt,pt,PT_BOARDED_NOT_ARRIVED,75960.000,80697.000,80697.000,92103.000,"9624","9923",true,true,"tr_3309","XXX---162460_109","XXX---162460_109_31",20,0,0,76200.000,76200.000,true,true,0,0,,TRANSFER_MISSED_AFTER_DELAY,false
"4603470",regional_background,pt,pt,PT_NEVER_BOARDED,60799.000,71010.000,71010.000,101790.000,"104291.2","101850.4",false,false,"","","",13,0,0,69600.000,62940.000,true,true,0,0,,NO_LATER_SERVICE,false
"4619554",regional_background,pt,pt,PT_BOARDED_NOT_ARRIVED,65340.000,72671.000,72671.000,100129.000,"102385.4","9627",true,true,"tr_17137","XXX---2255043_3","XXX---2255043_3_3",22,4,0,84240.000,70320.000,false,true,4,0,,TRANSFER_MISSED_AFTER_DELAY,false
"462681",munich_resident,pt,pt,PT_NEVER_BOARDED,7108.000,73515.000,73515.000,99285.000,"107941","106163",false,false,"","","",114,19,18,89580.000,88380.000,false,false,19,18,73650.000,COMPATIBLE_SERVICE_NOT_BOARDED,false
"4640033",regional_background,pt,pt,PT_BOARDED_NOT_ARRIVED,26428.000,76782.000,76782.000,96018.000,"9560.4","9396",true,true,"tr_2864","XXX---162456_109","XXX---162456_109_22",6,0,0,47520.000,47520.000,true,true,0,0,,TRANSFER_MISSED_AFTER_DELAY,false
"464756",munich_resident,pt,pt,PT_NEVER_BOARDED,11986.000,64768.000,64768.000,108032.000,"106154","106900",false,false,"","","",4,0,0,16860.000,16860.000,true,true,0,0,,NO_LATER_SERVICE,false
"4656122",regional_background,pt,pt,PT_NEVER_BOARDED,67066.000,68192.000,68192.000,104608.000,"106077.9","9551.2",false,false,"","","",537,137,15,90060.000,87360.000,false,false,137,15,69360.000,COMPATIBLE_SERVICE_NOT_BOARDED,false
"4660276",regional_background,pt,pt,PT_NEVER_BOARDED,50897.000,51712.000,51712.000,121088.000,"8926","8906",false,false,"","","",9,2,2,62520.000,62520.000,false,false,2,2,54120.000,COMPATIBLE_SERVICE_NOT_BOARDED,false
"466498",munich_resident,pt,pt,PT_NEVER_BOARDED,4027.000,57959.000,57959.000,114841.000,"167614","108231",false,false,"","","",222,88,0,91710.000,12660.000,false,true,88,0,,NO_COMPATIBLE_CONNECTION,false
"466538",regional_background,walk,pt,PT_NEVER_BOARDED,56679.000,56679.000,56679.000,116121.000,"","",false,false,"","","",0,0,0,,,false,false,0,0,,INSUFFICIENT_EVIDENCE,false
"467002",munich_resident,pt,pt,PT_NEVER_BOARDED,644.000,37329.000,37329.000,135471.000,"109360","106050",false,false,"","","",113,79,0,89040.000,14970.000,false,true,79,0,,NO_COMPATIBLE_CONNECTION,false
"4680064",regional_background,pt,pt,PT_BOARDED_NOT_ARRIVED,79620.000,87669.000,87669.000,85131.000,"102040","101863",true,true,"tr_10926","XXX---2249628_3","XXX---2249628_3_0",56,1,0,88380.000,81240.000,false,true,1,0,,TRANSFER_MISSED_AFTER_DELAY,false
"4685288",regional_background,pt,pt,PT_BOARDED_NOT_ARRIVED,35100.000,52755.000,52755.000,120045.000,"167865.1","22134.3",true,true,"tr_34672","XXX---2269696_3","XXX---2269696_3_0",2,1,0,60600.000,45000.000,false,true,1,0,,TRANSFER_MISSED_AFTER_DELAY,false
"4699066",regional_background,pt,pt,PT_NEVER_BOARDED,6491.000,88694.000,88694.000,84106.000,"109640.1","109626",false,false,"","","",1,0,0,14940.000,14940.000,true,true,0,0,,NO_LATER_SERVICE,false
"4711032",regional_background,pt,pt,PT_BOARDED_NOT_ARRIVED,60000.000,61692.000,61692.000,111108.000,"9868","9932",true,true,"tr_26544","XXX---2268625_3","XXX---2268625_3_11",1,0,0,60900.000,60900.000,true,true,0,0,,TRANSFER_MISSED_AFTER_DELAY,false
"4712094",regional_background,pt,pt,PT_BOARDED_NOT_ARRIVED,47340.000,54454.000,54454.000,118346.000,"142157.3","22593",true,true,"tr_37471","XXX---2270117_3","XXX---2270117_3_0",1,0,0,48012.000,48012.000,true,true,0,0,,TRANSFER_MISSED_AFTER_DELAY,false
"4713925",regional_background,pt,pt,PT_NEVER_BOARDED,58000.000,62426.000,62426.000,110374.000,"136628","9936",false,false,"","","",13,2,0,67020.000,60120.000,false,true,2,0,,NO_COMPATIBLE_CONNECTION,false
"471450",munich_resident,pt,pt,PT_NEVER_BOARDED,12394.000,70201.000,70201.000,102599.000,"106435","106053",false,false,"","","",230,53,0,90990.000,13620.000,false,true,53,0,,NO_COMPATIBLE_CONNECTION,false
"471780",munich_resident,pt,pt,PT_NEVER_BOARDED,27315.000,87506.000,87506.000,85294.000,"11041.3","106097.1",false,false,"","","",56,0,0,85320.000,85320.000,true,true,0,0,,NO_LATER_SERVICE,false
"4719840",regional_background,pt,pt,PT_NEVER_BOARDED,39457.000,51253.000,51253.000,121547.000,"8116.4","8537.2",false,false,"","","",4,1,0,57240.000,45420.000,false,true,1,0,,NO_COMPATIBLE_CONNECTION,false
"4728986",regional_background,pt,pt,PT_NEVER_BOARDED,64441.000,68075.000,68075.000,104725.000,"22131","104290.1",false,false,"","","",37,1,0,69240.000,66540.000,false,true,1,0,,NO_COMPATIBLE_CONNECTION,false
"4731422",regional_background,pt,pt,PT_BOARDED_NOT_ARRIVED,40200.000,53050.000,53050.000,119750.000,"105226","22669.1",true,true,"tr_10142","XXX---2249608_3","XXX---2249608_3_5",136,58,0,87420.000,43380.000,false,true,58,0,,TRANSFER_MISSED_AFTER_DELAY,false
"4733445",regional_background,pt,pt,PT_BOARDED_NOT_ARRIVED,21673.000,74513.000,74513.000,98287.000,"103537.3","65721",true,true,"tr_1002","XXX---162192_4","XXX---162192_4_16",25,2,0,78600.000,65640.000,false,true,2,0,,TRANSFER_MISSED_AFTER_DELAY,false
"473587",munich_resident,pt,pt,PT_NEVER_BOARDED,11265.000,66067.000,66067.000,106733.000,"106273.2","107307.1",false,false,"","","",10,0,0,16080.000,16080.000,true,true,0,0,,NO_LATER_SERVICE,false
"474496",munich_resident,pt,pt,PT_NEVER_BOARDED,10174.000,56273.000,56273.000,116527.000,"107362","106480",false,false,"","","",206,84,0,91110.000,14790.000,false,true,84,0,,NO_COMPATIBLE_CONNECTION,false
"4747583",regional_background,pt,pt,PT_NEVER_BOARDED,14494.000,101179.000,101179.000,71621.000,"22557.1","22528.4",false,false,"","","",1,0,0,24420.000,24420.000,true,true,0,0,,NO_LATER_SERVICE,false
"4752118",regional_background,pt,pt,PT_NEVER_BOARDED,37052.000,53095.000,53095.000,119705.000,"167770","167868.5",false,false,"","","",2,0,0,50640.000,50640.000,true,true,0,0,,NO_LATER_SERVICE,false
"475407",munich_resident,pt,pt,PT_NEVER_BOARDED,11755.000,70770.000,70770.000,102030.000,"10723.1","10274.1",false,false,"","","",5,0,0,66720.000,66720.000,true,true,0,0,,NO_LATER_SERVICE,false
"4756023",regional_background,pt,pt,PT_NEVER_BOARDED,24258.000,95757.000,95757.000,77043.000,"21712.2","22528.4",false,false,"","","",3,0,0,47100.000,25920.000,true,true,0,0,,NO_LATER_SERVICE,false
"4757377",regional_background,pt,pt,PT_BOARDED_NOT_ARRIVED,64140.000,69486.000,69486.000,103314.000,"102027","65442",true,true,"tr_10202","XXX---2249610_3","XXX---2249610_3_22",3,0,0,68100.000,68100.000,true,true,0,0,,TRANSFER_MISSED_AFTER_DELAY,false
"4762806",regional_background,pt,pt,PT_NEVER_BOARDED,42551.000,50022.000,50022.000,122778.000,"167865.1","104290.3",false,false,"","","",2,1,0,60600.000,45000.000,false,true,1,0,,NO_COMPATIBLE_CONNECTION,false
"4779896",regional_background,pt,pt,PT_BOARDED_NOT_ARRIVED,61808.000,65362.000,65362.000,107438.000,"21938.1","22112.1",true,true,"tr_11012","XXX---2249638_3","XXX---2249638_3_0",3,0,0,62220.000,62220.000,true,true,0,0,,TRANSFER_MISSED_AFTER_DELAY,false
"4793488",regional_background,pt,pt,PT_NEVER_BOARDED,82044.000,83760.000,83760.000,89040.000,"8068","8688",false,false,"","","",15,0,0,82440.000,82440.000,true,true,0,0,,NO_LATER_SERVICE,false
"480097",munich_resident,pt,pt,PT_NEVER_BOARDED,7839.000,53912.000,53912.000,118888.000,"108882","167613",false,false,"","","",110,51,0,90270.000,15390.000,false,true,51,0,,NO_COMPATIBLE_CONNECTION,false
"480273",munich_resident,pt,pt,PT_NEVER_BOARDED,6079.000,63166.000,63166.000,109634.000,"108446","106079.2",false,false,"","","",260,80,0,92640.000,16890.000,false,true,80,0,,NO_COMPATIBLE_CONNECTION,false
"4806373",regional_background,pt,pt,PT_BOARDED_NOT_ARRIVED,57240.000,64389.000,64389.000,108411.000,"3547.3","21915",true,true,"tr_9488","XXX---2249596_3","XXX---2249596_3_0",12,0,0,64200.000,64200.000,true,true,0,0,,TRANSFER_MISSED_AFTER_DELAY,false
"4806469",regional_background,pt,pt,PT_NEVER_BOARDED,34198.000,46402.000,46402.000,126398.000,"70908.1","102532.2",false,false,"","","",2,0,0,45000.000,45000.000,true,true,0,0,,NO_LATER_SERVICE,false
"4829981",regional_background,pt,pt,PT_NEVER_BOARDED,46336.000,56389.000,56389.000,116411.000,"6947","6888.1",false,false,"","","",5,1,0,61620.000,49500.000,false,true,1,0,,NO_COMPATIBLE_CONNECTION,false
"4841439",regional_background,pt,pt,PT_NEVER_BOARDED,74925.000,92666.000,92666.000,80134.000,"6913","7240",false,false,"","","",34,0,0,80760.000,80760.000,true,true,0,0,,NO_LATER_SERVICE,false
"4849773",regional_background,pt,pt,PT_NEVER_BOARDED,56693.000,66621.000,66621.000,106179.000,"22587","22605",false,false,"","","",1,0,0,57420.000,57420.000,true,true,0,0,,NO_LATER_SERVICE,false
"4858650",regional_background,pt,pt,PT_BOARDED_NOT_ARRIVED,71850.000,82631.000,82631.000,90169.000,"6902.3","7683",true,true,"tr_20954","XXX---2268543_3","XXX---2268543_3_0",20,0,0,81000.000,81000.000,true,true,0,0,,TRANSFER_MISSED_AFTER_DELAY,false
"4869541",regional_background,pt,pt,PT_NEVER_BOARDED,75911.000,81320.000,81320.000,91480.000,"7253","8057.2",false,false,"","","",16,0,0,79500.000,79500.000,true,true,0,0,,NO_LATER_SERVICE,false
"4878205",regional_background,pt,pt,PT_BOARDED_NOT_ARRIVED,61680.000,69727.000,69727.000,103073.000,"9515","8228",true,true,"tr_16674","XXX---2255006_3","XXX---2255006_3_4",35,7,0,88800.000,68460.000,false,true,7,0,,TRANSFER_MISSED_AFTER_DELAY,false
"487982",munich_resident,pt,pt,PT_NEVER_BOARDED,10031.000,62342.000,62342.000,110458.000,"11041","142509.1",false,false,"","","",5,0,0,16920.000,16920.000,true,true,0,0,,NO_LATER_SERVICE,false
"4898881",regional_background,pt,pt,PT_NEVER_BOARDED,43026.000,56250.000,56250.000,116550.000,"71054","69554",false,false,"","","",5,2,0,66570.000,49620.000,false,true,2,0,,NO_COMPATIBLE_CONNECTION,false
"4899052",regional_background,pt,pt,PT_NEVER_BOARDED,71034.000,75269.000,75269.000,97531.000,"8109","6764",false,false,"","","",10,0,0,74160.000,74160.000,true,true,0,0,,NO_LATER_SERVICE,false
"4909984",regional_background,pt,pt,PT_NEVER_BOARDED,73169.000,91655.000,91655.000,81145.000,"9582.1","9407.1",false,false,"","","",22,0,0,73500.000,73500.000,true,true,0,0,,NO_LATER_SERVICE,false
"4929074",regional_background,pt,pt,PT_NEVER_BOARDED,67828.000,71859.000,71859.000,100941.000,"7955","9284",false,false,"","","",5,0,0,70680.000,70680.000,true,true,0,0,,NO_LATER_SERVICE,false
"4936633",unresolved_background,pt,pt,PT_BOARDED_NOT_ARRIVED,62700.000,63286.000,63286.000,109514.000,"101695","127832",true,true,"tr_113","XXX---161788_2","XXX---161788_2_20",13,1,1,65466.000,65466.000,false,false,1,1,65466.000,COMPATIBLE_SERVICE_NOT_BOARDED,false
"4939170",regional_background,pt,pt,PT_BOARDED_NOT_ARRIVED,45550.000,46707.000,46707.000,126093.000,"8032.2","8038",true,true,"tr_2905","XXX---162456_109","XXX---162456_109_29",56,32,0,75360.000,45900.000,false,true,32,0,,TRANSFER_MISSED_AFTER_DELAY,false
"4941727",regional_background,pt,pt,PT_BOARDED_NOT_ARRIVED,69120.000,73817.000,73817.000,98983.000,"8058.1","8021",true,true,"tr_27120","XXX---2268643_3","XXX---2268643_3_0",21,0,0,69240.000,69240.000,true,true,0,0,,TRANSFER_MISSED_AFTER_DELAY,false
"4945735",regional_background,pt,pt,PT_NEVER_BOARDED,82627.000,83341.000,83341.000,89459.000,"8340.1","8103",false,false,"","","",24,0,0,82860.000,82860.000,true,true,0,0,,NO_LATER_SERVICE,false
"4950062",regional_background,pt,pt,PT_NEVER_BOARDED,8269.000,91573.000,91573.000,81227.000,"149421","106077.10",false,false,"","","",58,0,0,85380.000,84180.000,true,true,0,0,,NO_LATER_SERVICE,false
"495017",munich_resident,pt,pt,PT_BOARDED_NOT_ARRIVED,3420.000,54972.000,54972.000,117828.000,"106055","108673.1",true,true,"tr_2899","XXX---162456_109","XXX---162456_109_29",11,0,0,16770.000,16770.000,true,true,0,0,,TRANSFER_MISSED_AFTER_DELAY,false
"4950859",regional_background,pt,pt,PT_BOARDED_NOT_ARRIVED,55946.000,65501.000,65501.000,107299.000,"9405.2","8532",true,true,"tr_1454","XXX---162424_106","XXX---162424_106_109",6,0,0,56760.000,56760.000,true,true,0,0,,TRANSFER_MISSED_AFTER_DELAY,false
"4958257",regional_background,pt,pt,PT_BOARDED_NOT_ARRIVED,64140.000,71258.000,71258.000,101542.000,"6887","6915.2",true,true,"tr_2590","XXX---162455_109","XXX---162455_109_5",17,0,0,69240.000,69240.000,true,true,0,0,,TRANSFER_MISSED_AFTER_DELAY,false
"4979321",regional_background,pt,pt,PT_NEVER_BOARDED,51070.000,56288.000,56288.000,116512.000,"168808","7720",false,false,"","","",1,0,0,52800.000,52800.000,true,true,0,0,,NO_LATER_SERVICE,false
"5014260",regional_background,pt,pt,PT_NEVER_BOARDED,64982.000,70113.000,70113.000,102687.000,"8064","8932",false,false,"","","",14,0,0,69180.000,69180.000,true,true,0,0,,NO_LATER_SERVICE,false
"5021614",regional_background,pt,pt,PT_BOARDED_NOT_ARRIVED,56845.000,71097.000,71097.000,101703.000,"8910.1","9208",true,true,"tr_27447","XXX---2268654_3","XXX---2268654_3_2",7,0,0,57780.000,57780.000,true,true,0,0,,TRANSFER_MISSED_AFTER_DELAY,false
"502616",munich_resident,pt,pt,PT_NEVER_BOARDED,10094.000,66150.000,66150.000,106650.000,"12322","106120.4",false,false,"","","",1,0,0,16980.000,16980.000,true,true,0,0,,NO_LATER_SERVICE,false
"503314",munich_resident,pt,pt,PT_NEVER_BOARDED,7309.000,70136.000,70136.000,102664.000,"107821.2","106055",false,false,"","","",3,0,0,13920.000,13920.000,true,true,0,0,,NO_LATER_SERVICE,false
"5043909",regional_background,pt,pt,PT_BOARDED_NOT_ARRIVED,66097.000,73269.000,73269.000,99531.000,"7383.1","6830.3",true,true,"tr_27903","XXX---2268674_3","XXX---2268674_3_1",40,5,0,81180.000,66120.000,false,true,5,0,,TRANSFER_MISSED_AFTER_DELAY,false
"5047497",regional_background,pt,pt,PT_NEVER_BOARDED,32217.000,94433.000,94433.000,78367.000,"7530","6902",false,false,"","","",11,0,0,81920.000,81920.000,true,true,0,0,,NO_LATER_SERVICE,false
"5050453",regional_background,pt,pt,PT_BOARDED_NOT_ARRIVED,56100.000,65054.000,65054.000,107746.000,"7297.2","7380",true,true,"tr_27740","XXX---2268669_3","XXX---2268669_3_3",52,9,0,82560.000,56580.000,false,true,9,0,,TRANSFER_MISSED_AFTER_DELAY,false
"505885",munich_resident,pt,pt,PT_NEVER_BOARDED,14673.000,82267.000,82267.000,90533.000,"107761","107149",false,false,"","","",184,0,0,81060.000,81060.000,true,true,0,0,,NO_LATER_SERVICE,false
"506229",munich_resident,pt,pt,PT_NEVER_BOARDED,1592.000,54185.000,54185.000,118615.000,"107813","106159",false,false,"","","",72,38,0,90480.000,14130.000,false,true,38,0,,NO_COMPATIBLE_CONNECTION,false
"5070027",regional_background,pt,pt,PT_NEVER_BOARDED,48066.000,52689.000,52689.000,120111.000,"9368.1","7990",false,false,"","","",1,0,0,48180.000,48180.000,true,true,0,0,,NO_LATER_SERVICE,false
"5076422",regional_background,pt,pt,PT_BOARDED_NOT_ARRIVED,57540.000,63384.000,63384.000,109416.000,"7404","6970",true,true,"tr_28195","XXX---2268679_3","XXX---2268679_3_0",8,1,0,63780.000,57720.000,false,true,1,0,,TRANSFER_MISSED_AFTER_DELAY,false
"5091236",regional_background,pt,pt,PT_NEVER_BOARDED,62139.000,67777.000,67777.000,105023.000,"7215","6916.4",false,false,"","","",9,0,0,66780.000,66780.000,true,true,0,0,,NO_LATER_SERVICE,false
"509672",munich_resident,pt,pt,PT_BOARDED_NOT_ARRIVED,17280.000,91879.000,91879.000,80921.000,"108503","108283",true,true,"tr_39638","XXX---2271996_1","XXX---2271996_1_9",28,0,0,72360.000,72360.000,true,true,0,0,,TRANSFER_MISSED_AFTER_DELAY,false
"5109071",regional_background,pt,pt,PT_NEVER_BOARDED,44306.000,53904.000,53904.000,118896.000,"168808","6916.4",false,false,"","","",1,0,0,52800.000,52800.000,true,true,0,0,,NO_LATER_SERVICE,false
"5120871",regional_background,pt,pt,PT_NEVER_BOARDED,67758.000,83033.000,83033.000,89767.000,"175920","102112",false,false,"","","",30,0,0,72900.000,72900.000,true,true,0,0,,NO_LATER_SERVICE,false
"5127474",regional_background,pt,pt,PT_NEVER_BOARDED,55777.000,58747.000,58747.000,114053.000,"8519.1","9405",false,false,"","","",8,0,0,58740.000,58740.000,true,true,0,0,,NO_LATER_SERVICE,false
"5136400",regional_background,pt,pt,PT_NEVER_BOARDED,40800.000,49029.000,49029.000,123771.000,"168887","68240.1",false,false,"","","",4,2,0,70200.000,44220.000,false,true,2,0,,NO_COMPATIBLE_CONNECTION,false
"5144052",regional_background,pt,pt,PT_NEVER_BOARDED,11029.000,71467.000,71467.000,101333.000,"107263","106055",false,false,"","","",117,27,0,90840.000,14700.000,false,true,27,0,,NO_COMPATIBLE_CONNECTION,false
"5148781",regional_background,pt,pt,PT_NEVER_BOARDED,31060.000,41146.000,41146.000,131654.000,"7503","7464.1",false,false,"","","",23,12,0,80880.000,36900.000,false,true,12,0,,NO_COMPATIBLE_CONNECTION,false
"5169731",regional_background,pt,pt,PT_BOARDED_NOT_ARRIVED,19777.000,75957.000,75957.000,96843.000,"11744.2","12418.2",true,true,"tr_2511","XXX---162452_106_3","XXX---162452_106_3_66",53,0,0,74640.000,74640.000,true,true,0,0,,TRANSFER_MISSED_AFTER_DELAY,false
"5195384",regional_background,pt,pt,PT_NEVER_BOARDED,45427.000,55409.000,55409.000,117391.000,"70845","102110",false,false,"","","",3,0,0,54600.000,54600.000,true,true,0,0,,NO_LATER_SERVICE,false
"5204712",regional_background,pt,pt,PT_NEVER_BOARDED,47355.000,58793.000,58793.000,114007.000,"9277","7626",false,false,"","","",4,1,0,66240.000,57240.000,false,true,1,0,,NO_COMPATIBLE_CONNECTION,false
"5212234",regional_background,pt,pt,PT_BOARDED_NOT_ARRIVED,63420.000,67017.000,67017.000,105783.000,"106130.14","142459",true,true,"tr_2954","XXX---162458_109","XXX---162458_109_3",1,0,0,63840.000,63840.000,true,true,0,0,,TRANSFER_MISSED_AFTER_DELAY,false
"521557",munich_resident,pt,pt,PT_NEVER_BOARDED,9887.000,64869.000,64869.000,107931.000,"107347.2","106248.1",false,false,"","","",3,0,0,14940.000,14940.000,true,true,0,0,,NO_LATER_SERVICE,false
"521917",munich_resident,pt,pt,PT_NEVER_BOARDED,7307.000,55677.000,55677.000,117123.000,"106467","107350",false,false,"","","",228,102,52,91860.000,91860.000,false,false,102,52,55830.000,COMPATIBLE_SERVICE_NOT_BOARDED,false
"5227496",regional_background,pt,pt,PT_NEVER_BOARDED,37774.000,60027.000,60027.000,112773.000,"13998","12972.1",false,false,"","","",6,1,0,63360.000,47640.000,false,true,1,0,,NO_COMPATIBLE_CONNECTION,false
"524560",munich_resident,pt,pt,PT_NEVER_BOARDED,11531.000,68530.000,68530.000,104270.000,"106275","108830",false,false,"","","",195,35,28,90420.000,90420.000,false,false,35,28,69063.000,COMPATIBLE_SERVICE_NOT_BOARDED,false
"5246677",regional_background,pt,pt,PT_BOARDED_NOT_ARRIVED,47408.000,54607.000,54607.000,118193.000,"11832.5","12203.9",true,true,"tr_3135","XXX---162459_109","XXX---162459_109_15",1,0,0,47520.000,47520.000,true,true,0,0,,TRANSFER_MISSED_AFTER_DELAY,false
"525180",munich_resident,pt,pt,PT_BOARDED_NOT_ARRIVED,19920.000,76244.000,76244.000,96556.000,"109703","109721",true,true,"tr_51602","XXX---2272074_3","XXX---2272074_3_8",57,0,0,76230.000,76230.000,true,true,0,0,,TRANSFER_MISSED_AFTER_DELAY,false
"5253330",regional_background,pt,pt,PT_BOARDED_NOT_ARRIVED,71220.000,76029.000,76029.000,96771.000,"11805","11885",true,true,"tr_3114","XXX---162459_109","XXX---162459_109_6",37,0,0,71520.000,71520.000,true,true,0,0,,TRANSFER_MISSED_AFTER_DELAY,false
"525583",munich_resident,pt,pt,PT_NEVER_BOARDED,16947.000,78524.000,78524.000,94276.000,"14151","12852",false,false,"","","",12,0,0,77400.000,77400.000,true,true,0,0,,NO_LATER_SERVICE,false
"526008",munich_resident,pt,pt,PT_NEVER_BOARDED,12555.000,81187.000,81187.000,91613.000,"108522","108777",false,false,"","","",145,9,0,91290.000,16350.000,false,true,9,0,,NO_COMPATIBLE_CONNECTION,false
"5261668",regional_background,pt,pt,PT_BOARDED_NOT_ARRIVED,64620.000,68094.000,68094.000,104706.000,"102065","4658",true,true,"tr_190","XXX---161788_2","XXX---161788_2_53",87,15,0,83040.000,64800.000,false,true,15,0,,TRANSFER_MISSED_AFTER_DELAY,false
"5282353",regional_background,pt,pt,PT_BOARDED_NOT_ARRIVED,66840.000,70900.000,70900.000,101900.000,"13929.1","11699.2",true,true,"tr_21072","XXX---2268550_3","XXX---2268550_3_3",15,1,0,70920.000,67260.000,false,true,1,0,,TRANSFER_MISSED_AFTER_DELAY,false
"532362",munich_resident,pt,pt,PT_NEVER_BOARDED,6643.000,55023.000,55023.000,117777.000,"106691","106247",false,false,"","","",149,65,0,91380.000,17910.000,false,true,65,0,,NO_COMPATIBLE_CONNECTION,false
"532749",munich_resident,pt,pt,PT_NEVER_BOARDED,4863.000,57427.000,57427.000,115373.000,"107821.2","106055",false,false,"","","",3,0,0,13920.000,13920.000,true,true,0,0,,NO_LATER_SERVICE,false
"5331987",regional_background,pt,pt,PT_BOARDED_NOT_ARRIVED,46800.000,52331.000,52331.000,120469.000,"104223.5","102523.2",true,true,"tr_18513","XXX---2255153_3","XXX---2255153_3_23",3,0,0,48000.000,48000.000,true,true,0,0,,TRANSFER_MISSED_AFTER_DELAY,false
"5334240",regional_background,pt,pt,PT_BOARDED_NOT_ARRIVED,64740.000,68945.000,68945.000,103855.000,"11993.1","12532",true,true,"tr_3510","XXX---162462_109","XXX---162462_109_10",81,10,0,80820.000,67500.000,false,true,10,0,,TRANSFER_MISSED_AFTER_DELAY,false
"5343701",regional_background,pt,pt,PT_BOARDED_NOT_ARRIVED,74760.000,80548.000,80548.000,92252.000,"11832.2","12705",true,true,"tr_33469","XXX---2268788_3","XXX---2268788_3_0",118,6,0,87180.000,77760.000,false,true,6,0,,TRANSFER_MISSED_AFTER_DELAY,false
"5351042",regional_background,pt,pt,PT_BOARDED_NOT_ARRIVED,67860.000,84654.000,84654.000,88146.000,"11699","11820.2",true,true,"tr_2983","XXX---162458_109","XXX---162458_109_10",142,1,0,88200.000,69060.000,false,true,1,0,,TRANSFER_MISSED_AFTER_DELAY,false
"5351554",regional_background,pt,pt,PT_BOARDED_NOT_ARRIVED,45600.000,59937.000,59937.000,112863.000,"11832.2","11710.6",true,true,"tr_1699","XXX---162429_106","XXX---162429_106_24",118,43,0,87180.000,46260.000,false,true,43,0,,TRANSFER_MISSED_AFTER_DELAY,false
"5354686",regional_background,pt,pt,PT_NEVER_BOARDED,62353.000,65529.000,65529.000,107271.000,"139069","104379.6",false,false,"","","",7,0,0,64380.000,64380.000,true,true,0,0,,NO_LATER_SERVICE,false
"5376974",regional_background,pt,pt,PT_BOARDED_NOT_ARRIVED,59880.000,64601.000,64601.000,108199.000,"108614.4","142459.1",true,true,"tr_3392","XXX---162461_109","XXX---162461_109_10",2,0,0,60240.000,60240.000,true,true,0,0,,TRANSFER_MISSED_AFTER_DELAY,false
"5378994",regional_background,pt,pt,PT_NEVER_BOARDED,64366.000,67959.000,67959.000,104841.000,"109210","109492",false,false,"","","",103,24,0,86220.000,67020.000,false,true,24,0,,NO_COMPATIBLE_CONNECTION,false
"5379839",regional_background,pt,pt,PT_NEVER_BOARDED,10862.000,81517.000,81517.000,91283.000,"12958.5","12840.1",false,false,"","","",5,0,0,66300.000,66300.000,true,true,0,0,,NO_LATER_SERVICE,false
"5411060",regional_background,pt,pt,PT_BOARDED_NOT_ARRIVED,72720.000,75081.000,75081.000,97719.000,"109626","109519",true,true,"tr_3077","XXX---162458_109","XXX---162458_109_28",74,14,0,90990.000,74250.000,false,true,14,0,,TRANSFER_MISSED_AFTER_DELAY,false
"5417928",regional_background,pt,pt,PT_BOARDED_NOT_ARRIVED,58677.000,65667.000,65667.000,107133.000,"11832.2","11684.3",true,true,"tr_33410","XXX---2268786_3","XXX---2268786_3_1",118,32,0,87180.000,59760.000,false,true,32,0,,TRANSFER_MISSED_AFTER_DELAY,false
"5453605",regional_background,pt,pt,PT_NEVER_BOARDED,81531.000,83823.000,83823.000,88977.000,"11994.1","12333.2",false,false,"","","",6,0,0,81600.000,81600.000,true,true,0,0,,NO_LATER_SERVICE,false
"5475671",regional_background,pt,pt,PT_BOARDED_NOT_ARRIVED,59880.000,61151.000,61151.000,111649.000,"102197.2","101935.3",true,true,"tr_6948","XXX---2183223_3","XXX---2183223_3_2",85,28,0,90900.000,60660.000,false,true,28,0,,TRANSFER_MISSED_AFTER_DELAY,false
"5487959",regional_background,pt,pt,PT_BOARDED_NOT_ARRIVED,71040.000,73491.000,73491.000,99309.000,"11599.3","12769.1",true,true,"tr_3105","XXX---162459_109","XXX---162459_109_1",145,15,0,86400.000,71700.000,false,true,15,0,,TRANSFER_MISSED_AFTER_DELAY,false
"5494799",regional_background,pt,pt,PT_BOARDED_NOT_ARRIVED,48000.000,51509.000,51509.000,121291.000,"104223.5","4952.3",true,true,"tr_4104","XXX---1850865_3","XXX---1850865_3_1",3,0,0,48000.000,48000.000,true,true,0,0,,TRANSFER_MISSED_AFTER_DELAY,false
"5498769",regional_background,pt,pt,PT_NEVER_BOARDED,1560.000,85430.000,85430.000,87370.000,"4799.1","4675",false,false,"","","",11,0,0,85080.000,85080.000,true,true,0,0,,NO_LATER_SERVICE,false
"5499497",regional_background,pt,pt,PT_NEVER_BOARDED,53175.000,59707.000,59707.000,113093.000,"61910","4670",false,false,"","","",1,0,0,58380.000,58380.000,true,true,0,0,,NO_LATER_SERVICE,false
"5507919",regional_background,pt,pt,PT_BOARDED_NOT_ARRIVED,57514.000,75444.000,75444.000,97356.000,"101844.1","4469",true,true,"tr_383","XXX---161788_2","XXX---161788_2_157",15,0,0,68880.000,68880.000,true,true,0,0,,TRANSFER_MISSED_AFTER_DELAY,false
"5533893",regional_background,pt,pt,PT_BOARDED_NOT_ARRIVED,63720.000,71116.000,71116.000,101684.000,"102548","101843",true,true,"tr_17913","XXX---2255122_3","XXX---2255122_3_6",4,1,0,72420.000,69420.000,false,true,1,0,,TRANSFER_MISSED_AFTER_DELAY,false
"5537650",regional_background,pt,pt,PT_BOARDED_NOT_ARRIVED,58246.000,61737.000,61737.000,111063.000,"102548.2","102524",true,true,"tr_18376","XXX---2255145_3","XXX---2255145_3_2",18,5,0,73080.000,58620.000,false,true,5,0,,TRANSFER_MISSED_AFTER_DELAY,false
"5563969",regional_background,pt,pt,PT_NEVER_BOARDED,2784.000,124060.000,124060.000,48740.000,"101742","104343.2",false,false,"","","",29,0,0,86220.000,86220.000,true,true,0,0,,NO_LATER_SERVICE,false
"5569865",regional_background,pt,pt,PT_BOARDED_NOT_ARRIVED,65598.000,72701.000,72701.000,100099.000,"104227.1","4786",true,true,"tr_462","XXX---161788_2","XXX---161788_2_219",9,0,0,66000.000,66000.000,true,true,0,0,,TRANSFER_MISSED_AFTER_DELAY,false
"557064",regional_background,pt,pt,PT_BOARDED_NOT_ARRIVED,27180.000,27655.000,27655.000,145145.000,"101674.11","142500.2",true,true,"tr_90","XXX---161788_2","XXX---161788_2_6",15,12,5,80100.000,73140.000,false,false,12,5,38512.000,COMPATIBLE_SERVICE_NOT_BOARDED,false
"5588206",regional_background,pt,pt,PT_NEVER_BOARDED,54638.000,59862.000,59862.000,112938.000,"4714","5010.5",false,false,"","","",66,11,0,67440.000,58740.000,false,true,11,0,,NO_COMPATIBLE_CONNECTION,false
"5590763",regional_background,pt,pt,PT_NEVER_BOARDED,44139.000,47814.000,47814.000,124986.000,"4712.6","4987.2",false,false,"","","",4,2,0,58200.000,45120.000,false,true,2,0,,NO_COMPATIBLE_CONNECTION,false
"5598246",regional_background,pt,pt,PT_BOARDED_NOT_ARRIVED,53180.000,60249.000,60249.000,112551.000,"104381.1","139108",true,true,"tr_571","XXX---161839_2","XXX---161839_2_57",12,1,0,66000.000,59520.000,false,true,1,0,,TRANSFER_MISSED_AFTER_DELAY,false
"5608225",regional_background,pt,pt,PT_NEVER_BOARDED,57625.000,66985.000,66985.000,105815.000,"137057","76721.1",false,false,"","","",5,0,0,62580.000,62580.000,true,true,0,0,,NO_LATER_SERVICE,false
"5611723",regional_background,pt,pt,PT_BOARDED_NOT_ARRIVED,56536.000,70839.000,70839.000,101961.000,"104225.1","142415",true,true,"tr_398","XXX---161788_2","XXX---161788_2_170",4,0,0,59700.000,56700.000,true,true,0,0,,TRANSFER_MISSED_AFTER_DELAY,false
"5613815",regional_background,pt,pt,PT_BOARDED_NOT_ARRIVED,46273.000,64016.000,64016.000,108784.000,"101930.5","5056",true,true,"tr_3132","XXX---162459_109","XXX---162459_109_13",2,0,0,60600.000,48900.000,true,true,0,0,,TRANSFER_MISSED_AFTER_DELAY,false
"5625487",regional_background,pt,pt,PT_NEVER_BOARDED,68375.000,77187.000,77187.000,95613.000,"5994","5796.1",false,false,"","","",18,0,0,76020.000,76020.000,true,true,0,0,,NO_LATER_SERVICE,false
"5639204",regional_background,pt,pt,PT_NEVER_BOARDED,46740.000,57512.000,57512.000,115288.000,"135420","134275.2",false,false,"","","",3,0,0,56820.000,47280.000,true,true,0,0,,NO_LATER_SERVICE,false
"5640604",regional_background,pt,pt,PT_BOARDED_NOT_ARRIVED,65340.000,68829.000,68829.000,103971.000,"138785","138823",true,true,"tr_17626","XXX---2255096_3","XXX---2255096_3_12",17,0,0,66720.000,66120.000,true,true,0,0,,TRANSFER_MISSED_AFTER_DELAY,false
"5643039",regional_background,pt,pt,PT_BOARDED_NOT_ARRIVED,62460.000,76843.000,76843.000,95957.000,"106077.9","149425.4",true,true,"tr_3232","XXX---162460_109","XXX---162460_109_2",537,75,0,90060.000,63540.000,false,true,75,0,,TRANSFER_MISSED_AFTER_DELAY,false
"56651",munich_resident,pt,pt,PT_NEVER_BOARDED,5291.000,90966.000,90966.000,81834.000,"9396","9406.1",false,false,"","","",8,0,0,56820.000,56820.000,true,true,0,0,,NO_LATER_SERVICE,false
"566763",regional_background,pt,pt,PT_NEVER_BOARDED,22041.000,89055.000,89055.000,83745.000,"84642","102104.5",false,false,"","","",1,0,0,24480.000,24480.000,true,true,0,0,,NO_LATER_SERVICE,false
"566775",regional_background,pt,pt,PT_NEVER_BOARDED,13305.000,73662.000,73662.000,99138.000,"181965","70881.1",false,false,"","","",3,0,0,44460.000,21420.000,true,true,0,0,,NO_LATER_SERVICE,false
"5676342",regional_background,pt,pt,PT_NEVER_BOARDED,44761.000,84888.000,84888.000,87912.000,"6250","6045.3",false,false,"","","",10,0,0,67320.000,67320.000,true,true,0,0,,NO_LATER_SERVICE,false
"5682264",regional_background,pt,pt,PT_NEVER_BOARDED,47170.000,54181.000,54181.000,118619.000,"9713","9672.1",false,false,"","","",1,0,0,47700.000,47700.000,true,true,0,0,,NO_LATER_SERVICE,false
"5683617",regional_background,pt,pt,PT_BOARDED_NOT_ARRIVED,55981.000,58310.000,58310.000,114490.000,"9411.1","8934.8",true,true,"tr_2794","XXX---162456_109","XXX---162456_109_11",2,0,0,56820.000,56820.000,true,true,0,0,,TRANSFER_MISSED_AFTER_DELAY,false
"5685908",regional_background,pt,pt,PT_NEVER_BOARDED,8714.000,60622.000,60622.000,112178.000,"108813","108523",false,false,"","","",254,86,0,91890.000,16740.000,false,true,86,0,,NO_COMPATIBLE_CONNECTION,false
"5693134",regional_background,pt,pt,PT_NEVER_BOARDED,3740.000,41338.000,41338.000,131462.000,"107948","106047.3",false,false,"","","",114,72,71,89310.000,88110.000,false,false,72,71,41583.000,COMPATIBLE_SERVICE_NOT_BOARDED,false
"5702288",regional_background,pt,pt,PT_BOARDED_NOT_ARRIVED,78105.000,81645.000,81645.000,91155.000,"5794.1","6017",true,true,"tr_3424","XXX---162461_109","XXX---162461_109_19",30,1,0,84360.000,78360.000,false,true,1,0,,TRANSFER_MISSED_AFTER_DELAY,false
"5719212",regional_background,pt,pt,PT_NEVER_BOARDED,7656.000,63256.000,63256.000,109544.000,"107748.1","108850",false,false,"","","",65,25,25,93180.000,93180.000,false,false,25,25,64290.000,COMPATIBLE_SERVICE_NOT_BOARDED,false
"57293",munich_resident,pt,pt,PT_NEVER_BOARDED,41232.000,82159.000,82159.000,90641.000,"109340","106272",false,false,"","","",199,7,0,89370.000,70770.000,false,true,7,0,,NO_COMPATIBLE_CONNECTION,false
"5730644",regional_background,pt,pt,PT_NEVER_BOARDED,10654.000,83665.000,83665.000,89135.000,"106319.2","107349",false,false,"","","",11,0,0,17040.000,17040.000,true,true,0,0,,NO_LATER_SERVICE,false
"5738399",regional_background,pt,pt,PT_NEVER_BOARDED,5243.000,88368.000,88368.000,84432.000,"109247","106053",false,false,"","","",3,0,0,14970.000,14970.000,true,true,0,0,,NO_LATER_SERVICE,false
"5752630",regional_background,pt,pt,PT_NEVER_BOARDED,75289.000,76694.000,76694.000,96106.000,"11448","11037.2",false,false,"","","",40,0,0,76080.000,76080.000,true,true,0,0,,NO_LATER_SERVICE,false
"5772043",regional_background,pt,pt,PT_NEVER_BOARDED,10173.000,23497.000,23497.000,149303.000,"106258.2","108859.2",false,false,"","","",143,137,0,80280.000,18090.000,false,true,137,0,,NO_COMPATIBLE_CONNECTION,false
"5791740",regional_background,pt,pt,PT_NEVER_BOARDED,8563.000,79153.000,79153.000,93647.000,"11439.1","11037.2",false,false,"","","",17,0,0,75420.000,75420.000,true,true,0,0,,NO_LATER_SERVICE,false
"5795572",regional_background,pt,pt,PT_BOARDED_NOT_ARRIVED,19020.000,77767.000,77767.000,95033.000,"6483","14263",true,true,"tr_3362","XXX---162461_109","XXX---162461_109_6",121,2,0,83160.000,74880.000,false,true,2,0,,TRANSFER_MISSED_AFTER_DELAY,false
"5801852",regional_background,pt,pt,PT_BOARDED_NOT_ARRIVED,81120.000,88057.000,88057.000,84743.000,"11702.2","106046.1",true,true,"tr_21087","XXX---2268551_3","XXX---2268551_3_0",52,0,0,85920.000,85920.000,true,true,0,0,,TRANSFER_MISSED_AFTER_DELAY,false
"5814480",regional_background,pt,pt,PT_NEVER_BOARDED,14320.000,88111.000,88111.000,84689.000,"12799.6","106108.2",false,false,"","","",50,0,0,85740.000,85740.000,true,true,0,0,,NO_LATER_SERVICE,false
"5832828",regional_background,pt,pt,PT_NEVER_BOARDED,13492.000,76980.000,76980.000,95820.000,"107351.1","106055",false,false,"","","",115,13,0,91560.000,15270.000,false,true,13,0,,NO_COMPATIBLE_CONNECTION,false
"5846068",regional_background,pt,pt,PT_NEVER_BOARDED,58544.000,60050.000,60050.000,112750.000,"167731","168250",false,false,"","","",4,0,0,59700.000,59700.000,true,true,0,0,,NO_LATER_SERVICE,false
"58745",munich_resident,pt,pt,PT_BOARDED_NOT_ARRIVED,22890.000,82724.000,82724.000,90076.000,"106645","106653",true,true,"tr_48087","XXX---2272043_3","XXX---2272043_3_6",168,0,0,81420.000,81420.000,true,true,0,0,,TRANSFER_MISSED_AFTER_DELAY,false
"588989",regional_background,pt,pt,PT_BOARDED_NOT_ARRIVED,63360.000,64473.000,64473.000,108327.000,"10276","10295.1",true,true,"tr_3366","XXX---162461_109","XXX---162461_109_6",21,3,0,73260.000,63480.000,false,true,3,0,,TRANSFER_MISSED_AFTER_DELAY,false
"590620",regional_background,pt,pt,PT_NEVER_BOARDED,2852.000,72984.000,72984.000,99816.000,"127969.2","101676",false,false,"","","",36,1,0,75900.000,70200.000,false,true,1,0,,NO_COMPATIBLE_CONNECTION,false
"5917513",regional_background,pt,pt,PT_NEVER_BOARDED,6561.000,72655.000,72655.000,100145.000,"106560","108506",false,false,"","","",223,44,0,91410.000,14220.000,false,true,44,0,,NO_COMPATIBLE_CONNECTION,false
"5937506",regional_background,pt,pt,PT_NEVER_BOARDED,46894.000,50886.000,50886.000,121914.000,"11484","11433.7",false,false,"","","",18,7,0,75900.000,47100.000,false,true,7,0,,NO_COMPATIBLE_CONNECTION,false
"5946797",regional_background,pt,pt,PT_NEVER_BOARDED,1859.000,89454.000,89454.000,83346.000,"106077.10","6457.1",false,false,"","","",68,0,0,85740.000,85440.000,true,true,0,0,,NO_LATER_SERVICE,false
"5961391",regional_background,pt,pt,PT_NEVER_BOARDED,77291.000,86938.000,86938.000,85862.000,"102538","102028.10",false,false,"","","",38,1,0,87120.000,78000.000,false,true,1,0,,NO_COMPATIBLE_CONNECTION,false
"6018020",regional_background,pt,pt,PT_NEVER_BOARDED,3752.000,76722.000,76722.000,96078.000,"107220.1","106055",false,false,"","","",4,0,0,14880.000,14880.000,true,true,0,0,,NO_LATER_SERVICE,false
"602687",regional_background,pt,pt,PT_BOARDED_NOT_ARRIVED,43680.000,47147.000,47147.000,125653.000,"13155","13694",true,true,"tr_2747","XXX---162456_109","XXX---162456_109_1",2,0,0,44760.000,44760.000,true,true,0,0,,TRANSFER_MISSED_AFTER_DELAY,false
"6038441",regional_background,pt,pt,PT_NEVER_BOARDED,54174.000,57577.000,57577.000,115223.000,"142511","108566.3",false,false,"","","",78,30,28,86160.000,86160.000,false,false,30,28,58560.000,COMPATIBLE_SERVICE_NOT_BOARDED,false
"603862",regional_background,pt,pt,PT_NEVER_BOARDED,18000.000,74157.000,74157.000,98643.000,"145613","145303",false,false,"","","",18,0,0,68400.000,60960.000,true,true,0,0,,NO_LATER_SERVICE,false
"6043713",regional_background,pt,pt,PT_NEVER_BOARDED,69935.000,71246.000,71246.000,101554.000,"106929","108508.1",false,false,"","","",172,24,0,90120.000,70140.000,false,true,24,0,,NO_COMPATIBLE_CONNECTION,false
"6044809",regional_background,pt,pt,PT_NEVER_BOARDED,11969.000,88449.000,88449.000,84351.000,"106046.1","5974.1",false,false,"","","",537,2,0,89580.000,87840.000,false,true,2,0,,NO_COMPATIBLE_CONNECTION,false
"6062183",regional_background,pt,pt,PT_NEVER_BOARDED,4446.000,83963.000,83963.000,88837.000,"3695","102023",false,false,"","","",60,0,0,74100.000,74100.000,true,true,0,0,,NO_LATER_SERVICE,false
"6086266",regional_background,pt,pt,PT_BOARDED_NOT_ARRIVED,64260.000,68649.000,68649.000,104151.000,"102040.3","102230.2",true,true,"tr_9647","XXX---2249598_3","XXX---2249598_3_4",19,3,0,85380.000,65040.000,false,true,3,0,,TRANSFER_MISSED_AFTER_DELAY,false
"6091005",regional_background,pt,pt,PT_NEVER_BOARDED,52594.000,55158.000,55158.000,117642.000,"4132","167709.1",false,false,"","","",31,18,0,88500.000,53760.000,false,true,18,0,,NO_COMPATIBLE_CONNECTION,false
"6105277",regional_background,pt,pt,PT_NEVER_BOARDED,83741.000,87649.000,87649.000,85151.000,"106130.21","106108.4",false,false,"","","",137,0,0,86640.000,86640.000,true,true,0,0,,NO_LATER_SERVICE,false
"6119019",regional_background,pt,pt,PT_NEVER_BOARDED,46826.000,87161.000,87161.000,85639.000,"127517.2","101714.1",false,false,"","","",147,0,0,86520.000,86520.000,true,true,0,0,,NO_LATER_SERVICE,false
"6123767",regional_background,pt,pt,PT_NEVER_BOARDED,62621.000,74346.000,74346.000,98454.000,"167711","167797",false,false,"","","",6,0,0,66440.000,66440.000,true,true,0,0,,NO_LATER_SERVICE,false
"6135390",regional_background,pt,pt,PT_NEVER_BOARDED,12802.000,109995.000,109995.000,62805.000,"3845","167721.1",false,false,"","","",72,0,0,75060.000,40860.000,true,true,0,0,,NO_LATER_SERVICE,false
"6137608",regional_background,pt,pt,PT_BOARDED_NOT_ARRIVED,67440.000,70089.000,70089.000,102711.000,"102027","168916",true,true,"tr_9424","XXX---2249595_3","XXX---2249595_3_3",3,0,0,68100.000,68100.000,true,true,0,0,,TRANSFER_MISSED_AFTER_DELAY,false
"6148367",regional_background,pt,pt,PT_BOARDED_NOT_ARRIVED,59340.000,73422.000,73422.000,99378.000,"102023","168813.1",true,true,"tr_2027","XXX---162443_106","XXX---162443_106_22",236,26,0,88140.000,72780.000,false,true,26,0,,TRANSFER_MISSED_AFTER_DELAY,false
"6150430",regional_background,pt,pt,PT_NEVER_BOARDED,41493.000,55886.000,55886.000,116914.000,"175460","168715",false,false,"","","",11,2,0,64140.000,42180.000,false,true,2,0,,NO_COMPATIBLE_CONNECTION,false
"6156674",regional_background,pt,pt,PT_BOARDED_NOT_ARRIVED,59400.000,73716.000,73716.000,99084.000,"102454","168692",true,true,"tr_319","XXX---161788_2","XXX---161788_2_133",3,0,0,63180.000,63180.000,true,true,0,0,,TRANSFER_MISSED_AFTER_DELAY,false
"6158314",regional_background,pt,pt,PT_NEVER_BOARDED,58684.000,62463.000,62463.000,110337.000,"168024","168054",false,false,"","","",17,2,0,63800.000,59460.000,false,true,2,0,,NO_COMPATIBLE_CONNECTION,false
"6185014",regional_background,pt,pt,PT_BOARDED_NOT_ARRIVED,65040.000,71173.000,71173.000,101627.000,"169017","168884",true,true,"tr_9759","XXX---2249599_3","XXX---2249599_3_33",2,0,0,68640.000,68640.000,true,true,0,0,,TRANSFER_MISSED_AFTER_DELAY,false
"618653",regional_background,pt,pt,PT_NEVER_BOARDED,41256.000,45212.000,45212.000,127588.000,"13072.2","13087.1",false,false,"","","",4,1,0,55080.000,44400.000,false,true,1,0,,NO_COMPATIBLE_CONNECTION,false
"6187076",regional_background,pt,pt,PT_NEVER_BOARDED,45616.000,55939.000,55939.000,116861.000,"22763","3971.1",false,false,"","","",7,0,0,48060.000,48060.000,true,true,0,0,,NO_LATER_SERVICE,false
"6199189",regional_background,pt,pt,PT_BOARDED_NOT_ARRIVED,48698.000,56808.000,56808.000,115992.000,"13700.1","13743.1",true,true,"tr_28925","XXX---2268700_3","XXX---2268700_3_7",5,0,0,48720.000,48720.000,true,true,0,0,,TRANSFER_MISSED_AFTER_DELAY,false
"6199644",regional_background,pt,pt,PT_NEVER_BOARDED,66293.000,95827.000,95827.000,76973.000,"13808.1","161895",false,false,"","","",18,0,0,69600.000,67260.000,true,true,0,0,,NO_LATER_SERVICE,false
"6202933",regional_background,pt,pt,PT_BOARDED_NOT_ARRIVED,71280.000,78996.000,78996.000,93804.000,"13745","175462",true,true,"tr_2026","XXX---162443_106","XXX---162443_106_21",17,0,0,73800.000,73800.000,true,true,0,0,,TRANSFER_MISSED_AFTER_DELAY,false
"6213781",regional_background,pt,pt,PT_NEVER_BOARDED,12732.000,72538.000,72538.000,100262.000,"168668","4171",false,false,"","","",35,3,0,85620.000,72000.000,false,true,3,0,,NO_COMPATIBLE_CONNECTION,false
"6219827",regional_background,walk,pt,PT_NEVER_BOARDED,70646.000,80527.000,80527.000,92273.000,"","",false,false,"","","",0,0,0,,,false,false,0,0,,INSUFFICIENT_EVIDENCE,false
"6222429",regional_background,pt,pt,PT_NEVER_BOARDED,41673.000,45724.000,45724.000,127076.000,"3620","167837",false,false,"","","",35,22,0,74880.000,42540.000,false,true,22,0,,NO_COMPATIBLE_CONNECTION,false
"6233719",regional_background,pt,pt,PT_NEVER_BOARDED,42445.000,97919.000,97919.000,74881.000,"3731","3823",false,false,"","","",67,0,0,85860.000,85860.000,true,true,0,0,,NO_LATER_SERVICE,false
"6242505",regional_background,pt,pt,PT_NEVER_BOARDED,59110.000,65241.000,65241.000,107559.000,"104908","168979",false,false,"","","",1,0,0,62460.000,62460.000,true,true,0,0,,NO_LATER_SERVICE,false
"6248687",regional_background,pt,pt,PT_NEVER_BOARDED,38230.000,65345.000,65345.000,107455.000,"7294.1","12900.4",false,false,"","","",14,0,0,62760.000,48240.000,true,true,0,0,,NO_LATER_SERVICE,false
"6252425",regional_background,pt,pt,PT_BOARDED_NOT_ARRIVED,63000.000,70116.000,70116.000,102684.000,"102454","168680",true,true,"tr_314","XXX---161788_2","XXX---161788_2_130",3,0,0,63180.000,63180.000,true,true,0,0,,TRANSFER_MISSED_AFTER_DELAY,false
"6257096",regional_background,pt,pt,PT_BOARDED_NOT_ARRIVED,69300.000,76322.000,76322.000,96478.000,"13743","168927",true,true,"tr_2049","XXX---162443_106","XXX---162443_106_42",12,0,0,69300.000,69300.000,true,true,0,0,,TRANSFER_MISSED_AFTER_DELAY,false
"6258401",regional_background,pt,pt,PT_NEVER_BOARDED,60433.000,67497.000,67497.000,105303.000,"7782","6887.1",false,false,"","","",3,0,0,63240.000,63240.000,true,true,0,0,,NO_LATER_SERVICE,false
"625906",regional_background,pt,pt,PT_BOARDED_NOT_ARRIVED,27060.000,27534.000,27534.000,145266.000,"101674.11","142500.2",true,true,"tr_161","XXX---161788_2","XXX---161788_2_33",15,12,5,80100.000,73140.000,false,false,12,5,38512.000,COMPATIBLE_SERVICE_NOT_BOARDED,false
"626054",regional_background,pt,pt,PT_NEVER_BOARDED,20080.000,70776.000,70776.000,102024.000,"164942","164543",false,false,"","","",7,0,0,63660.000,63660.000,true,true,0,0,,NO_LATER_SERVICE,false
"6265222",regional_background,pt,pt,PT_BOARDED_NOT_ARRIVED,40793.000,51480.000,51480.000,121320.000,"22825.2","136827",true,true,"tr_38265","XXX---2270737_3","XXX---2270737_3_0",23,8,0,65700.000,48180.000,false,true,8,0,,TRANSFER_MISSED_AFTER_DELAY,false
"6280823",regional_background,pt,pt,PT_BOARDED_NOT_ARRIVED,74460.000,85002.000,85002.000,87798.000,"101697.1","102028.1",true,true,"tr_20441","XXX---2267045_3","XXX---2267045_3_0",34,0,0,83520.000,83520.000,true,true,0,0,,TRANSFER_MISSED_AFTER_DELAY,false
"6283092",regional_background,pt,pt,PT_BOARDED_NOT_ARRIVED,56880.000,60349.000,60349.000,112451.000,"134473","104585.1",true,true,"tr_17223","XXX---2255051_3","XXX---2255051_3_5",5,1,1,61860.000,61860.000,false,false,1,1,61860.000,COMPATIBLE_SERVICE_NOT_BOARDED,false
"6290115",regional_background,pt,pt,PT_NEVER_BOARDED,64537.000,75879.000,75879.000,96921.000,"22834","22820.2",false,false,"","","",13,0,0,65160.000,65160.000,true,true,0,0,,NO_LATER_SERVICE,false
"6296081",regional_background,pt,pt,PT_BOARDED_NOT_ARRIVED,68760.000,79702.000,79702.000,93098.000,"102338","168397",true,true,"tr_2026","XXX---162443_106","XXX---162443_106_21",39,0,0,72240.000,70440.000,true,true,0,0,,TRANSFER_MISSED_AFTER_DELAY,false
"6299381",regional_background,pt,pt,PT_NEVER_BOARDED,57516.000,61511.000,61511.000,111289.000,"139339","134453.1",false,false,"","","",1,0,0,58100.000,58100.000,true,true,0,0,,NO_LATER_SERVICE,false
"632203",regional_background,pt,pt,PT_BOARDED_NOT_ARRIVED,63420.000,65769.000,65769.000,107031.000,"13873","14078.1",true,true,"tr_29171","XXX---2268708_3","XXX---2268708_3_17",51,2,0,70440.000,63480.000,false,true,2,0,,TRANSFER_MISSED_AFTER_DELAY,false
"6335073",regional_background,pt,pt,PT_NEVER_BOARDED,61192.000,69051.000,69051.000,103749.000,"169007","4303",false,false,"","","",10,0,0,65340.000,65340.000,true,true,0,0,,NO_LATER_SERVICE,false
"6337810",regional_background,pt,pt,PT_NEVER_BOARDED,57100.000,62409.000,62409.000,110391.000,"139674.2","102083.2",false,false,"","","",9,0,0,61800.000,61800.000,true,true,0,0,,NO_LATER_SERVICE,false
"6343552",regional_background,pt,pt,PT_BOARDED_NOT_ARRIVED,58860.000,67768.000,67768.000,105032.000,"101743.1","136773",true,true,"tr_837","XXX---162007_2_1158070147","XXX---162007_2_1158070147_2",22,1,0,69300.000,65700.000,false,true,1,0,,TRANSFER_MISSED_AFTER_DELAY,false
"6344624",regional_background,pt,pt,PT_NEVER_BOARDED,55409.000,58353.000,58353.000,114447.000,"105110.6","102366.1",false,false,"","","",7,0,0,55800.000,55800.000,true,true,0,0,,NO_LATER_SERVICE,false
"6346548",regional_background,walk,pt,PT_NEVER_BOARDED,76005.000,126560.000,126560.000,46240.000,"","",false,false,"","","",0,0,0,,,false,false,0,0,,INSUFFICIENT_EVIDENCE,false
"6347942",regional_background,pt,pt,PT_BOARDED_NOT_ARRIVED,58753.000,70321.000,70321.000,102479.000,"101743.1","136773",true,true,"tr_17844","XXX---2255115_3","XXX---2255115_3_6",22,0,0,69300.000,65700.000,true,true,0,0,,TRANSFER_MISSED_AFTER_DELAY,false
"6356455",regional_background,pt,pt,PT_BOARDED_NOT_ARRIVED,62928.000,70026.000,70026.000,102774.000,"102233.1","168871",true,true,"tr_1011","XXX---162192_4","XXX---162192_4_25",7,0,0,65040.000,65040.000,true,true,0,0,,TRANSFER_MISSED_AFTER_DELAY,false
"6370452",regional_background,pt,pt,PT_NEVER_BOARDED,34170.000,109224.000,109224.000,63576.000,"3605","68240.1",false,false,"","","",1,0,0,41400.000,41400.000,true,true,0,0,,NO_LATER_SERVICE,false
"6383831",regional_background,pt,pt,PT_NEVER_BOARDED,52725.000,62886.000,62886.000,109914.000,"136879.1","22825",false,false,"","","",10,1,0,68220.000,62520.000,false,true,1,0,,NO_COMPATIBLE_CONNECTION,false
"6399858",regional_background,pt,pt,PT_NEVER_BOARDED,43661.000,48165.000,48165.000,124635.000,"135395.2","134275.2",false,false,"","","",1,0,0,46980.000,46980.000,true,true,0,0,,NO_LATER_SERVICE,false
"6421064",regional_background,pt,pt,PT_NEVER_BOARDED,56808.000,64800.000,64800.000,108000.000,"134315","134321",false,false,"","","",3,0,0,62340.000,62340.000,true,true,0,0,,NO_LATER_SERVICE,false
"6424296",regional_background,pt,pt,PT_BOARDED_NOT_ARRIVED,56100.000,63114.000,63114.000,109686.000,"139254.3","143667",true,true,"tr_17816","XXX---2255113_3","XXX---2255113_3_9",2,0,0,58200.000,58200.000,true,true,0,0,,TRANSFER_MISSED_AFTER_DELAY,false
"6427363",regional_background,pt,pt,PT_BOARDED_NOT_ARRIVED,53640.000,67934.000,67934.000,104866.000,"22824","139272",true,true,"tr_38208","XXX---2270732_3","XXX---2270732_3_2",7,0,0,54900.000,54900.000,true,true,0,0,,TRANSFER_MISSED_AFTER_DELAY,false
"6433673",regional_background,pt,pt,PT_BOARDED_NOT_ARRIVED,53460.000,58769.000,58769.000,114031.000,"101743.1","135394.1",true,true,"tr_830","XXX---162007_2_1158070147","XXX---162007_2_1158070147_0",22,6,0,69300.000,54600.000,false,true,6,0,,TRANSFER_MISSED_AFTER_DELAY,false
"6453307",regional_background,pt,pt,PT_BOARDED_NOT_ARRIVED,66840.000,70331.000,70331.000,102469.000,"149427","136374",true,true,"tr_3445","XXX---162461_109","XXX---162461_109_22",8,0,0,67920.000,67920.000,true,true,0,0,,TRANSFER_MISSED_AFTER_DELAY,false
"6468994",regional_background,pt,pt,PT_NEVER_BOARDED,53637.000,71589.000,71589.000,101211.000,"136969","157402.2",false,false,"","","",2,0,0,61800.000,61800.000,true,true,0,0,,NO_LATER_SERVICE,false
"6470896",regional_background,pt,pt,PT_NEVER_BOARDED,11310.000,111384.000,111384.000,61416.000,"182618","101954.1",false,false,"","","",4,0,0,63060.000,63060.000,true,true,0,0,,NO_LATER_SERVICE,false
"6474324",regional_background,pt,pt,PT_BOARDED_NOT_ARRIVED,66660.000,70163.000,70163.000,102637.000,"10895.1","11167.2",true,true,"tr_32284","XXX---2268763_3","XXX---2268763_3_0",94,10,0,81600.000,69240.000,false,true,10,0,,TRANSFER_MISSED_AFTER_DELAY,false
"6478485",regional_background,pt,pt,PT_NEVER_BOARDED,17618.000,83717.000,83717.000,89083.000,"101743.1","136331",false,false,"","","",22,0,0,69300.000,69300.000,true,true,0,0,,NO_LATER_SERVICE,false
"6479779",regional_background,pt,pt,PT_BOARDED_NOT_ARRIVED,47460.000,69107.000,69107.000,103693.000,"102391.1","102357.2",true,true,"tr_17093","XXX---2255042_3","XXX---2255042_3_2",7,0,0,67200.000,51480.000,true,true,0,0,,TRANSFER_MISSED_AFTER_DELAY,false
"6482016",regional_background,pt,pt,PT_BOARDED_NOT_ARRIVED,60060.000,63611.000,63611.000,109189.000,"143652","139254.2",true,true,"tr_795","XXX---162007_2_1158069900","XXX---162007_2_1158069900_5",2,0,0,61380.000,61380.000,true,true,0,0,,TRANSFER_MISSED_AFTER_DELAY,false
"648945",regional_background,pt,pt,PT_NEVER_BOARDED,24971.000,96593.000,96593.000,76207.000,"164785","102176.4",false,false,"","","",2,0,0,27360.000,27360.000,true,true,0,0,,NO_LATER_SERVICE,false
"6494079",regional_background,pt,pt,PT_BOARDED_NOT_ARRIVED,39060.000,74935.000,74935.000,97865.000,"101754","137231.2",true,true,"tr_730","XXX---162007_2_1158069508","XXX---162007_2_1158069508_11",13,0,0,68340.000,45180.000,true,true,0,0,,TRANSFER_MISSED_AFTER_DELAY,false
"6503863",regional_background,pt,pt,PT_BOARDED_NOT_ARRIVED,64440.000,70332.000,70332.000,102468.000,"149427","136383",true,true,"tr_3445","XXX---162461_109","XXX---162461_109_22",8,0,0,67920.000,65520.000,true,true,0,0,,TRANSFER_MISSED_AFTER_DELAY,false
"6529307",regional_background,pt,pt,PT_NEVER_BOARDED,59388.000,65778.000,65778.000,107022.000,"139301","139312.3",false,false,"","","",6,0,0,63120.000,59520.000,true,true,0,0,,NO_LATER_SERVICE,false
"6538305",regional_background,pt,pt,PT_NEVER_BOARDED,66631.000,71600.000,71600.000,101200.000,"101754","137022",false,false,"","","",13,0,0,68340.000,68340.000,true,true,0,0,,NO_LATER_SERVICE,false
"6541523",regional_background,pt,pt,PT_NEVER_BOARDED,77326.000,86089.000,86089.000,86711.000,"174075.1","104300.4",false,false,"","","",19,0,0,85320.000,85320.000,true,true,0,0,,NO_LATER_SERVICE,false
"6548088",regional_background,pt,pt,PT_NEVER_BOARDED,57908.000,65699.000,65699.000,107101.000,"136532","104305.1",false,false,"","","",9,1,0,66780.000,59520.000,false,true,1,0,,NO_COMPATIBLE_CONNECTION,false
"657039",regional_background,pt,pt,PT_BOARDED_NOT_ARRIVED,38520.000,63673.000,63673.000,109127.000,"9600","9565.1",true,true,"tr_3305","XXX---162460_109","XXX---162460_109_30",9,2,0,70740.000,58500.000,false,true,2,0,,TRANSFER_MISSED_AFTER_DELAY,false
"6574892",regional_background,pt,pt,PT_NEVER_BOARDED,60460.000,62739.000,62739.000,110061.000,"68228.1","66808",false,false,"","","",8,0,0,62160.000,60600.000,true,true,0,0,,NO_LATER_SERVICE,false
"6604165",regional_background,pt,pt,PT_NEVER_BOARDED,67530.000,76986.000,76986.000,95814.000,"136827","104585",false,false,"","","",6,0,0,67620.000,67620.000,true,true,0,0,,NO_LATER_SERVICE,false
"6614914",regional_background,pt,pt,PT_NEVER_BOARDED,6531.000,26962.000,26962.000,145838.000,"106483","106214",false,false,"","","",220,194,0,91140.000,15090.000,false,true,194,0,,NO_COMPATIBLE_CONNECTION,false
"6622",regional_background,pt,pt,PT_BOARDED_NOT_ARRIVED,64800.000,75235.000,75235.000,97565.000,"105224.1","3580",true,true,"tr_11129","XXX---2249651_3","XXX---2249651_3_0",69,4,4,87480.000,87480.000,false,false,4,4,75780.000,COMPATIBLE_SERVICE_NOT_BOARDED,false
"6646551",regional_background,pt,pt,PT_NEVER_BOARDED,41140.000,54505.000,54505.000,118295.000,"136860.3","102359.3",false,false,"","","",1,0,0,41400.000,41400.000,true,true,0,0,,NO_LATER_SERVICE,false
"6648293",regional_background,pt,pt,PT_NEVER_BOARDED,63572.000,65548.000,65548.000,107252.000,"22916","22820.1",false,false,"","","",34,7,2,78240.000,71040.000,false,false,7,2,67440.000,COMPATIBLE_SERVICE_NOT_BOARDED,false
"66542",munich_resident,pt,pt,PT_NEVER_BOARDED,3241.000,62120.000,62120.000,110680.000,"106601","108547",false,false,"","","",115,41,0,90960.000,16830.000,false,true,41,0,,NO_COMPATIBLE_CONNECTION,false
"6655687",regional_background,pt,pt,PT_NEVER_BOARDED,63978.000,68453.000,68453.000,104347.000,"22887","22820.2",false,false,"","","",30,3,0,78540.000,65880.000,false,true,3,0,,NO_COMPATIBLE_CONNECTION,false
"6662616",regional_background,pt,pt,PT_BOARDED_NOT_ARRIVED,47928.000,61082.000,61082.000,111718.000,"9673.2","104300.4",true,true,"tr_26506","XXX---2268624_3","XXX---2268624_3_0",43,13,0,84060.000,48660.000,false,true,13,0,,TRANSFER_MISSED_AFTER_DELAY,false
"6671317",regional_background,pt,pt,PT_BOARDED_NOT_ARRIVED,78600.000,82099.000,82099.000,90701.000,"10947.2","11255",true,true,"tr_3514","XXX---162462_109","XXX---162462_109_11",55,0,0,81180.000,81180.000,true,true,0,0,,TRANSFER_MISSED_AFTER_DELAY,false
"6672571",regional_background,pt,pt,PT_NEVER_BOARDED,49077.000,69466.000,69466.000,103334.000,"156483.1","156318.1",false,false,"","","",5,0,0,64260.000,64260.000,true,true,0,0,,NO_LATER_SERVICE,false
"6684106",regional_background,pt,pt,PT_BOARDED_NOT_ARRIVED,41640.000,57978.000,57978.000,114822.000,"175512","175188",true,true,"tr_5413","XXX---1989745_3","XXX---1989745_3_7",73,26,0,83100.000,50520.000,false,true,26,0,,TRANSFER_MISSED_AFTER_DELAY,false
"6687047",regional_background,pt,pt,PT_BOARDED_NOT_ARRIVED,53580.000,60722.000,60722.000,112078.000,"104305.1","137282",true,true,"tr_1304","XXX---162424_106","XXX---162424_106_10",4,0,0,60120.000,57480.000,true,true,0,0,,TRANSFER_MISSED_AFTER_DELAY,false
"6695",regional_background,pt,pt,PT_NEVER_BOARDED,4563.000,69649.000,69649.000,103151.000,"104292.2","102028.2",false,false,"","","",26,4,0,81780.000,65760.000,false,true,4,0,,NO_COMPATIBLE_CONNECTION,false
"6716866",regional_background,pt,pt,PT_BOARDED_NOT_ARRIVED,80020.000,83259.000,83259.000,89541.000,"11100","11038.3",true,true,"tr_20825","XXX---2268533_3","XXX---2268533_3_1",69,0,0,82140.000,82140.000,true,true,0,0,,TRANSFER_MISSED_AFTER_DELAY,false
"6725707",regional_background,pt,pt,PT_NEVER_BOARDED,56546.000,63397.000,63397.000,109403.000,"12104.1","11744.4",false,false,"","","",3,0,0,57000.000,57000.000,true,true,0,0,,NO_LATER_SERVICE,false
"6726749",regional_background,pt,pt,PT_NEVER_BOARDED,6808.000,71856.000,71856.000,100944.000,"109351","106437",false,false,"","","",113,22,22,89190.000,89190.000,false,false,22,22,72003.000,COMPATIBLE_SERVICE_NOT_BOARDED,false
"6732500",regional_background,pt,pt,PT_BOARDED_NOT_ARRIVED,43080.000,46570.000,46570.000,126230.000,"11151.2","104416.1",true,true,"tr_1821","XXX---162433_106","XXX---162433_106_22",79,49,0,89700.000,44160.000,false,true,49,0,,TRANSFER_MISSED_AFTER_DELAY,false
"6752393",regional_background,pt,pt,PT_NEVER_BOARDED,58497.000,65952.000,65952.000,106848.000,"69336","102108.2",false,false,"","","",5,0,0,61920.000,58740.000,true,true,0,0,,NO_LATER_SERVICE,false
"6752398",regional_background,pt,pt,PT_NEVER_BOARDED,40038.000,98697.000,98697.000,74103.000,"10272","135999",false,false,"","","",12,0,0,67320.000,62520.000,true,true,0,0,,NO_LATER_SERVICE,false
"6777334",regional_background,pt,pt,PT_NEVER_BOARDED,74333.000,75817.000,75817.000,96983.000,"109223","109266",false,false,"","","",45,0,0,75540.000,75540.000,true,true,0,0,,NO_LATER_SERVICE,false
"6795852",regional_background,pt,pt,PT_BOARDED_NOT_ARRIVED,37020.000,44169.000,44169.000,128631.000,"127218","127897",true,true,"tr_12662","XXX---2249902_3","XXX---2249902_3_2",9,6,3,67620.000,67620.000,false,false,6,3,44583.000,COMPATIBLE_SERVICE_NOT_BOARDED,false
"6802750",regional_background,pt,pt,PT_NEVER_BOARDED,64786.000,69073.000,69073.000,103727.000,"145771","101695",false,false,"","","",9,0,0,65160.000,65160.000,true,true,0,0,,NO_LATER_SERVICE,false
"6804520",regional_background,pt,pt,PT_NEVER_BOARDED,6097.000,58678.000,58678.000,114122.000,"109064","106054",false,false,"","","",126,45,0,90750.000,14250.000,false,true,45,0,,NO_COMPATIBLE_CONNECTION,false
"681068",regional_background,pt,pt,PT_BOARDED_NOT_ARRIVED,44820.000,51972.000,51972.000,120828.000,"65505.3","65562",true,true,"tr_38668","XXX---2270894_3","XXX---2270894_3_2",2,0,0,45300.000,45240.000,true,true,0,0,,TRANSFER_MISSED_AFTER_DELAY,false
"681474",regional_background,walk,pt,PT_NEVER_BOARDED,61393.000,61393.000,61393.000,111407.000,"","",false,false,"","","",0,0,0,,,false,false,0,0,,INSUFFICIENT_EVIDENCE,false
"681557",regional_background,pt,pt,PT_NEVER_BOARDED,39330.000,44094.000,44094.000,128706.000,"65561","22200",false,false,"","","",2,0,0,43500.000,43500.000,true,true,0,0,,NO_LATER_SERVICE,false
"681701",regional_background,pt,pt,PT_NEVER_BOARDED,34377.000,89353.000,89353.000,83447.000,"175694","175506.1",false,false,"","","",53,0,0,84630.000,84630.000,true,true,0,0,,NO_LATER_SERVICE,false
"682409",regional_background,pt,pt,PT_BOARDED_NOT_ARRIVED,60193.000,70793.000,70793.000,102007.000,"103537.3","65558",true,true,"tr_1011","XXX---162192_4","XXX---162192_4_25",25,2,0,78600.000,69360.000,false,true,2,0,,TRANSFER_MISSED_AFTER_DELAY,false
"6832903",regional_background,pt,pt,PT_NEVER_BOARDED,9394.000,61560.000,61560.000,111240.000,"107837","106055",false,false,"","","",220,76,0,90330.000,14010.000,false,true,76,0,,NO_COMPATIBLE_CONNECTION,false
"6839283",regional_background,pt,pt,PT_NEVER_BOARDED,62070.000,92473.000,92473.000,80327.000,"69535","102112.1",false,false,"","","",34,0,0,73320.000,73320.000,true,true,0,0,,NO_LATER_SERVICE,false
"6846564",regional_background,pt,pt,PT_BOARDED_NOT_ARRIVED,19347.000,82794.000,82794.000,90006.000,"11176.1","11398",true,true,"tr_1920","XXX---162433_106","XXX---162433_106_83",34,0,0,75960.000,74220.000,true,true,0,0,,TRANSFER_MISSED_AFTER_DELAY,false
"6849931",regional_background,pt,pt,PT_NEVER_BOARDED,2683.000,81916.000,81916.000,90884.000,"12799.4","106108.2",false,false,"","","",23,0,0,67140.000,67140.000,true,true,0,0,,NO_LATER_SERVICE,false
"6854270",regional_background,pt,pt,PT_BOARDED_NOT_ARRIVED,58140.000,60380.000,60380.000,112420.000,"127265","145617.1",true,true,"tr_13654","XXX---2249918_0","XXX---2249918_0_8",3,0,0,60360.000,60360.000,true,true,0,0,,TRANSFER_MISSED_AFTER_DELAY,false
"6882567",regional_background,pt,pt,PT_BOARDED_NOT_ARRIVED,61020.000,66566.000,66566.000,106234.000,"135837.10","135812",true,true,"tr_18576","XXX---2255156_3","XXX---2255156_3_14",2,0,0,64320.000,64320.000,true,true,0,0,,TRANSFER_MISSED_AFTER_DELAY,false
"688720",regional_background,pt,pt,PT_BOARDED_NOT_ARRIVED,44760.000,52642.000,52642.000,120158.000,"10681.5","10647",true,true,"tr_26200","XXX---2268614_3","XXX---2268614_3_0",5,2,0,66120.000,45840.000,false,true,2,0,,TRANSFER_MISSED_AFTER_DELAY,false
"689270",regional_background,pt,pt,PT_NEVER_BOARDED,32231.000,87613.000,87613.000,85187.000,"10304","10632",false,false,"","","",78,0,0,87300.000,87300.000,true,true,0,0,,NO_LATER_SERVICE,false
"6897920",regional_background,pt,pt,PT_NEVER_BOARDED,46576.000,52664.000,52664.000,120136.000,"175608","175823",false,false,"","","",48,17,15,84600.000,84600.000,false,false,17,15,54420.000,COMPATIBLE_SERVICE_NOT_BOARDED,false
"6913044",regional_background,pt,pt,PT_NEVER_BOARDED,21101.000,68760.000,68760.000,104040.000,"136071","102552.3",false,false,"","","",10,0,0,67140.000,67140.000,true,true,0,0,,NO_LATER_SERVICE,false
"6921548",regional_background,pt,pt,PT_BOARDED_NOT_ARRIVED,43320.000,57756.000,57756.000,115044.000,"127969.2","127964.2",true,true,"tr_7239","XXX---2183232_3","XXX---2183232_3_12",36,12,0,75900.000,50700.000,false,true,12,0,,TRANSFER_MISSED_AFTER_DELAY,false
"6938597",regional_background,pt,pt,PT_NEVER_BOARDED,52902.000,95481.000,95481.000,77319.000,"102375","102028.9",false,false,"","","",21,0,0,87600.000,87600.000,true,true,0,0,,NO_LATER_SERVICE,false
"695702",regional_background,pt,pt,PT_NEVER_BOARDED,12903.000,89488.000,89488.000,83312.000,"10508","10393.4",false,false,"","","",5,0,0,62520.000,62520.000,true,true,0,0,,NO_LATER_SERVICE,false
"6977285",regional_background,pt,pt,PT_NEVER_BOARDED,65785.000,77918.000,77918.000,94882.000,"145397.1","180807",false,false,"","","",77,6,0,88020.000,71220.000,false,true,6,0,,NO_COMPATIBLE_CONNECTION,false
"6995207",regional_background,pt,pt,PT_BOARDED_NOT_ARRIVED,57163.000,57342.000,57342.000,115458.000,"70881.2","181965.1",true,true,"tr_5457","XXX---1989749_3","XXX---1989749_3_0",3,1,0,82440.000,57300.000,false,true,1,0,,TRANSFER_MISSED_AFTER_DELAY,false
"7007497",regional_background,pt,pt,PT_BOARDED_NOT_ARRIVED,58564.000,72923.000,72923.000,99877.000,"102243.3","70953.1",true,true,"tr_58826","XXX---514706_106","XXX---514706_106_6",3,0,0,60840.000,60600.000,true,true,0,0,,TRANSFER_MISSED_AFTER_DELAY,false
"702478",regional_background,pt,pt,PT_NEVER_BOARDED,42938.000,55972.000,55972.000,116828.000,"104290","22206",false,false,"","","",50,12,0,67620.000,47820.000,false,true,12,0,,NO_COMPATIBLE_CONNECTION,false
"703362",regional_background,pt,pt,PT_NEVER_BOARDED,22064.000,81973.000,81973.000,90827.000,"107819","12800",false,false,"","","",121,23,0,92790.000,74190.000,false,true,23,0,,NO_COMPATIBLE_CONNECTION,false
"704143",regional_background,pt,pt,PT_NEVER_BOARDED,2095.000,56812.000,56812.000,115988.000,"106697.1","106100",false,false,"","","",4,0,0,15060.000,15060.000,true,true,0,0,,NO_LATER_SERVICE,false
"7047574",regional_background,pt,pt,PT_NEVER_BOARDED,63585.000,67776.000,67776.000,105024.000,"102104.5","155008",false,false,"","","",12,0,0,66240.000,66240.000,true,true,0,0,,NO_LATER_SERVICE,false
"7051224",regional_background,pt,pt,PT_NEVER_BOARDED,53109.000,58676.000,58676.000,114124.000,"128998","129059",false,false,"","","",3,0,0,57936.000,57936.000,true,true,0,0,,NO_LATER_SERVICE,false
"7053304",regional_background,pt,pt,PT_BOARDED_NOT_ARRIVED,25260.000,76255.000,76255.000,96545.000,"101675","127919",true,true,"tr_319","XXX---161788_2","XXX---161788_2_133",22,0,0,73200.000,73200.000,true,true,0,0,,TRANSFER_MISSED_AFTER_DELAY,false
"7057279",regional_background,pt,pt,PT_NEVER_BOARDED,61440.000,61440.000,61440.000,111360.000,"141844.1","101692.1",false,false,"","","",6,2,1,61680.000,61440.000,false,false,2,1,61440.000,COMPATIBLE_SERVICE_NOT_BOARDED,false
"7068510",regional_background,pt,pt,PT_BOARDED_NOT_ARRIVED,62100.000,63285.000,63285.000,109515.000,"101694","141834.1",true,true,"tr_113","XXX---161788_2","XXX---161788_2_20",10,2,0,65700.000,62340.000,false,true,2,0,,TRANSFER_MISSED_AFTER_DELAY,false
"7072668",regional_background,pt,pt,PT_BOARDED_NOT_ARRIVED,41066.000,56811.000,56811.000,115989.000,"69490.4","70637",true,true,"tr_38978","XXX---2271029_3","XXX---2271029_3_10",3,0,0,56460.000,56460.000,true,true,0,0,,TRANSFER_MISSED_AFTER_DELAY,false
"708015",regional_background,pt,pt,PT_NEVER_BOARDED,38723.000,43627.000,43627.000,129173.000,"65561","22156",false,false,"","","",2,0,0,43500.000,43500.000,true,true,0,0,,NO_LATER_SERVICE,false
"7084357",regional_background,pt,pt,PT_BOARDED_NOT_ARRIVED,54600.000,61706.000,61706.000,111094.000,"127791.1","145665",true,true,"tr_36992","XXX---2270075_3","XXX---2270075_3_1",43,15,0,88560.000,59400.000,false,true,15,0,,TRANSFER_MISSED_AFTER_DELAY,false
"708684",regional_background,pt,pt,PT_BOARDED_NOT_ARRIVED,55680.000,82518.000,82518.000,90282.000,"22067","22179",true,true,"tr_10989","XXX---2249636_3","XXX---2249636_3_2",2,0,0,63960.000,63960.000,true,true,0,0,,TRANSFER_MISSED_AFTER_DELAY,false
"7100940",regional_background,pt,pt,PT_BOARDED_NOT_ARRIVED,76620.000,81854.000,81854.000,90946.000,"101720.2","101674.4",true,true,"tr_12743","XXX---2249902_3","XXX---2249902_3_7",17,0,0,80880.000,80880.000,true,true,0,0,,TRANSFER_MISSED_AFTER_DELAY,false
"7102339",regional_background,pt,pt,PT_BOARDED_NOT_ARRIVED,21780.000,73907.000,73907.000,98893.000,"101826","127760",true,true,"tr_115","XXX---161788_2","XXX---161788_2_21",2,0,0,41760.000,41760.000,true,true,0,0,,TRANSFER_MISSED_AFTER_DELAY,false
"7103626",regional_background,pt,pt,PT_BOARDED_NOT_ARRIVED,58266.000,62656.000,62656.000,110144.000,"127164","145607",true,true,"tr_35129","XXX---2269731_3","XXX---2269731_3_15",3,0,0,59700.000,59700.000,true,true,0,0,,TRANSFER_MISSED_AFTER_DELAY,false
"7105967",regional_background,pt,pt,PT_NEVER_BOARDED,67486.000,70005.000,70005.000,102795.000,"146004.6","101802.2",false,false,"","","",11,0,0,68220.000,68220.000,true,true,0,0,,NO_LATER_SERVICE,false
"710611",regional_background,pt,pt,PT_NEVER_BOARDED,38011.000,48132.000,48132.000,124668.000,"104291.1","101850.4",false,false,"","","",2,0,0,39480.000,39480.000,true,true,0,0,,NO_LATER_SERVICE,false
"7111388",regional_background,pt,pt,PT_NEVER_BOARDED,13404.000,78263.000,78263.000,94537.000,"101803.1","101674.2",false,false,"","","",50,4,3,88920.000,88920.000,false,false,4,3,83557.000,COMPATIBLE_SERVICE_NOT_BOARDED,false
"7125002",regional_background,pt,pt,PT_NEVER_BOARDED,62204.000,67576.000,67576.000,105224.000,"127538","127910.3",false,false,"","","",21,0,0,67260.000,62340.000,true,true,0,0,,NO_LATER_SERVICE,false
"7128495",regional_background,pt,pt,PT_NEVER_BOARDED,68404.000,72929.000,72929.000,99871.000,"4618","102065.4",false,false,"","","",21,0,0,69300.000,69300.000,true,true,0,0,,NO_LATER_SERVICE,false
"7142637",regional_background,pt,pt,PT_NEVER_BOARDED,36645.000,58215.000,58215.000,114585.000,"8910.1","71089",false,false,"","","",7,0,0,57780.000,57780.000,true,true,0,0,,NO_LATER_SERVICE,false
"7148727",regional_background,pt,pt,PT_NEVER_BOARDED,20200.000,87701.000,87701.000,85099.000,"175766","176093",false,false,"","","",83,0,0,84870.000,84870.000,true,true,0,0,,NO_LATER_SERVICE,false
"7150185",regional_background,pt,pt,PT_BOARDED_NOT_ARRIVED,46260.000,49893.000,49893.000,122907.000,"102131.1","69854",true,true,"tr_1974","XXX---162442_106","XXX---162442_106_7",1,0,0,47040.000,47040.000,true,true,0,0,,TRANSFER_MISSED_AFTER_DELAY,false
"7150586",regional_background,pt,pt,PT_NEVER_BOARDED,28624.000,65173.000,65173.000,107627.000,"181681","181929.2",false,false,"","","",2,0,0,45420.000,45420.000,true,true,0,0,,NO_LATER_SERVICE,false
"715421",regional_background,pt,pt,PT_BOARDED_NOT_ARRIVED,34414.000,85949.000,85949.000,86851.000,"12797.1","13504",true,true,"tr_2776","XXX---162456_109","XXX---162456_109_11",111,0,0,84060.000,78060.000,true,true,0,0,,TRANSFER_MISSED_AFTER_DELAY,false
"716732",regional_background,pt,pt,PT_NEVER_BOARDED,17050.000,118686.000,118686.000,54114.000,"164604.2","102304",false,false,"","","",6,0,0,66120.000,40800.000,true,true,0,0,,NO_LATER_SERVICE,false
"7170398",regional_background,pt,pt,PT_NEVER_BOARDED,59653.000,63817.000,63817.000,108983.000,"173613.1","164552.1",false,false,"","","",7,1,0,67140.000,59820.000,false,true,1,0,,NO_COMPATIBLE_CONNECTION,false
"7176649",regional_background,pt,pt,PT_NEVER_BOARDED,58366.000,75185.000,75185.000,97615.000,"162824","128337.4",false,false,"","","",7,0,0,58820.000,58820.000,true,true,0,0,,NO_LATER_SERVICE,false
"7189924",regional_background,pt,pt,PT_BOARDED_NOT_ARRIVED,58157.000,66178.000,66178.000,106622.000,"101893.1","145694.2",true,true,"tr_116","XXX---161788_2","XXX---161788_2_21",35,5,0,71940.000,59220.000,false,true,5,0,,TRANSFER_MISSED_AFTER_DELAY,false
"7195623",regional_background,pt,pt,PT_BOARDED_NOT_ARRIVED,45915.000,49240.000,49240.000,123560.000,"101801.1","128933",true,true,"tr_37344","XXX---2270099_3","XXX---2270099_3_3",40,21,0,72480.000,46620.000,false,true,21,0,,TRANSFER_MISSED_AFTER_DELAY,false
"7202193",regional_background,pt,pt,PT_BOARDED_NOT_ARRIVED,65700.000,72791.000,72791.000,100009.000,"101694","164604",true,true,"tr_98","XXX---161788_2","XXX---161788_2_12",10,0,0,65700.000,65700.000,true,true,0,0,,TRANSFER_MISSED_AFTER_DELAY,false
"7203054",regional_background,pt,pt,PT_BOARDED_NOT_ARRIVED,59160.000,65593.000,65593.000,107207.000,"101694","141834.1",true,true,"tr_99","XXX---161788_2","XXX---161788_2_12",10,2,0,65700.000,62340.000,false,true,2,0,,TRANSFER_MISSED_AFTER_DELAY,false
"720875",regional_background,pt,pt,PT_BOARDED_NOT_ARRIVED,56880.000,71131.000,71131.000,101669.000,"8913","8985",true,true,"tr_27447","XXX---2268654_3","XXX---2268654_3_2",12,0,0,67200.000,58800.000,true,true,0,0,,TRANSFER_MISSED_AFTER_DELAY,false
"7211388",regional_background,pt,pt,PT_BOARDED_NOT_ARRIVED,53820.000,55458.000,55458.000,117342.000,"127929","127975",true,true,"tr_7234","XXX---2183232_3","XXX---2183232_3_10",20,4,0,75240.000,54180.000,false,true,4,0,,TRANSFER_MISSED_AFTER_DELAY,false
"7211797",regional_background,pt,pt,PT_BOARDED_NOT_ARRIVED,20580.000,83485.000,83485.000,89315.000,"101948","164866",true,true,"tr_2469","XXX---162452_106_3","XXX---162452_106_3_34",38,0,0,76440.000,68220.000,true,true,0,0,,TRANSFER_MISSED_AFTER_DELAY,false
"721277",regional_background,pt,pt,PT_BOARDED_NOT_ARRIVED,27234.000,88370.000,88370.000,84430.000,"12794.1","14194",true,true,"tr_2773","XXX---162456_109","XXX---162456_109_9",66,0,0,81660.000,72060.000,true,true,0,0,,TRANSFER_MISSED_AFTER_DELAY,false
"7214484",regional_background,pt,pt,PT_BOARDED_NOT_ARRIVED,62634.000,63217.000,63217.000,109583.000,"101696.1","164645",true,true,"tr_113","XXX---161788_2","XXX---161788_2_20",8,2,1,65766.000,65766.000,false,false,2,1,65766.000,COMPATIBLE_SERVICE_NOT_BOARDED,false
"7215474",regional_background,pt,pt,PT_BOARDED_NOT_ARRIVED,58926.000,62528.000,62528.000,110272.000,"128471.1","128775",true,true,"tr_35496","XXX---2269764_3","XXX---2269764_3_0",1,0,0,59040.000,59040.000,true,true,0,0,,TRANSFER_MISSED_AFTER_DELAY,false
"7219837",regional_background,pt,pt,PT_BOARDED_NOT_ARRIVED,57510.000,68715.000,68715.000,104085.000,"106117.1","101674.9",true,true,"tr_51658","XXX---2272074_3","XXX---2272074_3_14",14,1,1,71760.000,71760.000,false,false,1,1,71760.000,COMPATIBLE_SERVICE_NOT_BOARDED,false
"7227252",regional_background,pt,pt,PT_BOARDED_NOT_ARRIVED,20580.000,79885.000,79885.000,92915.000,"101948","128869.2",true,true,"tr_2429","XXX---162452_106_3","XXX---162452_106_3_7",38,0,0,76440.000,63060.000,true,true,0,0,,TRANSFER_MISSED_AFTER_DELAY,false
"7228460",regional_background,pt,pt,PT_BOARDED_NOT_ARRIVED,67140.000,68454.000,68454.000,104346.000,"102236","128148",true,true,"tr_2436","XXX---162452_106_3","XXX---162452_106_3_9",60,7,0,84660.000,67140.000,false,true,7,0,,TRANSFER_MISSED_AFTER_DELAY,false
"7231392",regional_background,pt,pt,PT_BOARDED_NOT_ARRIVED,41220.000,45107.000,45107.000,127693.000,"101826","127782",true,true,"tr_119","XXX---161788_2","XXX---161788_2_21",2,0,0,41760.000,41760.000,true,true,0,0,,TRANSFER_MISSED_AFTER_DELAY,false
"7238144",regional_background,pt,pt,PT_BOARDED_NOT_ARRIVED,57420.000,61449.000,61449.000,111351.000,"127237","145622.2",true,true,"tr_13652","XXX---2249918_0","XXX---2249918_0_8",9,1,0,67800.000,60180.000,false,true,1,0,,TRANSFER_MISSED_AFTER_DELAY,false
"7251481",regional_background,pt,pt,PT_NEVER_BOARDED,49240.000,55900.000,55900.000,116900.000,"173654.1","128850.2",false,false,"","","",1,0,0,50820.000,50820.000,true,true,0,0,,NO_LATER_SERVICE,false
"7251632",regional_background,pt,pt,PT_BOARDED_NOT_ARRIVED,73762.000,75634.000,75634.000,97166.000,"145571.2","173583.1",true,true,"tr_14936","XXX---2249922_0","XXX---2249922_0_6",20,0,0,74880.000,74880.000,true,true,0,0,,TRANSFER_MISSED_AFTER_DELAY,false
"7266708",regional_background,pt,pt,PT_NEVER_BOARDED,48250.000,58375.000,58375.000,114425.000,"163913","11744.4",false,false,"","","",34,10,10,81120.000,81120.000,false,false,10,10,59520.000,COMPATIBLE_SERVICE_NOT_BOARDED,false
"7269465",regional_background,pt,pt,PT_NEVER_BOARDED,50120.000,57983.000,57983.000,114817.000,"164578","127792.3",false,false,"","","",4,1,1,61980.000,61980.000,false,false,1,1,61980.000,COMPATIBLE_SERVICE_NOT_BOARDED,false
"7269688",regional_background,pt,pt,PT_NEVER_BOARDED,59069.000,63246.000,63246.000,109554.000,"104225.1","102420.1",false,false,"","","",4,0,0,59700.000,59700.000,true,true,0,0,,NO_LATER_SERVICE,false
"727473",regional_background,pt,pt,PT_NEVER_BOARDED,20447.000,81706.000,81706.000,91094.000,"13217","13293",false,false,"","","",42,0,0,74520.000,74520.000,true,true,0,0,,NO_LATER_SERVICE,false
"728121",regional_background,pt,pt,PT_NEVER_BOARDED,21030.000,73029.000,73029.000,99771.000,"8057","8297",false,false,"","","",15,3,1,83580.000,78600.000,false,false,3,1,78603.000,COMPATIBLE_SERVICE_NOT_BOARDED,false
"7282387",regional_background,pt,pt,PT_NEVER_BOARDED,42226.000,81187.000,81187.000,91613.000,"4335.1","102022.1",false,false,"","","",14,0,0,73140.000,73140.000,true,true,0,0,,NO_LATER_SERVICE,false
"728515",regional_background,pt,pt,PT_BOARDED_NOT_ARRIVED,47340.000,76083.000,76083.000,96717.000,"6897","8129",true,true,"tr_27937","XXX---2268675_3","XXX---2268675_3_1",108,0,0,74820.000,61500.000,true,true,0,0,,TRANSFER_MISSED_AFTER_DELAY,false
"7293238",regional_background,pt,pt,PT_BOARDED_NOT_ARRIVED,55483.000,66870.000,66870.000,105930.000,"101693.3","145685.1",true,true,"tr_116","XXX---161788_2","XXX---161788_2_21",22,1,0,69360.000,62160.000,false,true,1,0,,TRANSFER_MISSED_AFTER_DELAY,false
"7298832",regional_background,pt,pt,PT_BOARDED_NOT_ARRIVED,61200.000,75514.000,75514.000,97286.000,"102459","129025",true,true,"tr_427","XXX---161788_2","XXX---161788_2_194",54,1,0,79920.000,61320.000,false,true,1,0,,TRANSFER_MISSED_AFTER_DELAY,false
"7298972",regional_background,pt,pt,PT_BOARDED_NOT_ARRIVED,60666.000,64770.000,64770.000,108030.000,"128987","129040",true,true,"tr_37144","XXX---2270082_3","XXX---2270082_3_18",63,11,0,98880.000,61440.000,false,true,11,0,,TRANSFER_MISSED_AFTER_DELAY,false
"7300451",regional_background,pt,pt,PT_NEVER_BOARDED,66042.000,71285.000,71285.000,101515.000,"128766.1","127132",false,false,"","","",5,0,0,66060.000,66060.000,true,true,0,0,,NO_LATER_SERVICE,false
"7305139",regional_background,pt,pt,PT_NEVER_BOARDED,70406.000,73620.000,73620.000,99180.000,"127927","127170",false,false,"","","",36,3,0,82140.000,70680.000,false,true,3,0,,NO_COMPATIBLE_CONNECTION,false
"7328920",regional_background,pt,pt,PT_NEVER_BOARDED,15220.000,75582.000,75582.000,97218.000,"127249","101666",false,false,"","","",77,8,0,88140.000,71340.000,false,true,8,0,,NO_COMPATIBLE_CONNECTION,false
"7331611",regional_background,pt,pt,PT_BOARDED_NOT_ARRIVED,57300.000,63407.000,63407.000,109393.000,"101674.1","102238",true,true,"tr_261","XXX---161788_2","XXX---161788_2_100",208,47,0,84420.000,63180.000,false,true,47,0,,TRANSFER_MISSED_AFTER_DELAY,false
"7333832",regional_background,pt,pt,PT_NEVER_BOARDED,66862.000,69579.000,69579.000,103221.000,"127231.2","128492.1",false,false,"","","",50,6,0,83880.000,67140.000,false,true,6,0,,NO_COMPATIBLE_CONNECTION,false
"7341907",regional_background,pt,pt,PT_NEVER_BOARDED,10935.000,66099.000,66099.000,106701.000,"20813.2","145895",false,false,"","","",23,1,0,67860.000,61320.000,false,true,1,0,,NO_COMPATIBLE_CONNECTION,false
"7343125",regional_background,pt,pt,PT_NEVER_BOARDED,10243.000,93348.000,93348.000,79452.000,"102066.5","101817.3",false,false,"","","",34,0,0,85020.000,85020.000,true,true,0,0,,NO_LATER_SERVICE,false
"7346486",regional_background,pt,pt,PT_NEVER_BOARDED,65766.000,68857.000,68857.000,103943.000,"129200.1","102458.3",false,false,"","","",8,0,0,67860.000,65820.000,true,true,0,0,,NO_LATER_SERVICE,false
"7353624",regional_background,pt,pt,PT_NEVER_BOARDED,59580.000,66943.000,66943.000,105857.000,"129186","128951",false,false,"","","",6,0,0,60180.000,59940.000,true,true,0,0,,NO_LATER_SERVICE,false
"7369682",regional_background,pt,pt,PT_NEVER_BOARDED,70986.000,73566.000,73566.000,99234.000,"128319","128078",false,false,"","","",41,7,7,85320.000,85320.000,false,false,7,7,74700.000,COMPATIBLE_SERVICE_NOT_BOARDED,false
"7379351",regional_background,pt,pt,PT_NEVER_BOARDED,55862.000,59513.000,59513.000,113287.000,"145986","129198",false,false,"","","",1,0,0,59220.000,59220.000,true,true,0,0,,NO_LATER_SERVICE,false
"7380033",regional_background,pt,pt,PT_BOARDED_NOT_ARRIVED,59461.000,74721.000,74721.000,98079.000,"145277.1","128909",true,true,"tr_13758","XXX---2249918_0","XXX---2249918_0_9",58,2,0,79260.000,67266.000,false,true,2,0,,TRANSFER_MISSED_AFTER_DELAY,false
"7384394",regional_background,pt,pt,PT_NEVER_BOARDED,48725.000,56033.000,56033.000,116767.000,"128343","127283",false,false,"","","",26,8,0,73980.000,48900.000,false,true,8,0,,NO_COMPATIBLE_CONNECTION,false
"7401491",regional_background,pt,pt,PT_BOARDED_NOT_ARRIVED,74624.000,78197.000,78197.000,94603.000,"102121.2","20863.1",true,true,"tr_2328","XXX---162452_106_1","XXX---162452_106_1_39",11,0,0,76320.000,76320.000,true,true,0,0,,TRANSFER_MISSED_AFTER_DELAY,false
"741098",regional_background,pt,pt,PT_NEVER_BOARDED,44432.000,48918.000,48918.000,123882.000,"62522","9405",false,false,"","","",1,0,0,46800.000,46800.000,true,true,0,0,,NO_LATER_SERVICE,false
"7413333",regional_background,pt,pt,PT_NEVER_BOARDED,67210.000,67721.000,67721.000,105079.000,"127270.1","101667.1",false,false,"","","",13,0,0,67320.000,67320.000,true,true,0,0,,NO_LATER_SERVICE,false
"74157",munich_resident,pt,pt,PT_NEVER_BOARDED,8832.000,62934.000,62934.000,109866.000,"108194","106214",false,false,"","","",152,45,45,92460.000,92460.000,false,false,45,45,63030.000,COMPATIBLE_SERVICE_NOT_BOARDED,false
"7419953",regional_background,pt,pt,PT_NEVER_BOARDED,66154.000,79297.000,79297.000,93503.000,"164781","20814",false,false,"","","",2,0,0,70200.000,70200.000,true,true,0,0,,NO_LATER_SERVICE,false
"7420144",regional_background,pt,pt,PT_NEVER_BOARDED,65399.000,67438.000,67438.000,105362.000,"128132","128286",false,false,"","","",106,22,11,87780.000,87780.000,false,false,22,11,69120.000,COMPATIBLE_SERVICE_NOT_BOARDED,false
"7421170",regional_background,pt,pt,PT_NEVER_BOARDED,47726.000,48710.000,48710.000,124090.000,"128325","128315",false,false,"","","",42,23,2,88590.000,88590.000,false,false,23,2,86130.000,COMPATIBLE_SERVICE_NOT_BOARDED,false
"7421925",regional_background,pt,pt,PT_BOARDED_NOT_ARRIVED,65400.000,67097.000,67097.000,105703.000,"127374.2","128394.2",true,true,"tr_14404","XXX---2249921_0","XXX---2249921_0_0",8,1,0,74400.000,66240.000,false,true,1,0,,TRANSFER_MISSED_AFTER_DELAY,false
"7425207",regional_background,pt,pt,PT_NEVER_BOARDED,15989.000,70256.000,70256.000,102544.000,"145946","129100.1",false,false,"","","",4,0,0,66840.000,66840.000,true,true,0,0,,NO_LATER_SERVICE,false
"7425858",regional_background,pt,pt,PT_NEVER_BOARDED,42913.000,49114.000,49114.000,123686.000,"164899.1","128619.1",false,false,"","","",2,1,0,50520.000,47400.000,false,true,1,0,,NO_COMPATIBLE_CONNECTION,false
"743385",regional_background,pt,pt,PT_NEVER_BOARDED,57136.000,58526.000,58526.000,114274.000,"7298","8074.2",false,false,"","","",13,0,0,57900.000,57780.000,true,true,0,0,,NO_LATER_SERVICE,false
"7462278",regional_background,pt,pt,PT_NEVER_BOARDED,38867.000,92869.000,92869.000,79931.000,"128988.2","146078",false,false,"","","",3,0,0,55860.000,55860.000,true,true,0,0,,NO_LATER_SERVICE,false
"7462503",regional_background,pt,pt,PT_NEVER_BOARDED,54100.000,57160.000,57160.000,115640.000,"145262.2","145985",false,false,"","","",1,0,0,54360.000,54360.000,true,true,0,0,,NO_LATER_SERVICE,false
"747047",regional_background,pt,pt,PT_BOARDED_NOT_ARRIVED,26450.000,85203.000,85203.000,87597.000,"9358.2","9529",true,true,"tr_2854","XXX---162456_109","XXX---162456_109_20",93,1,0,85380.000,84180.000,false,true,1,0,,TRANSFER_MISSED_AFTER_DELAY,false
"7484781",regional_background,pt,pt,PT_BOARDED_NOT_ARRIVED,63480.000,73284.000,73284.000,99516.000,"140573.2","20813",true,true,"tr_35148","XXX---2269731_3","XXX---2269731_3_33",3,0,0,65700.000,65700.000,true,true,0,0,,TRANSFER_MISSED_AFTER_DELAY,false
"749020",regional_background,pt,pt,PT_BOARDED_NOT_ARRIVED,52140.000,61092.000,61092.000,111708.000,"80647","150272",true,true,"tr_16676","XXX---2255006_3","XXX---2255006_3_5",2,0,0,56340.000,56340.000,true,true,0,0,,TRANSFER_MISSED_AFTER_DELAY,false
"753086",regional_background,pt,pt,PT_NEVER_BOARDED,34070.000,137586.000,137586.000,35214.000,"142507","142509.5",false,false,"","","",60,0,0,86940.000,86940.000,true,true,0,0,,NO_LATER_SERVICE,false
"753737",regional_background,pt,pt,PT_NEVER_BOARDED,10707.000,77303.000,77303.000,95497.000,"6115","108496",false,false,"","","",3,0,0,20220.000,20220.000,true,true,0,0,,NO_LATER_SERVICE,false
"757908",regional_background,pt,pt,PT_BOARDED_NOT_ARRIVED,20520.000,69673.000,69673.000,103127.000,"9601","9866",true,true,"tr_3312","XXX---162460_109","XXX---162460_109_31",10,1,0,72000.000,60000.000,false,true,1,0,,TRANSFER_MISSED_AFTER_DELAY,false
"76107",munich_resident,pt,pt,PT_NEVER_BOARDED,6238.000,49071.000,49071.000,123729.000,"108471.3","106053",false,false,"","","",4,0,0,17520.000,13920.000,true,true,0,0,,NO_LATER_SERVICE,false
"763701",regional_background,pt,pt,PT_NEVER_BOARDED,4776.000,80627.000,80627.000,92173.000,"13495","12795.4",false,false,"","","",2,0,0,31320.000,31320.000,true,true,0,0,,NO_LATER_SERVICE,false
"76663",munich_resident,pt,pt,PT_NEVER_BOARDED,10694.000,66874.000,66874.000,105926.000,"106117.5","106046.1",false,false,"","","",12,0,0,58500.000,58500.000,true,true,0,0,,NO_LATER_SERVICE,false
"773255",regional_background,pt,pt,PT_BOARDED_NOT_ARRIVED,56604.000,67464.000,67464.000,105336.000,"7254.1","9278.2",true,true,"tr_2187","XXX---162448_106","XXX---162448_106_2",18,5,0,86160.000,57780.000,false,true,5,0,,TRANSFER_MISSED_AFTER_DELAY,false
"773431",regional_background,pt,pt,PT_NEVER_BOARDED,47247.000,66248.000,66248.000,106552.000,"156585.1","157390",false,false,"","","",9,0,0,58500.000,57900.000,true,true,0,0,,NO_LATER_SERVICE,false
"783697",regional_background,pt,pt,PT_BOARDED_NOT_ARRIVED,7228.000,59983.000,59983.000,112817.000,"9560.4","9383.1",true,true,"tr_2897","XXX---162456_109","XXX---162456_109_29",6,0,0,47520.000,47520.000,true,true,0,0,,TRANSFER_MISSED_AFTER_DELAY,false
"789136",regional_background,pt,pt,PT_BOARDED_NOT_ARRIVED,51780.000,58956.000,58956.000,113844.000,"7252.2","7933",true,true,"tr_2227","XXX---162449_106","XXX---162449_106_2",3,0,0,56100.000,56100.000,true,true,0,0,,TRANSFER_MISSED_AFTER_DELAY,false
"807591",regional_background,pt,pt,PT_NEVER_BOARDED,22724.000,80123.000,80123.000,92677.000,"21764","21796",false,false,"","","",25,0,0,67020.000,67020.000,true,true,0,0,,NO_LATER_SERVICE,false
"81515",munich_resident,pt,pt,PT_NEVER_BOARDED,2822.000,55326.000,55326.000,117474.000,"106863","106138",false,false,"","","",53,27,0,87720.000,14790.000,false,true,27,0,,NO_COMPATIBLE_CONNECTION,false
"824211",regional_background,pt,pt,PT_NEVER_BOARDED,19237.000,88757.000,88757.000,84043.000,"142459","11842.2",false,false,"","","",63,0,0,87720.000,87720.000,true,true,0,0,,NO_LATER_SERVICE,false
"827846",regional_background,pt,pt,PT_NEVER_BOARDED,51932.000,67001.000,67001.000,105799.000,"65562.3","21695",false,false,"","","",5,0,0,57720.000,57720.000,true,true,0,0,,NO_LATER_SERVICE,false
"828793",regional_background,pt,pt,PT_BOARDED_NOT_ARRIVED,50340.000,60955.000,60955.000,111845.000,"22081.1","22108.3",true,true,"tr_37546","XXX---2270125_3","XXX---2270125_3_14",3,0,0,50400.000,50400.000,true,true,0,0,,TRANSFER_MISSED_AFTER_DELAY,false
"829749",regional_background,pt,pt,PT_NEVER_BOARDED,38498.000,77723.000,77723.000,95077.000,"168433","102340.1",false,false,"","","",27,0,0,71280.000,71280.000,true,true,0,0,,NO_LATER_SERVICE,false
"83039",munich_resident,pt,pt,PT_NEVER_BOARDED,11353.000,68504.000,68504.000,104296.000,"107866","106186.1",false,false,"","","",52,6,0,75510.000,16170.000,false,true,6,0,,NO_COMPATIBLE_CONNECTION,false
"84553",munich_resident,pt,pt,PT_NEVER_BOARDED,24782.000,85033.000,85033.000,87767.000,"106980.1","107756.1",false,false,"","","",138,0,0,80010.000,80010.000,true,true,0,0,,NO_LATER_SERVICE,false
"857996",regional_background,pt,pt,PT_NEVER_BOARDED,25054.000,105438.000,105438.000,67362.000,"9123.1","8063.2",false,false,"","","",3,0,0,62160.000,62160.000,true,true,0,0,,NO_LATER_SERVICE,false
"858473",regional_background,pt,pt,PT_BOARDED_NOT_ARRIVED,57060.000,61935.000,61935.000,110865.000,"9406","10808.1",true,true,"tr_26982","XXX---2268637_3","XXX---2268637_3_13",6,0,0,57300.000,57300.000,true,true,0,0,,TRANSFER_MISSED_AFTER_DELAY,false
"864936",regional_background,pt,pt,PT_BOARDED_NOT_ARRIVED,48840.000,52461.000,52461.000,120339.000,"4511","4577.1",true,true,"tr_29881","XXX---2268725_3","XXX---2268725_3_1",5,3,0,63930.000,49860.000,false,true,3,0,,TRANSFER_MISSED_AFTER_DELAY,false
"866035",regional_background,pt,pt,PT_BOARDED_NOT_ARRIVED,46680.000,57432.000,57432.000,115368.000,"4707.1","4557.1",true,true,"tr_4101","XXX---1850865_3","XXX---1850865_3_1",4,0,0,48360.000,48180.000,true,true,0,0,,TRANSFER_MISSED_AFTER_DELAY,false
"866924",regional_background,pt,pt,PT_BOARDED_NOT_ARRIVED,57321.000,71717.000,71717.000,101083.000,"8932.4","9085",true,true,"tr_1447","XXX---162424_106","XXX---162424_106_103",8,0,0,65880.000,65880.000,true,true,0,0,,TRANSFER_MISSED_AFTER_DELAY,false
"87007",munich_resident,pt,pt,PT_NEVER_BOARDED,28332.000,30436.000,30436.000,142364.000,"11710.7","11699.4",false,false,"","","",1,0,0,28380.000,28380.000,true,true,0,0,,NO_LATER_SERVICE,false
"873694",regional_background,pt,pt,PT_BOARDED_NOT_ARRIVED,20821.000,78404.000,78404.000,94396.000,"7279.1","8062.2",true,true,"tr_3611","XXX---162462_109","XXX---162462_109_26",101,10,0,91020.000,72000.000,false,true,10,0,,TRANSFER_MISSED_AFTER_DELAY,false
"887124",regional_background,pt,pt,PT_BOARDED_NOT_ARRIVED,27060.000,28188.000,28188.000,144612.000,"101674.11","106130.5",true,true,"tr_183","XXX---161788_2","XXX---161788_2_47",15,12,5,80100.000,73140.000,false,false,12,5,38512.000,COMPATIBLE_SERVICE_NOT_BOARDED,false
"889483",regional_background,pt,pt,PT_BOARDED_NOT_ARRIVED,56160.000,59661.000,59661.000,113139.000,"4511","5010",true,true,"tr_29883","XXX---2268725_3","XXX---2268725_3_1",5,1,0,63930.000,58140.000,false,true,1,0,,TRANSFER_MISSED_AFTER_DELAY,false
"892121",regional_background,pt,pt,PT_NEVER_BOARDED,24147.000,92714.000,92714.000,80086.000,"156281","65628",false,false,"","","",1,0,0,24720.000,24720.000,true,true,0,0,,NO_LATER_SERVICE,false
"893173",regional_background,pt,pt,PT_NEVER_BOARDED,32918.000,93742.000,93742.000,79058.000,"12799.6","8071.1",false,false,"","","",50,0,0,85740.000,85740.000,true,true,0,0,,NO_LATER_SERVICE,false
"903211",regional_background,pt,pt,PT_BOARDED_NOT_ARRIVED,13380.000,80677.000,80677.000,92123.000,"6881","7229.1",true,true,"tr_58845","XXX---514706_106","XXX---514706_106_14",76,1,0,82200.000,72540.000,false,true,1,0,,TRANSFER_MISSED_AFTER_DELAY,false
"903800",regional_background,pt,pt,PT_NEVER_BOARDED,29756.000,80344.000,80344.000,92456.000,"7432.1","6915.9",false,false,"","","",13,0,0,73920.000,73920.000,true,true,0,0,,NO_LATER_SERVICE,false
"909877",regional_background,pt,pt,PT_BOARDED_NOT_ARRIVED,53594.000,64320.000,64320.000,108480.000,"8931.1","76165.5",true,true,"tr_1455","XXX---162424_106","XXX---162424_106_110",5,0,0,59160.000,59160.000,true,true,0,0,,TRANSFER_MISSED_AFTER_DELAY,false
"918785",regional_background,pt,pt,PT_NEVER_BOARDED,32610.000,86548.000,86548.000,86252.000,"106361","5120",false,false,"","","",360,6,0,91260.000,85500.000,false,true,6,0,,NO_COMPATIBLE_CONNECTION,false
"931878",regional_background,pt,pt,PT_BOARDED_NOT_ARRIVED,22920.000,85697.000,85697.000,87103.000,"5108.1","7035",true,true,"tr_40835","XXX---2272000_1","XXX---2272000_1_8",91,0,0,84060.000,75360.000,true,true,0,0,,TRANSFER_MISSED_AFTER_DELAY,false
"937454",regional_background,pt,pt,PT_NEVER_BOARDED,47677.000,89486.000,89486.000,83314.000,"6999","6820",false,false,"","","",33,0,0,73200.000,73200.000,true,true,0,0,,NO_LATER_SERVICE,false
"946677",regional_background,pt,pt,PT_NEVER_BOARDED,7822.000,50615.000,50615.000,122185.000,"106218.2","106048",false,false,"","","",113,58,0,90210.000,15480.000,false,true,58,0,,NO_COMPATIBLE_CONNECTION,false
"94973",munich_resident,pt,pt,PT_NEVER_BOARDED,968.000,38076.000,38076.000,134724.000,"107866","106186.1",false,false,"","","",52,32,0,75510.000,16170.000,false,true,32,0,,NO_COMPATIBLE_CONNECTION,false
"950197",regional_background,pt,pt,PT_NEVER_BOARDED,1069.000,61331.000,61331.000,111469.000,"4988","101845.1",false,false,"","","",1,0,0,21000.000,21000.000,true,true,0,0,,NO_LATER_SERVICE,false
"95513",munich_resident,pt,pt,PT_NEVER_BOARDED,3683.000,59432.000,59432.000,113368.000,"108858.1","106078",false,false,"","","",82,33,0,89520.000,15720.000,false,true,33,0,,NO_COMPATIBLE_CONNECTION,false
"968081",regional_background,pt,pt,PT_BOARDED_NOT_ARRIVED,25980.000,71526.000,71526.000,101274.000,"6701.1","12518",true,true,"tr_3242","XXX---162460_109","XXX---162460_109_7",45,1,0,74220.000,55320.000,false,true,1,0,,TRANSFER_MISSED_AFTER_DELAY,false
"970431",regional_background,pt,pt,PT_BOARDED_NOT_ARRIVED,19140.000,82093.000,82093.000,90707.000,"102197.2","106130.13",true,true,"tr_164","XXX---161788_2","XXX---161788_2_36",85,5,1,90900.000,82440.000,false,false,5,1,82440.000,COMPATIBLE_SERVICE_NOT_BOARDED,false
"977940",regional_background,pt,pt,PT_BOARDED_NOT_ARRIVED,85620.000,87927.000,87927.000,84873.000,"106060","142457",true,true,"tr_40751","XXX---2272000_1","XXX---2272000_1_0",541,1,0,89220.000,87300.000,false,true,1,0,,TRANSFER_MISSED_AFTER_DELAY,false
"981769",regional_background,pt,pt,PT_NEVER_BOARDED,15158.000,67476.000,67476.000,105324.000,"106899","106056.1",false,false,"","","",4,0,0,15480.000,15480.000,true,true,0,0,,NO_LATER_SERVICE,false
"991268",regional_background,pt,pt,PT_NEVER_BOARDED,14829.000,88045.000,88045.000,84755.000,"102197.2","106130.13",false,false,"","","",85,1,0,90900.000,82440.000,false,true,1,0,,NO_COMPATIBLE_CONNECTION,false
