2026-07-10T16:48:09,300  INFO Gbl:64 JVM: 21.0.10; Eclipse Adoptium; mixed mode, sharing; 64-bit
2026-07-10T16:48:09,301  INFO Gbl:68 OS: Windows 11; 10.0; amd64
2026-07-10T16:48:09,302  INFO Gbl:71 CPU cores: 12
2026-07-10T16:48:09,306  INFO Gbl:72 max. Memory: 1024.0MB (1073741824B)
2026-07-10T16:48:09,307  INFO Gbl:114 MATSim-Build: r7f2ea0d07d20e164b577066595eddc23e3659473 ({2025-04-11 08:55:36})
2026-07-10T16:48:09,307  INFO Gbl:76 Command: org.matsim.project.RunMatsim C:\Users\DavidBerling\Masterarbeit Lokal\WP2\Matsim-example-project-TU-Kurs\scenarios\equil\config.xml
2026-07-10T16:48:09,313  INFO ControlerListenerManagerImpl:112 calling notifyStartup on org.matsim.core.controler.ControlerDefaultsModule$1 with priority 0.0
2026-07-10T16:48:09,315  INFO MemoryObserver:42 used RAM: 48 MB  free: 18 MB  total: 67 MB
2026-07-10T16:48:09,414  INFO ControlerListenerManagerImpl:112 calling notifyStartup on org.matsim.guice.DependencyGraphControlerListener with priority 0.0
2026-07-10T16:48:09,546  INFO ControlerListenerManagerImpl:112 calling notifyStartup on org.matsim.counts.CountsControlerListener with priority 0.0
2026-07-10T16:48:09,546  INFO ControlerListenerManagerImpl:112 calling notifyStartup on org.matsim.analysis.ModeChoiceCoverageControlerListener with priority 0.0
2026-07-10T16:48:09,547  INFO ControlerListenerManagerImpl:112 calling notifyStartup on org.matsim.analysis.ModeStatsControlerListener with priority 0.0
2026-07-10T16:48:09,547  INFO ControlerListenerManagerImpl:112 calling notifyStartup on org.matsim.analysis.ScoreStatsControlerListener with priority 0.0
2026-07-10T16:48:09,549  INFO ControlerListenerManagerImpl:115 all ControlerStartupListeners called.
2026-07-10T16:48:09,551  INFO ControllerUtils:99 config dump before iterations start
2026-07-10T16:48:09,585  INFO ControllerUtils:105 === logging config.xml skipped ===
2026-07-10T16:48:09,586  INFO ControllerUtils:106 To enable debug output, set an environment variable i.e. export LOG_LEVEL='debug', or set log.setLogLevel(Level.DEBUG) in your run class.
2026-07-10T16:48:09,587  INFO ControllerUtils:110 Complete config dump done.
2026-07-10T16:48:09,588  INFO ControllerUtils:111 Checking consistency of config...
2026-07-10T16:48:09,589  INFO VspConfigConsistencyCheckerImpl:62 NOT running vsp config consistency check because vsp defaults checking level is set to IGNORE
2026-07-10T16:48:09,594  INFO ControllerUtils:113 Checking consistency of config done.
2026-07-10T16:48:09,594  INFO PrepareForSimImpl:125 Network seems to be multimodal. Create car-only network which is handed over to PersonPrepareForSim.
2026-07-10T16:48:09,599  INFO NetworkImpl:165  node # 1
2026-07-10T16:48:09,600  INFO NetworkImpl:165  node # 4
2026-07-10T16:48:09,601  INFO NetworkImpl:161  link # 1
2026-07-10T16:48:09,602  INFO NetworkImpl:161  link # 4
2026-07-10T16:48:09,602  INFO NetworkImpl:161  link # 16
2026-07-10T16:48:09,607  WARN PrepareForSimImpl:265 'usePersonIdForMissingVehicleId' is deprecated. It will be removed soon.
2026-07-10T16:48:09,617  INFO Counter:70 [VehiclesImpl] added vehicle # 1
2026-07-10T16:48:09,619  INFO Counter:70 [VehiclesImpl] added vehicle # 2
2026-07-10T16:48:09,620  INFO Counter:70 [VehiclesImpl] added vehicle # 4
2026-07-10T16:48:09,620  INFO Counter:70 [VehiclesImpl] added vehicle # 8
2026-07-10T16:48:09,621  INFO Counter:70 [VehiclesImpl] added vehicle # 16
2026-07-10T16:48:09,622  INFO Counter:70 [VehiclesImpl] added vehicle # 32
2026-07-10T16:48:09,622  INFO Counter:70 [VehiclesImpl] added vehicle # 64
2026-07-10T16:48:09,641  INFO SpeedyALTData:51 find dead ends...
2026-07-10T16:48:09,645  INFO SpeedyALTData:132 calculate landmarks...
2026-07-10T16:48:09,659  INFO SpeedyALTData:173 calculate min travelcost...
2026-07-10T16:48:09,667  INFO NetworkImpl:165  node # 1
2026-07-10T16:48:09,668  INFO NetworkImpl:165  node # 4
2026-07-10T16:48:09,669  INFO NetworkImpl:161  link # 1
2026-07-10T16:48:09,670  INFO NetworkImpl:161  link # 4
2026-07-10T16:48:09,671  INFO NetworkImpl:161  link # 16
2026-07-10T16:48:09,689  INFO NetworkRoutingProvider:151 Checking network for mode 'car' for consistency...
2026-07-10T16:48:09,699  INFO MultimodalNetworkCleaner:104 running org.matsim.core.network.algorithms.MultimodalNetworkCleaner algorithm for modes [car] with connectivity modes []...
2026-07-10T16:48:09,705  INFO MultimodalNetworkCleaner:108   checking 15 nodes and 23 links for dead-ends...
2026-07-10T16:48:09,708  INFO MultimodalNetworkCleaner:126     The biggest cluster consists of 23 links.
2026-07-10T16:48:09,708  INFO MultimodalNetworkCleaner:127   done.
2026-07-10T16:48:09,709  INFO MultimodalNetworkCleaner:151   resulting network contains 15 nodes and 23 links.
2026-07-10T16:48:09,710  INFO MultimodalNetworkCleaner:153 done.
2026-07-10T16:48:09,720  WARN RandomizingTimeDistanceTravelDisutilityFactory:113 There will be no routing randomness. The randomization of the travel disutility requires the monetary distance rate to be different than zero. Continuing anyway.
2026-07-10T16:48:09,721  WARN RandomizingTimeDistanceTravelDisutilityFactory:118 There will be no routing randomness. The randomization of the travel disutility requires the travel time cost rate to be different than zero. Continuing anyway.
2026-07-10T16:48:09,724  INFO RandomizingTimeDistanceTravelDisutilityFactory:86  sigma: 3.0; resulting normalization: 0.011108996538242306
2026-07-10T16:48:09,726  INFO SpeedyALTData:51 find dead ends...
2026-07-10T16:48:09,727  INFO SpeedyALTData:132 calculate landmarks...
2026-07-10T16:48:09,731  INFO SpeedyALTData:173 calculate min travelcost...
2026-07-10T16:48:09,732  WARN NetworkRoutingProvider:137 [mode: car; routingMode: car] Using deprecated routing module without access/egress. Consider using AccessEgressNetworkRouter instead.
2026-07-10T16:48:09,733  INFO SpeedyALTData:51 find dead ends...
2026-07-10T16:48:09,734  INFO SpeedyALTData:132 calculate landmarks...
2026-07-10T16:48:09,745  INFO SpeedyALTData:173 calculate min travelcost...
2026-07-10T16:48:09,749  INFO RandomizingTimeDistanceTravelDisutilityFactory:86  sigma: 3.0; resulting normalization: 0.011108996538242306
2026-07-10T16:48:09,749  WARN NetworkRoutingProvider:137 [mode: car; routingMode: car] Using deprecated routing module without access/egress. Consider using AccessEgressNetworkRouter instead.
2026-07-10T16:48:09,783  INFO Counter:70 [PersonPrepareForSim] handled person # 2
2026-07-10T16:48:09,783  INFO Counter:70 [PersonPrepareForSim] handled person # 1
2026-07-10T16:48:09,785  INFO Counter:70 [PersonPrepareForSim] handled person # 4
2026-07-10T16:48:09,785  INFO Counter:70 [PersonPrepareForSim] handled person # 8
2026-07-10T16:48:09,786  INFO Counter:70 [PersonPrepareForSim] handled person # 16
2026-07-10T16:48:09,787  INFO Counter:70 [PersonPrepareForSim] handled person # 32
2026-07-10T16:48:09,788  INFO Counter:70 [PersonPrepareForSim] handled person # 64
2026-07-10T16:48:09,791  INFO Counter:75 [PersonPrepareForSim] handled person # 100
2026-07-10T16:48:09,792  INFO AbstractController:136 ###################################################
2026-07-10T16:48:09,793  INFO AbstractController:137 ### ITERATION 0 BEGINS
2026-07-10T16:48:09,798  INFO ControlerListenerManagerImpl:156 calling notifyIterationStarts on org.matsim.analysis.LegTimesControlerListener with priority 0.0
2026-07-10T16:48:09,799  INFO EventsManagerImpl:139 === Logging of event-handlers skipped ===
2026-07-10T16:48:09,800  INFO EventsManagerImpl:140 To enable debug output, set an environment variable i.e. export LOG_LEVEL='debug', or set log.setLogLevel(Level.DEBUG) in your run class.
2026-07-10T16:48:09,800  INFO EventsManagerImpl:210     > org.matsim.api.core.v01.events.PersonDepartureEvent
2026-07-10T16:48:09,800  INFO EventsManagerImpl:210     > org.matsim.api.core.v01.events.PersonArrivalEvent
2026-07-10T16:48:09,801  INFO EventsManagerImpl:210     > org.matsim.api.core.v01.events.ActivityEndEvent
2026-07-10T16:48:09,801  INFO EventsManagerImpl:210     > org.matsim.api.core.v01.events.ActivityStartEvent
2026-07-10T16:48:09,801  INFO EventsManagerImpl:139 === Logging of event-handlers skipped ===
2026-07-10T16:48:09,801  INFO EventsManagerImpl:140 To enable debug output, set an environment variable i.e. export LOG_LEVEL='debug', or set log.setLogLevel(Level.DEBUG) in your run class.
2026-07-10T16:48:09,802  INFO EventsManagerImpl:210     > org.matsim.api.core.v01.events.PersonDepartureEvent
2026-07-10T16:48:09,802  INFO EventsManagerImpl:210     > org.matsim.api.core.v01.events.PersonArrivalEvent
2026-07-10T16:48:09,803  INFO EventsManagerImpl:210     > org.matsim.api.core.v01.events.ActivityEndEvent
2026-07-10T16:48:09,803  INFO EventsManagerImpl:210     > org.matsim.api.core.v01.events.ActivityStartEvent
2026-07-10T16:48:09,804  INFO ControlerListenerManagerImpl:156 calling notifyIterationStarts on org.matsim.analysis.LegHistogramListener with priority 0.0
2026-07-10T16:48:09,804  INFO EventsManagerImpl:139 === Logging of event-handlers skipped ===
2026-07-10T16:48:09,804  INFO EventsManagerImpl:140 To enable debug output, set an environment variable i.e. export LOG_LEVEL='debug', or set log.setLogLevel(Level.DEBUG) in your run class.
2026-07-10T16:48:09,804  INFO EventsManagerImpl:210     > org.matsim.api.core.v01.events.PersonDepartureEvent
2026-07-10T16:48:09,805  INFO EventsManagerImpl:210     > org.matsim.api.core.v01.events.PersonArrivalEvent
2026-07-10T16:48:09,805  INFO EventsManagerImpl:210     > org.matsim.api.core.v01.events.PersonStuckEvent
2026-07-10T16:48:09,806  INFO EventsManagerImpl:139 === Logging of event-handlers skipped ===
2026-07-10T16:48:09,806  INFO EventsManagerImpl:140 To enable debug output, set an environment variable i.e. export LOG_LEVEL='debug', or set log.setLogLevel(Level.DEBUG) in your run class.
2026-07-10T16:48:09,806  INFO EventsManagerImpl:210     > org.matsim.api.core.v01.events.PersonDepartureEvent
2026-07-10T16:48:09,806  INFO EventsManagerImpl:210     > org.matsim.api.core.v01.events.PersonArrivalEvent
2026-07-10T16:48:09,806  INFO EventsManagerImpl:210     > org.matsim.api.core.v01.events.PersonStuckEvent
2026-07-10T16:48:09,806  INFO ControlerListenerManagerImpl:156 calling notifyIterationStarts on org.matsim.analysis.LinkStatsControlerListener with priority 0.0
2026-07-10T16:48:09,807  INFO ControlerListenerManagerImpl:156 calling notifyIterationStarts on org.matsim.core.replanning.ReplanningContextImpl with priority 0.0
2026-07-10T16:48:09,807  INFO ControlerListenerManagerImpl:156 calling notifyIterationStarts on org.matsim.core.scoring.ScoringFunctionsForPopulation$$Lambda/0x000001bbb72ffbe0 with priority 0.0
2026-07-10T16:48:09,848  INFO ControlerListenerManagerImpl:156 calling notifyIterationStarts on org.matsim.core.scoring.ExperiencedPlansServiceImpl$1 with priority 0.0
2026-07-10T16:48:09,849  INFO ControlerListenerManagerImpl:159 [it.0] all ControlerIterationStartsListeners called.
2026-07-10T16:48:09,851  INFO ControlerListenerManagerImpl:242 calling notifyBeforeMobsim on org.matsim.core.controler.corelisteners.EventsHandlingImpl with priority 0.0
2026-07-10T16:48:09,851  INFO EventsManagerImpl:173 resetting Event-Handlers
2026-07-10T16:48:09,852  INFO EventsManagerImpl:180   org.matsim.core.trafficmonitoring.TravelTimeCalculator
2026-07-10T16:48:09,852  INFO EventsManagerImpl:180   org.matsim.analysis.VolumesAnalyzer
2026-07-10T16:48:09,852  INFO EventsManagerImpl:180   org.matsim.core.scoring.ScoringFunctionsForPopulation
2026-07-10T16:48:09,852  INFO EventsManagerImpl:180   org.matsim.analysis.LegHistogram
2026-07-10T16:48:09,852  INFO EventsManagerImpl:180   org.matsim.analysis.CalcLegTimes
2026-07-10T16:48:09,859  INFO EventsManagerImpl:139 === Logging of event-handlers skipped ===
2026-07-10T16:48:09,859  INFO EventsManagerImpl:140 To enable debug output, set an environment variable i.e. export LOG_LEVEL='debug', or set log.setLogLevel(Level.DEBUG) in your run class.
2026-07-10T16:48:09,860  INFO EventsManagerImpl:210     > org.matsim.api.core.v01.events.Event
2026-07-10T16:48:09,860  INFO EventsManagerImpl:139 === Logging of event-handlers skipped ===
2026-07-10T16:48:09,860  INFO EventsManagerImpl:140 To enable debug output, set an environment variable i.e. export LOG_LEVEL='debug', or set log.setLogLevel(Level.DEBUG) in your run class.
2026-07-10T16:48:09,860  INFO EventsManagerImpl:210     > org.matsim.api.core.v01.events.Event
2026-07-10T16:48:09,860  INFO ControlerListenerManagerImpl:242 calling notifyBeforeMobsim on org.matsim.core.controler.corelisteners.PlansDumpingImpl with priority 0.0
2026-07-10T16:48:09,861  INFO PlansDumpingImpl:77 dumping plans...
2026-07-10T16:48:10,031  INFO Counter:70 [PopulationWriter] dumped person # 1
2026-07-10T16:48:10,031  INFO Counter:70 [PopulationWriter] dumped person # 2
2026-07-10T16:48:10,031  INFO Counter:70 [PopulationWriter] dumped person # 4
2026-07-10T16:48:10,032  INFO Counter:70 [PopulationWriter] dumped person # 8
2026-07-10T16:48:10,032  INFO Counter:70 [PopulationWriter] dumped person # 16
2026-07-10T16:48:10,032  INFO Counter:70 [PopulationWriter] dumped person # 32
2026-07-10T16:48:10,032  INFO Counter:70 [PopulationWriter] dumped person # 64
2026-07-10T16:48:10,044  INFO Counter:70 [ParallelPopulationWriterV6] dumped person # 1
2026-07-10T16:48:10,045  INFO Counter:70 [ParallelPopulationWriterV6] dumped person # 2
2026-07-10T16:48:10,045  INFO Counter:70 [ParallelPopulationWriterV6] dumped person # 4
2026-07-10T16:48:10,045  INFO Counter:70 [ParallelPopulationWriterV6] dumped person # 8
2026-07-10T16:48:10,046  INFO Counter:70 [ParallelPopulationWriterV6] dumped person # 16
2026-07-10T16:48:10,047  INFO Counter:70 [ParallelPopulationWriterV6] dumped person # 32
2026-07-10T16:48:10,050  INFO Counter:70 [ParallelPopulationWriterV6] dumped person # 64
2026-07-10T16:48:10,053  INFO Counter:75 [ParallelPopulationWriterV6] dumped person # 100
2026-07-10T16:48:10,053  INFO PopulationWriter:150 Population written to: ./output/ITERS/it.0/0.plans.xml.gz
2026-07-10T16:48:10,056  INFO Counter:75 [PopulationWriter] dumped person # 100
2026-07-10T16:48:10,056  INFO PlansDumpingImpl:94 finished plans dump.
2026-07-10T16:48:10,057  INFO ControlerListenerManagerImpl:248 calling notifyBeforeMobsim on org.matsim.core.population.VspPlansCleaner with priority 0.0
2026-07-10T16:48:10,058  INFO ControlerListenerManagerImpl:251 [it.0] all ControlerBeforeMobsimListeners called.
2026-07-10T16:48:10,060  INFO PrepareForMobsimImpl:86 Network seems to be multimodal. Create car-only network which is handed over to PersonPrepareForSim.
2026-07-10T16:48:10,061  INFO NetworkImpl:165  node # 1
2026-07-10T16:48:10,062  INFO NetworkImpl:165  node # 4
2026-07-10T16:48:10,062  INFO NetworkImpl:161  link # 1
2026-07-10T16:48:10,063  INFO NetworkImpl:161  link # 4
2026-07-10T16:48:10,064  INFO NetworkImpl:161  link # 16
2026-07-10T16:48:10,066  INFO RandomizingTimeDistanceTravelDisutilityFactory:86  sigma: 3.0; resulting normalization: 0.011108996538242306
2026-07-10T16:48:10,066  WARN NetworkRoutingProvider:137 [mode: car; routingMode: car] Using deprecated routing module without access/egress. Consider using AccessEgressNetworkRouter instead.
2026-07-10T16:48:10,067  INFO RandomizingTimeDistanceTravelDisutilityFactory:86  sigma: 3.0; resulting normalization: 0.011108996538242306
2026-07-10T16:48:10,068  WARN NetworkRoutingProvider:137 [mode: car; routingMode: car] Using deprecated routing module without access/egress. Consider using AccessEgressNetworkRouter instead.
2026-07-10T16:48:10,069  INFO Counter:70 [PersonPrepareForSim] handled person # 1
2026-07-10T16:48:10,070  INFO Counter:70 [PersonPrepareForSim] handled person # 2
2026-07-10T16:48:10,071  INFO Counter:70 [PersonPrepareForSim] handled person # 4
2026-07-10T16:48:10,071  INFO Counter:70 [PersonPrepareForSim] handled person # 8
2026-07-10T16:48:10,071  INFO Counter:70 [PersonPrepareForSim] handled person # 16
2026-07-10T16:48:10,071  INFO Counter:70 [PersonPrepareForSim] handled person # 32
2026-07-10T16:48:10,072  INFO Counter:70 [PersonPrepareForSim] handled person # 64
2026-07-10T16:48:10,073  INFO Counter:75 [PersonPrepareForSim] handled person # 100
2026-07-10T16:48:10,176  INFO MobsimListenerManager:50 calling addQueueSimulationListener
2026-07-10T16:48:10,177  INFO MobsimListenerManager:54   assigned class org.matsim.core.mobsim.framework.listeners.MobsimListener to interface org.matsim.core.mobsim.framework.listeners.MobsimListener
2026-07-10T16:48:10,177  INFO MobsimListenerManager:54   assigned class org.matsim.core.mobsim.framework.listeners.MobsimListener to interface org.matsim.core.mobsim.framework.listeners.MobsimBeforeCleanupListener
2026-07-10T16:48:10,177  INFO MobsimListenerManager:54   assigned class org.matsim.core.mobsim.framework.listeners.MobsimListener to interface org.matsim.vis.snapshotwriters.SnapshotWriterManager
2026-07-10T16:48:10,178  INFO MobsimListenerManager:54   assigned class org.matsim.core.mobsim.framework.listeners.MobsimListener to interface org.matsim.core.mobsim.framework.listeners.MobsimInitializedListener
2026-07-10T16:48:10,178  INFO MobsimListenerManager:54   assigned class org.matsim.core.mobsim.framework.listeners.MobsimListener to interface org.matsim.core.mobsim.framework.listeners.MobsimAfterSimStepListener
2026-07-10T16:48:10,188  INFO QSimProvider:131 Added MobsimEngine class org.matsim.core.mobsim.qsim.ActivityEngineDefaultImpl
2026-07-10T16:48:10,188  INFO QSimProvider:137 Added Activityhandler class org.matsim.core.mobsim.qsim.ActivityEngineDefaultImpl
2026-07-10T16:48:10,218  WARN QueueWithBuffer:504 Link 1 too small: enlarge storage capacity from: 1333.3333333333333 Vehicles to: 3599.712023038157 Vehicles.  This is not fatal, but modifies the traffic flow dynamics.
2026-07-10T16:48:10,220  WARN QueueWithBuffer:504 Link 20 too small: enlarge storage capacity from: 1333.3333333333333 Vehicles to: 3599.712023038157 Vehicles.  This is not fatal, but modifies the traffic flow dynamics.
2026-07-10T16:48:10,220  WARN QueueWithBuffer:504 Link 21 too small: enlarge storage capacity from: 1333.3333333333333 Vehicles to: 3599.712023038157 Vehicles.  This is not fatal, but modifies the traffic flow dynamics.
2026-07-10T16:48:10,221  WARN QueueWithBuffer:504 Link 22 too small: enlarge storage capacity from: 4666.666666666667 Vehicles to: 12598.99208063355 Vehicles.  This is not fatal, but modifies the traffic flow dynamics.
2026-07-10T16:48:10,221  WARN QueueWithBuffer:504 Link 23 too small: enlarge storage capacity from: 1333.3333333333333 Vehicles to: 3599.712023038157 Vehicles.  This is not fatal, but modifies the traffic flow dynamics.
2026-07-10T16:48:10,222  INFO QSimProvider:131 Added MobsimEngine class org.matsim.core.mobsim.qsim.qnetsimengine.QNetsimEngineWithThreadpool
2026-07-10T16:48:10,223  INFO QSimProvider:143 Added DepartureHandler class org.matsim.core.mobsim.qsim.qnetsimengine.NetworkModeDepartureHandlerDefaultImpl
2026-07-10T16:48:10,223  INFO QSimProvider:131 Added MobsimEngine class org.matsim.core.mobsim.qsim.DefaultTeleportationEngine
2026-07-10T16:48:10,224  INFO QSimProvider:143 Added DepartureHandler class org.matsim.core.mobsim.qsim.DefaultTeleportationEngine
2026-07-10T16:48:10,224  INFO QSimProvider:149 Added AgentSource class org.matsim.core.mobsim.qsim.agents.PopulationAgentSource
2026-07-10T16:48:10,225  INFO MobsimListenerManager:50 calling addQueueSimulationListener
2026-07-10T16:48:10,225  INFO MobsimListenerManager:54   assigned class org.matsim.core.mobsim.framework.listeners.MobsimListener to interface org.matsim.core.mobsim.framework.listeners.MobsimBeforeSimStepListener
2026-07-10T16:48:10,225  INFO MobsimListenerManager:54   assigned class org.matsim.core.mobsim.framework.listeners.MobsimListener to interface org.matsim.core.mobsim.framework.listeners.MobsimListener
2026-07-10T16:48:10,225  INFO MobsimListenerManager:54   assigned class org.matsim.core.mobsim.framework.listeners.MobsimListener to interface org.matsim.core.mobsim.qsim.messagequeueengine.MessageQueueEngine
2026-07-10T16:48:10,225  INFO QSimProvider:155 Added MobsimListener class org.matsim.core.mobsim.qsim.messagequeueengine.MessageQueueEngine
2026-07-10T16:48:10,236  INFO PopulationUtils:1292 adding scenario element for allpersons container
2026-07-10T16:48:10,236  INFO PopulationImpl:111  person # 1
2026-07-10T16:48:10,237  INFO PopulationImpl:111  person # 4
2026-07-10T16:48:10,237  INFO PopulationImpl:111  person # 16
2026-07-10T16:48:10,238  INFO PopulationImpl:111  person # 64
2026-07-10T16:48:10,240  INFO VehicleUtils:431 adding scenario element for allvehicles container
2026-07-10T16:48:10,240  INFO Counter:70 [VehiclesImpl] added vehicle # 1
2026-07-10T16:48:10,241  INFO Counter:70 [VehiclesImpl] added vehicle # 2
2026-07-10T16:48:10,241  INFO Counter:70 [VehiclesImpl] added vehicle # 4
2026-07-10T16:48:10,241  INFO Counter:70 [VehiclesImpl] added vehicle # 8
2026-07-10T16:48:10,242  INFO Counter:70 [VehiclesImpl] added vehicle # 16
2026-07-10T16:48:10,242  INFO Counter:70 [VehiclesImpl] added vehicle # 32
2026-07-10T16:48:10,243  INFO Counter:70 [VehiclesImpl] added vehicle # 64
2026-07-10T16:48:10,250  INFO AbstractQNetsimEngine:418 Assigned 15 nodes and 23 links to QSimEngineRunner #0
2026-07-10T16:48:10,254  INFO EventsManagerImpl:116  event # 1
2026-07-10T16:48:10,259  INFO EventsManagerImpl:116  event # 4
2026-07-10T16:48:10,264  INFO AbstractQNetsimEngine:356 SIMULATION (QNetsimEngine) AT 05:58:30 : #links=0 #nodes=1
2026-07-10T16:48:10,274  INFO QSim:552 SIMULATION (NEW QSim) AT 05:58:30 : #Veh=100 lost=0 simT=0.0s realT=0s; (s/r): 0.0
2026-07-10T16:48:10,291  INFO EventsManagerImpl:116  event # 16
2026-07-10T16:48:10,299  INFO AbstractQNetsimEngine:356 SIMULATION (QNetsimEngine) AT 06:00:00 : #links=2 #nodes=1
2026-07-10T16:48:10,299  INFO EventsManagerImpl:116  event # 64
2026-07-10T16:48:10,299  INFO QSim:552 SIMULATION (NEW QSim) AT 06:00:00 : #Veh=100 lost=0 simT=90.0s realT=0s; (s/r): Infinity
2026-07-10T16:48:10,304  INFO EventsManagerImpl:116  event # 256
2026-07-10T16:48:10,449  INFO EventsManagerImpl:116  event # 1024
2026-07-10T16:48:10,649  INFO AbstractQNetsimEngine:356 SIMULATION (QNetsimEngine) AT 07:00:00 : #links=1 #nodes=1
2026-07-10T16:48:10,649  INFO QSim:552 SIMULATION (NEW QSim) AT 07:00:00 : #Veh=100 lost=0 simT=3690.0s realT=0s; (s/r): Infinity
2026-07-10T16:48:10,882  INFO AbstractQNetsimEngine:356 SIMULATION (QNetsimEngine) AT 08:00:00 : #links=1 #nodes=0
2026-07-10T16:48:10,882  INFO QSim:552 SIMULATION (NEW QSim) AT 08:00:00 : #Veh=5 lost=0 simT=7290.0s realT=0s; (s/r): Infinity
2026-07-10T16:48:11,063  INFO AbstractQNetsimEngine:356 SIMULATION (QNetsimEngine) AT 09:00:00 : #links=1 #nodes=0
2026-07-10T16:48:11,063  INFO QSim:552 SIMULATION (NEW QSim) AT 09:00:00 : #Veh=4 lost=0 simT=10890.0s realT=0s; (s/r): Infinity
2026-07-10T16:48:11,245  INFO AbstractQNetsimEngine:356 SIMULATION (QNetsimEngine) AT 10:00:00 : #links=0 #nodes=0
2026-07-10T16:48:11,245  INFO QSim:552 SIMULATION (NEW QSim) AT 10:00:00 : #Veh=2 lost=0 simT=14490.0s realT=1s; (s/r): 14490.0
2026-07-10T16:48:11,423  INFO AbstractQNetsimEngine:356 SIMULATION (QNetsimEngine) AT 11:00:00 : #links=0 #nodes=0
2026-07-10T16:48:11,423  INFO QSim:552 SIMULATION (NEW QSim) AT 11:00:00 : #Veh=1 lost=0 simT=18090.0s realT=1s; (s/r): 18090.0
2026-07-10T16:48:11,592  INFO AbstractQNetsimEngine:356 SIMULATION (QNetsimEngine) AT 12:00:00 : #links=0 #nodes=0
2026-07-10T16:48:11,592  INFO QSim:552 SIMULATION (NEW QSim) AT 12:00:00 : #Veh=1 lost=0 simT=21690.0s realT=1s; (s/r): 21690.0
2026-07-10T16:48:11,772  INFO AbstractQNetsimEngine:356 SIMULATION (QNetsimEngine) AT 13:00:00 : #links=1 #nodes=0
2026-07-10T16:48:11,773  INFO QSim:552 SIMULATION (NEW QSim) AT 13:00:00 : #Veh=1 lost=0 simT=25290.0s realT=1s; (s/r): 25290.0
2026-07-10T16:48:11,894  INFO AbstractController$9:237 ### ITERATION 0 fires after mobsim event
2026-07-10T16:48:11,894  INFO Gbl:196 Thread performance: Thread=class org.matsim.core.events.SimStepParallelEventsManagerImpl$ProcessEventsRunnable0  cpu-time=0.28125sec
2026-07-10T16:48:11,895  INFO ControlerListenerManagerImpl:269 calling notifyAfterMobsim on org.matsim.analysis.LegTimesControlerListener with priority 0.0
2026-07-10T16:48:11,899  INFO LegTimesControlerListener:73 [0] average leg duration is: 2013 seconds = 00:33:33
2026-07-10T16:48:11,899  INFO ControlerListenerManagerImpl:269 calling notifyAfterMobsim on org.matsim.core.events.MobsimScopeEventHandling with priority 0.0
2026-07-10T16:48:11,901  INFO ControlerListenerManagerImpl:269 calling notifyAfterMobsim on org.matsim.core.scoring.EventsToActivities$1 with priority 0.0
2026-07-10T16:48:11,902  INFO ControlerListenerManagerImpl:272 [it.0] all ControlerAfterMobsimListeners called.
2026-07-10T16:48:11,903  INFO AbstractController$4:162 ### ITERATION 0 fires scoring event
2026-07-10T16:48:11,904  INFO ControlerListenerManagerImpl:197 calling notifyScoring on org.matsim.core.scoring.PlansScoringImpl with priority 0.0
2026-07-10T16:48:11,907  INFO NewScoreAssignerImpl:60 it: 0 msaStart: null
2026-07-10T16:48:11,908  INFO ControlerListenerManagerImpl:209 [it.0] all ControlerScoringListeners called.
2026-07-10T16:48:11,909  INFO AbstractController$5:170 ### ITERATION 0 fires iteration end event
2026-07-10T16:48:11,909  INFO ControlerListenerManagerImpl:172 calling notifyIterationEnds on org.matsim.core.controler.corelisteners.EventsHandlingImpl with priority 0.0
2026-07-10T16:48:11,911  INFO EventsManagerImpl:164 removing Event-Handler: org.matsim.core.events.algorithms.EventWriterXML
2026-07-10T16:48:11,911  INFO EventsManagerImpl:164 removing Event-Handler: org.matsim.core.events.algorithms.EventWriterXML
2026-07-10T16:48:11,912  INFO ControlerListenerManagerImpl:172 calling notifyIterationEnds on org.matsim.core.scoring.PlansScoringImpl with priority 0.0
2026-07-10T16:48:11,913  INFO ControlerListenerManagerImpl:180 calling notifyIterationEnds on org.matsim.counts.CountsControlerListener with priority 0.0
2026-07-10T16:48:11,913  INFO ControlerListenerManagerImpl:180 calling notifyIterationEnds on org.matsim.analysis.ModeChoiceCoverageControlerListener with priority 0.0
2026-07-10T16:48:11,918  INFO ModeChoiceCoverageControlerListener:144 -- mode choice coverage (1x) of mode car = 1.0
2026-07-10T16:48:11,918  INFO ModeChoiceCoverageControlerListener:144 -- mode choice coverage (5x) of mode car = 0.0
2026-07-10T16:48:11,918  INFO ModeChoiceCoverageControlerListener:144 -- mode choice coverage (10x) of mode car = 0.0
2026-07-10T16:48:11,922  INFO ControlerListenerManagerImpl:180 calling notifyIterationEnds on org.matsim.analysis.ModeStatsControlerListener with priority 0.0
2026-07-10T16:48:11,924  INFO ModeStatsControlerListener:133 Mode shares over all 201.0 trips found. MainModeIdentifier: class org.matsim.core.router.DefaultAnalysisMainModeIdentifier
2026-07-10T16:48:11,924  INFO ModeStatsControlerListener:140 -- mode share of mode car = 1.0
2026-07-10T16:48:11,926  INFO ControlerListenerManagerImpl:180 calling notifyIterationEnds on org.matsim.analysis.ScoreStatsControlerListener with priority 0.0
2026-07-10T16:48:11,928  INFO ScoreStatsControlerListener:154 -- avg. score of the executed plan of each agent: 63.28722434746835
2026-07-10T16:48:11,928  INFO ScoreStatsControlerListener:155 -- avg. score of the worst plan of each agent: 63.28722434746835
2026-07-10T16:48:11,928  INFO ScoreStatsControlerListener:156 -- avg. of the avg. plan score per agent: 63.28722434746835
2026-07-10T16:48:11,928  INFO ScoreStatsControlerListener:157 -- avg. score of the best plan of each agent: 63.28722434746835
2026-07-10T16:48:11,936  INFO ControlerListenerManagerImpl:180 calling notifyIterationEnds on org.matsim.analysis.IterationTravelStatsControlerListener with priority 0.0
2026-07-10T16:48:11,957  INFO TravelDistanceStats:115 -- average leg distance per plan (executed plans only): 44776.119402985074 meters
2026-07-10T16:48:11,958  INFO TravelDistanceStats:116 average leg distance per Person (executed plans only): 90000.0 meters (statistic on all 201 legs which have a finite distance)
2026-07-10T16:48:11,958  INFO TravelDistanceStats:117 -- average trip distance per plan (executed plans only): 44776.119402985074 meters
2026-07-10T16:48:11,958  INFO TravelDistanceStats:118 average trip distance per Person (executed plans only): 90000.0 meters (statistic on all 201 trips which have a finite distance)
2026-07-10T16:48:11,958  INFO TravelDistanceStats:119 (TravelDistanceStats takes an average over all legs where the simulation reports travelled (network) distances
2026-07-10T16:48:11,959  INFO TravelDistanceStats:120 (and teleported legs whose route contains a distance.)
2026-07-10T16:48:12,016  INFO ActivityWriter:39 Writing all Activities to activitiescsv
2026-07-10T16:48:12,027  INFO ActivityWriter:59 ...done
2026-07-10T16:48:12,028  INFO ControlerListenerManagerImpl:180 calling notifyIterationEnds on org.matsim.analysis.LegTimesControlerListener with priority 0.0
2026-07-10T16:48:12,028  INFO EventsManagerImpl:164 removing Event-Handler: org.matsim.analysis.CalcLegTimes
2026-07-10T16:48:12,028  INFO EventsManagerImpl:164 removing Event-Handler: org.matsim.analysis.CalcLegTimes
2026-07-10T16:48:12,028  INFO ControlerListenerManagerImpl:180 calling notifyIterationEnds on org.matsim.analysis.LegHistogramListener with priority 0.0
2026-07-10T16:48:12,041  INFO LegHistogramListener:78 number of legs:	402	100%
2026-07-10T16:48:12,044  INFO LegHistogramListener:85 number of car legs:	402	100.0%
2026-07-10T16:48:12,584  INFO ControlerListenerManagerImpl:180 calling notifyIterationEnds on org.matsim.analysis.LinkStatsControlerListener with priority 0.0
2026-07-10T16:48:12,584  INFO ControlerListenerManagerImpl:184 [it.0] all ControlerIterationEndsListeners called.
2026-07-10T16:48:12,673  INFO AbstractController:184 ### ITERATION 0 ENDS
2026-07-10T16:48:12,673  INFO AbstractController:185 ###################################################
2026-07-10T16:48:12,674  INFO AbstractController:136 ###################################################
2026-07-10T16:48:12,674  INFO AbstractController:137 ### ITERATION 1 BEGINS
2026-07-10T16:48:12,675  INFO ControlerListenerManagerImpl:156 calling notifyIterationStarts on org.matsim.analysis.LegTimesControlerListener with priority 0.0
2026-07-10T16:48:12,676  INFO EventsManagerImpl:139 === Logging of event-handlers skipped ===
2026-07-10T16:48:12,676  INFO EventsManagerImpl:140 To enable debug output, set an environment variable i.e. export LOG_LEVEL='debug', or set log.setLogLevel(Level.DEBUG) in your run class.
2026-07-10T16:48:12,676  INFO EventsManagerImpl:210     > org.matsim.api.core.v01.events.PersonDepartureEvent
2026-07-10T16:48:12,676  INFO EventsManagerImpl:210     > org.matsim.api.core.v01.events.PersonArrivalEvent
2026-07-10T16:48:12,676  INFO EventsManagerImpl:210     > org.matsim.api.core.v01.events.ActivityEndEvent
2026-07-10T16:48:12,676  INFO EventsManagerImpl:210     > org.matsim.api.core.v01.events.ActivityStartEvent
2026-07-10T16:48:12,677  INFO EventsManagerImpl:139 === Logging of event-handlers skipped ===
2026-07-10T16:48:12,677  INFO EventsManagerImpl:140 To enable debug output, set an environment variable i.e. export LOG_LEVEL='debug', or set log.setLogLevel(Level.DEBUG) in your run class.
2026-07-10T16:48:12,677  INFO EventsManagerImpl:210     > org.matsim.api.core.v01.events.PersonDepartureEvent
2026-07-10T16:48:12,677  INFO EventsManagerImpl:210     > org.matsim.api.core.v01.events.PersonArrivalEvent
2026-07-10T16:48:12,677  INFO EventsManagerImpl:210     > org.matsim.api.core.v01.events.ActivityEndEvent
2026-07-10T16:48:12,677  INFO EventsManagerImpl:210     > org.matsim.api.core.v01.events.ActivityStartEvent
2026-07-10T16:48:12,677  INFO ControlerListenerManagerImpl:156 calling notifyIterationStarts on org.matsim.analysis.LegHistogramListener with priority 0.0
2026-07-10T16:48:12,677  INFO EventsManagerImpl:139 === Logging of event-handlers skipped ===
2026-07-10T16:48:12,678  INFO EventsManagerImpl:140 To enable debug output, set an environment variable i.e. export LOG_LEVEL='debug', or set log.setLogLevel(Level.DEBUG) in your run class.
2026-07-10T16:48:12,678  INFO EventsManagerImpl:210     > org.matsim.api.core.v01.events.PersonDepartureEvent
2026-07-10T16:48:12,678  INFO EventsManagerImpl:210     > org.matsim.api.core.v01.events.PersonArrivalEvent
2026-07-10T16:48:12,678  INFO EventsManagerImpl:210     > org.matsim.api.core.v01.events.PersonStuckEvent
2026-07-10T16:48:12,678  INFO EventsManagerImpl:139 === Logging of event-handlers skipped ===
2026-07-10T16:48:12,678  INFO EventsManagerImpl:140 To enable debug output, set an environment variable i.e. export LOG_LEVEL='debug', or set log.setLogLevel(Level.DEBUG) in your run class.
2026-07-10T16:48:12,678  INFO EventsManagerImpl:210     > org.matsim.api.core.v01.events.PersonDepartureEvent
2026-07-10T16:48:12,678  INFO EventsManagerImpl:210     > org.matsim.api.core.v01.events.PersonArrivalEvent
2026-07-10T16:48:12,679  INFO EventsManagerImpl:210     > org.matsim.api.core.v01.events.PersonStuckEvent
2026-07-10T16:48:12,679  INFO ControlerListenerManagerImpl:156 calling notifyIterationStarts on org.matsim.analysis.LinkStatsControlerListener with priority 0.0
2026-07-10T16:48:12,679  INFO ControlerListenerManagerImpl:156 calling notifyIterationStarts on org.matsim.core.replanning.ReplanningContextImpl with priority 0.0
2026-07-10T16:48:12,679  INFO ControlerListenerManagerImpl:156 calling notifyIterationStarts on org.matsim.core.scoring.ScoringFunctionsForPopulation$$Lambda/0x000001bbb72ffbe0 with priority 0.0
2026-07-10T16:48:12,680  INFO ControlerListenerManagerImpl:156 calling notifyIterationStarts on org.matsim.core.scoring.ExperiencedPlansServiceImpl$1 with priority 0.0
2026-07-10T16:48:12,681  INFO ControlerListenerManagerImpl:159 [it.1] all ControlerIterationStartsListeners called.
2026-07-10T16:48:12,684  INFO ControlerListenerManagerImpl:221 calling notifyReplanning on org.matsim.core.controler.corelisteners.PlansReplanningImpl with priority 0.0
2026-07-10T16:48:12,686  INFO RandomizingTimeDistanceTravelDisutilityFactory:86  sigma: 3.0; resulting normalization: 0.011108996538242306
2026-07-10T16:48:12,686  WARN NetworkRoutingProvider:137 [mode: car; routingMode: car] Using deprecated routing module without access/egress. Consider using AccessEgressNetworkRouter instead.
2026-07-10T16:48:12,688  INFO RandomizingTimeDistanceTravelDisutilityFactory:86  sigma: 3.0; resulting normalization: 0.011108996538242306
2026-07-10T16:48:12,689  WARN NetworkRoutingProvider:137 [mode: car; routingMode: car] Using deprecated routing module without access/egress. Consider using AccessEgressNetworkRouter instead.
2026-07-10T16:48:12,695  INFO GenericPlanStrategyImpl:135 Plan-Strategy finished, 89 plans handled. Strategy: BestPlanSelector
2026-07-10T16:48:12,696  INFO AbstractMultithreadedModule:142 [PlanRouter] starting 2 threads, handling 11 plans
2026-07-10T16:48:12,705  INFO Counter:70 [PlanRouter] handled plan # 2
2026-07-10T16:48:12,705  INFO Counter:70 [PlanRouter] handled plan # 1
2026-07-10T16:48:12,707  INFO Counter:70 [PlanRouter] handled plan # 4
2026-07-10T16:48:12,707  INFO Counter:70 [PlanRouter] handled plan # 8
2026-07-10T16:48:12,708  INFO AbstractMultithreadedModule:157 [PlanRouter] all 2 threads finished.
2026-07-10T16:48:12,709  INFO GenericPlanStrategyImpl:135 Plan-Strategy finished, 11 plans handled. Strategy: RandomPlanSelector_ReRoute
2026-07-10T16:48:12,710  INFO ControlerListenerManagerImpl:230 [it.1] all ControlerReplanningListeners called.
2026-07-10T16:48:12,710  INFO ControlerListenerManagerImpl:242 calling notifyBeforeMobsim on org.matsim.core.controler.corelisteners.EventsHandlingImpl with priority 0.0
2026-07-10T16:48:12,710  INFO EventsManagerImpl:173 resetting Event-Handlers
2026-07-10T16:48:12,710  INFO EventsManagerImpl:180   org.matsim.core.trafficmonitoring.TravelTimeCalculator
2026-07-10T16:48:12,710  INFO EventsManagerImpl:180   org.matsim.analysis.VolumesAnalyzer
2026-07-10T16:48:12,711  INFO EventsManagerImpl:180   org.matsim.core.scoring.ScoringFunctionsForPopulation
2026-07-10T16:48:12,711  INFO EventsManagerImpl:180   org.matsim.analysis.LegHistogram
2026-07-10T16:48:12,711  INFO EventsManagerImpl:180   org.matsim.analysis.CalcLegTimes
2026-07-10T16:48:12,711  INFO ControlerListenerManagerImpl:242 calling notifyBeforeMobsim on org.matsim.core.controler.corelisteners.PlansDumpingImpl with priority 0.0
2026-07-10T16:48:12,711  INFO PlansDumpingImpl:77 dumping plans...
2026-07-10T16:48:12,715  INFO Counter:70 [PopulationWriter] dumped person # 1
2026-07-10T16:48:12,716  INFO Counter:70 [PopulationWriter] dumped person # 2
2026-07-10T16:48:12,716  INFO Counter:70 [PopulationWriter] dumped person # 4
2026-07-10T16:48:12,716  INFO Counter:70 [PopulationWriter] dumped person # 8
2026-07-10T16:48:12,716  INFO Counter:70 [PopulationWriter] dumped person # 16
2026-07-10T16:48:12,716  INFO Counter:70 [PopulationWriter] dumped person # 32
2026-07-10T16:48:12,716  INFO Counter:70 [PopulationWriter] dumped person # 64
2026-07-10T16:48:12,716  INFO Counter:70 [ParallelPopulationWriterV6] dumped person # 1
2026-07-10T16:48:12,717  INFO Counter:70 [ParallelPopulationWriterV6] dumped person # 2
2026-07-10T16:48:12,717  INFO Counter:70 [ParallelPopulationWriterV6] dumped person # 4
2026-07-10T16:48:12,717  INFO Counter:70 [ParallelPopulationWriterV6] dumped person # 8
2026-07-10T16:48:12,718  INFO Counter:70 [ParallelPopulationWriterV6] dumped person # 16
2026-07-10T16:48:12,719  INFO Counter:70 [ParallelPopulationWriterV6] dumped person # 32
2026-07-10T16:48:12,721  INFO Counter:70 [ParallelPopulationWriterV6] dumped person # 64
2026-07-10T16:48:12,723  INFO Counter:75 [ParallelPopulationWriterV6] dumped person # 100
2026-07-10T16:48:12,723  INFO PopulationWriter:150 Population written to: ./output/ITERS/it.1/1.plans.xml.gz
2026-07-10T16:48:12,725  INFO Counter:75 [PopulationWriter] dumped person # 100
2026-07-10T16:48:12,725  INFO PlansDumpingImpl:94 finished plans dump.
2026-07-10T16:48:12,725  INFO ControlerListenerManagerImpl:248 calling notifyBeforeMobsim on org.matsim.core.population.VspPlansCleaner with priority 0.0
2026-07-10T16:48:12,726  INFO ControlerListenerManagerImpl:251 [it.1] all ControlerBeforeMobsimListeners called.
2026-07-10T16:48:12,726  INFO PrepareForMobsimImpl:86 Network seems to be multimodal. Create car-only network which is handed over to PersonPrepareForSim.
2026-07-10T16:48:12,726  INFO NetworkImpl:165  node # 1
2026-07-10T16:48:12,726  INFO NetworkImpl:165  node # 4
2026-07-10T16:48:12,727  INFO NetworkImpl:161  link # 1
2026-07-10T16:48:12,727  INFO NetworkImpl:161  link # 4
2026-07-10T16:48:12,727  INFO NetworkImpl:161  link # 16
2026-07-10T16:48:12,728  INFO RandomizingTimeDistanceTravelDisutilityFactory:86  sigma: 3.0; resulting normalization: 0.011108996538242306
2026-07-10T16:48:12,728  WARN NetworkRoutingProvider:137 [mode: car; routingMode: car] Using deprecated routing module without access/egress. Consider using AccessEgressNetworkRouter instead.
2026-07-10T16:48:12,729  INFO RandomizingTimeDistanceTravelDisutilityFactory:86  sigma: 3.0; resulting normalization: 0.011108996538242306
2026-07-10T16:48:12,729  WARN NetworkRoutingProvider:137 [mode: car; routingMode: car] Using deprecated routing module without access/egress. Consider using AccessEgressNetworkRouter instead.
2026-07-10T16:48:12,731  INFO Counter:70 [PersonPrepareForSim] handled person # 2
2026-07-10T16:48:12,731  INFO Counter:70 [PersonPrepareForSim] handled person # 1
2026-07-10T16:48:12,732  INFO Counter:70 [PersonPrepareForSim] handled person # 8
2026-07-10T16:48:12,732  INFO Counter:70 [PersonPrepareForSim] handled person # 4
2026-07-10T16:48:12,733  INFO Counter:70 [PersonPrepareForSim] handled person # 16
2026-07-10T16:48:12,733  INFO Counter:70 [PersonPrepareForSim] handled person # 32
2026-07-10T16:48:12,734  INFO Counter:70 [PersonPrepareForSim] handled person # 64
2026-07-10T16:48:12,734  INFO Counter:75 [PersonPrepareForSim] handled person # 100
2026-07-10T16:48:12,770  INFO MobsimListenerManager:50 calling addQueueSimulationListener
2026-07-10T16:48:12,771  INFO MobsimListenerManager:54   assigned class org.matsim.core.mobsim.framework.listeners.MobsimListener to interface org.matsim.core.mobsim.framework.listeners.MobsimListener
2026-07-10T16:48:12,771  INFO MobsimListenerManager:54   assigned class org.matsim.core.mobsim.framework.listeners.MobsimListener to interface org.matsim.core.mobsim.framework.listeners.MobsimBeforeCleanupListener
2026-07-10T16:48:12,771  INFO MobsimListenerManager:54   assigned class org.matsim.core.mobsim.framework.listeners.MobsimListener to interface org.matsim.vis.snapshotwriters.SnapshotWriterManager
2026-07-10T16:48:12,771  INFO MobsimListenerManager:54   assigned class org.matsim.core.mobsim.framework.listeners.MobsimListener to interface org.matsim.core.mobsim.framework.listeners.MobsimInitializedListener
2026-07-10T16:48:12,771  INFO MobsimListenerManager:54   assigned class org.matsim.core.mobsim.framework.listeners.MobsimListener to interface org.matsim.core.mobsim.framework.listeners.MobsimAfterSimStepListener
2026-07-10T16:48:12,772  INFO QSimProvider:131 Added MobsimEngine class org.matsim.core.mobsim.qsim.ActivityEngineDefaultImpl
2026-07-10T16:48:12,772  INFO QSimProvider:137 Added Activityhandler class org.matsim.core.mobsim.qsim.ActivityEngineDefaultImpl
2026-07-10T16:48:12,773  WARN QueueWithBuffer:504 Link 1 too small: enlarge storage capacity from: 1333.3333333333333 Vehicles to: 3599.712023038157 Vehicles.  This is not fatal, but modifies the traffic flow dynamics.
2026-07-10T16:48:12,774  WARN QueueWithBuffer:504 Link 20 too small: enlarge storage capacity from: 1333.3333333333333 Vehicles to: 3599.712023038157 Vehicles.  This is not fatal, but modifies the traffic flow dynamics.
2026-07-10T16:48:12,774  WARN QueueWithBuffer:504 Link 21 too small: enlarge storage capacity from: 1333.3333333333333 Vehicles to: 3599.712023038157 Vehicles.  This is not fatal, but modifies the traffic flow dynamics.
2026-07-10T16:48:12,774  WARN QueueWithBuffer:504 Link 22 too small: enlarge storage capacity from: 4666.666666666667 Vehicles to: 12598.99208063355 Vehicles.  This is not fatal, but modifies the traffic flow dynamics.
2026-07-10T16:48:12,775  WARN QueueWithBuffer:504 Link 23 too small: enlarge storage capacity from: 1333.3333333333333 Vehicles to: 3599.712023038157 Vehicles.  This is not fatal, but modifies the traffic flow dynamics.
2026-07-10T16:48:12,776  INFO QSimProvider:131 Added MobsimEngine class org.matsim.core.mobsim.qsim.qnetsimengine.QNetsimEngineWithThreadpool
2026-07-10T16:48:12,777  INFO QSimProvider:143 Added DepartureHandler class org.matsim.core.mobsim.qsim.qnetsimengine.NetworkModeDepartureHandlerDefaultImpl
2026-07-10T16:48:12,778  INFO QSimProvider:131 Added MobsimEngine class org.matsim.core.mobsim.qsim.DefaultTeleportationEngine
2026-07-10T16:48:12,778  INFO QSimProvider:143 Added DepartureHandler class org.matsim.core.mobsim.qsim.DefaultTeleportationEngine
2026-07-10T16:48:12,778  INFO QSimProvider:149 Added AgentSource class org.matsim.core.mobsim.qsim.agents.PopulationAgentSource
2026-07-10T16:48:12,779  INFO MobsimListenerManager:50 calling addQueueSimulationListener
2026-07-10T16:48:12,779  INFO MobsimListenerManager:54   assigned class org.matsim.core.mobsim.framework.listeners.MobsimListener to interface org.matsim.core.mobsim.framework.listeners.MobsimBeforeSimStepListener
2026-07-10T16:48:12,779  INFO MobsimListenerManager:54   assigned class org.matsim.core.mobsim.framework.listeners.MobsimListener to interface org.matsim.core.mobsim.framework.listeners.MobsimListener
2026-07-10T16:48:12,779  INFO MobsimListenerManager:54   assigned class org.matsim.core.mobsim.framework.listeners.MobsimListener to interface org.matsim.core.mobsim.qsim.messagequeueengine.MessageQueueEngine
2026-07-10T16:48:12,779  INFO QSimProvider:155 Added MobsimListener class org.matsim.core.mobsim.qsim.messagequeueengine.MessageQueueEngine
2026-07-10T16:48:12,782  INFO AbstractQNetsimEngine:418 Assigned 15 nodes and 23 links to QSimEngineRunner #0
2026-07-10T16:48:12,784  INFO AbstractQNetsimEngine:356 SIMULATION (QNetsimEngine) AT 05:58:30 : #links=0 #nodes=1
2026-07-10T16:48:12,785  INFO QSim:552 SIMULATION (NEW QSim) AT 05:58:30 : #Veh=100 lost=0 simT=0.0s realT=0s; (s/r): 0.0
2026-07-10T16:48:12,797  INFO AbstractQNetsimEngine:356 SIMULATION (QNetsimEngine) AT 06:00:00 : #links=2 #nodes=1
2026-07-10T16:48:12,797  INFO QSim:552 SIMULATION (NEW QSim) AT 06:00:00 : #Veh=100 lost=0 simT=90.0s realT=0s; (s/r): Infinity
2026-07-10T16:48:12,911  INFO EventsManagerImpl:116  event # 4096
2026-07-10T16:48:13,060  INFO AbstractQNetsimEngine:356 SIMULATION (QNetsimEngine) AT 07:00:00 : #links=2 #nodes=1
2026-07-10T16:48:13,060  INFO QSim:552 SIMULATION (NEW QSim) AT 07:00:00 : #Veh=100 lost=0 simT=3690.0s realT=0s; (s/r): Infinity
2026-07-10T16:48:13,293  INFO AbstractQNetsimEngine:356 SIMULATION (QNetsimEngine) AT 08:00:00 : #links=1 #nodes=0
2026-07-10T16:48:13,293  INFO QSim:552 SIMULATION (NEW QSim) AT 08:00:00 : #Veh=5 lost=0 simT=7290.0s realT=0s; (s/r): Infinity
2026-07-10T16:48:13,455  INFO AbstractQNetsimEngine:356 SIMULATION (QNetsimEngine) AT 09:00:00 : #links=1 #nodes=0
2026-07-10T16:48:13,455  INFO QSim:552 SIMULATION (NEW QSim) AT 09:00:00 : #Veh=4 lost=0 simT=10890.0s realT=0s; (s/r): Infinity
2026-07-10T16:48:13,616  INFO AbstractQNetsimEngine:356 SIMULATION (QNetsimEngine) AT 10:00:00 : #links=0 #nodes=0
2026-07-10T16:48:13,616  INFO QSim:552 SIMULATION (NEW QSim) AT 10:00:00 : #Veh=2 lost=0 simT=14490.0s realT=0s; (s/r): Infinity
2026-07-10T16:48:13,780  INFO AbstractQNetsimEngine:356 SIMULATION (QNetsimEngine) AT 11:00:00 : #links=0 #nodes=0
2026-07-10T16:48:13,780  INFO QSim:552 SIMULATION (NEW QSim) AT 11:00:00 : #Veh=1 lost=0 simT=18090.0s realT=1s; (s/r): 18090.0
2026-07-10T16:48:13,931  INFO AbstractQNetsimEngine:356 SIMULATION (QNetsimEngine) AT 12:00:00 : #links=0 #nodes=0
2026-07-10T16:48:13,931  INFO QSim:552 SIMULATION (NEW QSim) AT 12:00:00 : #Veh=1 lost=0 simT=21690.0s realT=1s; (s/r): 21690.0
2026-07-10T16:48:14,084  INFO AbstractQNetsimEngine:356 SIMULATION (QNetsimEngine) AT 13:00:00 : #links=1 #nodes=0
2026-07-10T16:48:14,084  INFO QSim:552 SIMULATION (NEW QSim) AT 13:00:00 : #Veh=1 lost=0 simT=25290.0s realT=1s; (s/r): 25290.0
2026-07-10T16:48:14,186  INFO Gbl:196 Thread performance: Thread=class org.matsim.core.events.SimStepParallelEventsManagerImpl$ProcessEventsRunnable0  cpu-time=0.1875sec
2026-07-10T16:48:14,186  INFO AbstractController$9:237 ### ITERATION 1 fires after mobsim event
2026-07-10T16:48:14,187  INFO ControlerListenerManagerImpl:269 calling notifyAfterMobsim on org.matsim.analysis.LegTimesControlerListener with priority 0.0
2026-07-10T16:48:14,189  INFO LegTimesControlerListener:73 [1] average leg duration is: 1961 seconds = 00:32:41
2026-07-10T16:48:14,189  INFO ControlerListenerManagerImpl:269 calling notifyAfterMobsim on org.matsim.core.events.MobsimScopeEventHandling with priority 0.0
2026-07-10T16:48:14,189  INFO ControlerListenerManagerImpl:269 calling notifyAfterMobsim on org.matsim.core.scoring.EventsToActivities$1 with priority 0.0
2026-07-10T16:48:14,190  INFO ControlerListenerManagerImpl:272 [it.1] all ControlerAfterMobsimListeners called.
2026-07-10T16:48:14,191  INFO AbstractController$4:162 ### ITERATION 1 fires scoring event
2026-07-10T16:48:14,191  INFO ControlerListenerManagerImpl:197 calling notifyScoring on org.matsim.core.scoring.PlansScoringImpl with priority 0.0
2026-07-10T16:48:14,192  INFO NewScoreAssignerImpl:60 it: 1 msaStart: null
2026-07-10T16:48:14,192  INFO ControlerListenerManagerImpl:209 [it.1] all ControlerScoringListeners called.
2026-07-10T16:48:14,192  INFO AbstractController$5:170 ### ITERATION 1 fires iteration end event
2026-07-10T16:48:14,192  INFO ControlerListenerManagerImpl:172 calling notifyIterationEnds on org.matsim.core.controler.corelisteners.EventsHandlingImpl with priority 0.0
2026-07-10T16:48:14,192  INFO ControlerListenerManagerImpl:172 calling notifyIterationEnds on org.matsim.core.scoring.PlansScoringImpl with priority 0.0
2026-07-10T16:48:14,193  INFO ControlerListenerManagerImpl:180 calling notifyIterationEnds on org.matsim.counts.CountsControlerListener with priority 0.0
2026-07-10T16:48:14,193  INFO ControlerListenerManagerImpl:180 calling notifyIterationEnds on org.matsim.analysis.ModeChoiceCoverageControlerListener with priority 0.0
2026-07-10T16:48:14,194  INFO ModeChoiceCoverageControlerListener:144 -- mode choice coverage (1x) of mode car = 1.0
2026-07-10T16:48:14,195  INFO ModeChoiceCoverageControlerListener:144 -- mode choice coverage (5x) of mode car = 0.0
2026-07-10T16:48:14,195  INFO ModeChoiceCoverageControlerListener:144 -- mode choice coverage (10x) of mode car = 0.0
2026-07-10T16:48:14,382  INFO ControlerListenerManagerImpl:180 calling notifyIterationEnds on org.matsim.analysis.ModeStatsControlerListener with priority 0.0
2026-07-10T16:48:14,383  INFO ModeStatsControlerListener:133 Mode shares over all 201.0 trips found. MainModeIdentifier: class org.matsim.core.router.DefaultAnalysisMainModeIdentifier
2026-07-10T16:48:14,383  INFO ModeStatsControlerListener:140 -- mode share of mode car = 1.0
2026-07-10T16:48:14,515  INFO ControlerListenerManagerImpl:180 calling notifyIterationEnds on org.matsim.analysis.ScoreStatsControlerListener with priority 0.0
2026-07-10T16:48:14,515  INFO ScoreStatsControlerListener:154 -- avg. score of the executed plan of each agent: 63.520610503003326
2026-07-10T16:48:14,515  INFO ScoreStatsControlerListener:155 -- avg. score of the worst plan of each agent: 63.29500339778825
2026-07-10T16:48:14,515  INFO ScoreStatsControlerListener:156 -- avg. of the avg. plan score per agent: 63.40780695039579
2026-07-10T16:48:14,515  INFO ScoreStatsControlerListener:157 -- avg. score of the best plan of each agent: 63.520610503003326
2026-07-10T16:48:14,575  INFO ControlerListenerManagerImpl:180 calling notifyIterationEnds on org.matsim.analysis.IterationTravelStatsControlerListener with priority 0.0
2026-07-10T16:48:14,577  INFO TravelDistanceStats:115 -- average leg distance per plan (executed plans only): 44776.119402985074 meters
2026-07-10T16:48:14,577  INFO TravelDistanceStats:116 average leg distance per Person (executed plans only): 90000.0 meters (statistic on all 201 legs which have a finite distance)
2026-07-10T16:48:14,578  INFO TravelDistanceStats:117 -- average trip distance per plan (executed plans only): 44776.119402985074 meters
2026-07-10T16:48:14,578  INFO TravelDistanceStats:118 average trip distance per Person (executed plans only): 90000.0 meters (statistic on all 201 trips which have a finite distance)
2026-07-10T16:48:14,578  INFO TravelDistanceStats:119 (TravelDistanceStats takes an average over all legs where the simulation reports travelled (network) distances
2026-07-10T16:48:14,578  INFO TravelDistanceStats:120 (and teleported legs whose route contains a distance.)
2026-07-10T16:48:14,692  INFO ActivityWriter:39 Writing all Activities to activitiescsv
2026-07-10T16:48:14,697  INFO ActivityWriter:59 ...done
2026-07-10T16:48:14,698  INFO ControlerListenerManagerImpl:180 calling notifyIterationEnds on org.matsim.analysis.LegTimesControlerListener with priority 0.0
2026-07-10T16:48:14,699  INFO EventsManagerImpl:164 removing Event-Handler: org.matsim.analysis.CalcLegTimes
2026-07-10T16:48:14,699  INFO EventsManagerImpl:164 removing Event-Handler: org.matsim.analysis.CalcLegTimes
2026-07-10T16:48:14,699  INFO ControlerListenerManagerImpl:180 calling notifyIterationEnds on org.matsim.analysis.LegHistogramListener with priority 0.0
2026-07-10T16:48:14,709  INFO LegHistogramListener:78 number of legs:	603	100%
2026-07-10T16:48:14,709  INFO LegHistogramListener:85 number of car legs:	603	100.0%
2026-07-10T16:48:14,804  INFO ControlerListenerManagerImpl:180 calling notifyIterationEnds on org.matsim.analysis.LinkStatsControlerListener with priority 0.0
2026-07-10T16:48:14,805  INFO ControlerListenerManagerImpl:184 [it.1] all ControlerIterationEndsListeners called.
2026-07-10T16:48:14,863  INFO AbstractController:184 ### ITERATION 1 ENDS
2026-07-10T16:48:14,864  INFO AbstractController:185 ###################################################
2026-07-10T16:48:14,864  INFO AbstractController:136 ###################################################
2026-07-10T16:48:14,864  INFO AbstractController:137 ### ITERATION 2 BEGINS
2026-07-10T16:48:14,865  INFO ControlerListenerManagerImpl:156 calling notifyIterationStarts on org.matsim.analysis.LegTimesControlerListener with priority 0.0
2026-07-10T16:48:14,865  INFO EventsManagerImpl:139 === Logging of event-handlers skipped ===
2026-07-10T16:48:14,866  INFO EventsManagerImpl:140 To enable debug output, set an environment variable i.e. export LOG_LEVEL='debug', or set log.setLogLevel(Level.DEBUG) in your run class.
2026-07-10T16:48:14,866  INFO EventsManagerImpl:210     > org.matsim.api.core.v01.events.PersonDepartureEvent
2026-07-10T16:48:14,866  INFO EventsManagerImpl:210     > org.matsim.api.core.v01.events.PersonArrivalEvent
2026-07-10T16:48:14,866  INFO EventsManagerImpl:210     > org.matsim.api.core.v01.events.ActivityEndEvent
2026-07-10T16:48:14,866  INFO EventsManagerImpl:210     > org.matsim.api.core.v01.events.ActivityStartEvent
2026-07-10T16:48:14,866  INFO EventsManagerImpl:139 === Logging of event-handlers skipped ===
2026-07-10T16:48:14,866  INFO EventsManagerImpl:140 To enable debug output, set an environment variable i.e. export LOG_LEVEL='debug', or set log.setLogLevel(Level.DEBUG) in your run class.
2026-07-10T16:48:14,866  INFO EventsManagerImpl:210     > org.matsim.api.core.v01.events.PersonDepartureEvent
2026-07-10T16:48:14,866  INFO EventsManagerImpl:210     > org.matsim.api.core.v01.events.PersonArrivalEvent
2026-07-10T16:48:14,866  INFO EventsManagerImpl:210     > org.matsim.api.core.v01.events.ActivityEndEvent
2026-07-10T16:48:14,866  INFO EventsManagerImpl:210     > org.matsim.api.core.v01.events.ActivityStartEvent
2026-07-10T16:48:14,866  INFO ControlerListenerManagerImpl:156 calling notifyIterationStarts on org.matsim.analysis.LegHistogramListener with priority 0.0
2026-07-10T16:48:14,866  INFO EventsManagerImpl:139 === Logging of event-handlers skipped ===
2026-07-10T16:48:14,866  INFO EventsManagerImpl:140 To enable debug output, set an environment variable i.e. export LOG_LEVEL='debug', or set log.setLogLevel(Level.DEBUG) in your run class.
2026-07-10T16:48:14,867  INFO EventsManagerImpl:210     > org.matsim.api.core.v01.events.PersonDepartureEvent
2026-07-10T16:48:14,867  INFO EventsManagerImpl:210     > org.matsim.api.core.v01.events.PersonArrivalEvent
2026-07-10T16:48:14,867  INFO EventsManagerImpl:210     > org.matsim.api.core.v01.events.PersonStuckEvent
2026-07-10T16:48:14,867  INFO EventsManagerImpl:139 === Logging of event-handlers skipped ===
2026-07-10T16:48:14,867  INFO EventsManagerImpl:140 To enable debug output, set an environment variable i.e. export LOG_LEVEL='debug', or set log.setLogLevel(Level.DEBUG) in your run class.
2026-07-10T16:48:14,867  INFO EventsManagerImpl:210     > org.matsim.api.core.v01.events.PersonDepartureEvent
2026-07-10T16:48:14,867  INFO EventsManagerImpl:210     > org.matsim.api.core.v01.events.PersonArrivalEvent
2026-07-10T16:48:14,867  INFO EventsManagerImpl:210     > org.matsim.api.core.v01.events.PersonStuckEvent
2026-07-10T16:48:14,867  INFO ControlerListenerManagerImpl:156 calling notifyIterationStarts on org.matsim.analysis.LinkStatsControlerListener with priority 0.0
2026-07-10T16:48:14,867  INFO ControlerListenerManagerImpl:156 calling notifyIterationStarts on org.matsim.core.replanning.ReplanningContextImpl with priority 0.0
2026-07-10T16:48:14,867  INFO ControlerListenerManagerImpl:156 calling notifyIterationStarts on org.matsim.core.scoring.ScoringFunctionsForPopulation$$Lambda/0x000001bbb72ffbe0 with priority 0.0
2026-07-10T16:48:14,868  INFO ControlerListenerManagerImpl:156 calling notifyIterationStarts on org.matsim.core.scoring.ExperiencedPlansServiceImpl$1 with priority 0.0
2026-07-10T16:48:14,868  INFO ControlerListenerManagerImpl:159 [it.2] all ControlerIterationStartsListeners called.
2026-07-10T16:48:14,868  INFO ControlerListenerManagerImpl:221 calling notifyReplanning on org.matsim.core.controler.corelisteners.PlansReplanningImpl with priority 0.0
2026-07-10T16:48:14,868  INFO RandomizingTimeDistanceTravelDisutilityFactory:86  sigma: 3.0; resulting normalization: 0.011108996538242306
2026-07-10T16:48:14,869  WARN NetworkRoutingProvider:137 [mode: car; routingMode: car] Using deprecated routing module without access/egress. Consider using AccessEgressNetworkRouter instead.
2026-07-10T16:48:14,869  INFO RandomizingTimeDistanceTravelDisutilityFactory:86  sigma: 3.0; resulting normalization: 0.011108996538242306
2026-07-10T16:48:14,870  WARN NetworkRoutingProvider:137 [mode: car; routingMode: car] Using deprecated routing module without access/egress. Consider using AccessEgressNetworkRouter instead.
2026-07-10T16:48:14,871  INFO GenericPlanStrategyImpl:135 Plan-Strategy finished, 89 plans handled. Strategy: BestPlanSelector
2026-07-10T16:48:14,871  INFO AbstractMultithreadedModule:142 [PlanRouter] starting 2 threads, handling 11 plans
2026-07-10T16:48:14,872  INFO Counter:70 [PlanRouter] handled plan # 1
2026-07-10T16:48:14,872  INFO Counter:70 [PlanRouter] handled plan # 2
2026-07-10T16:48:14,873  INFO Counter:70 [PlanRouter] handled plan # 4
2026-07-10T16:48:14,874  INFO Counter:70 [PlanRouter] handled plan # 8
2026-07-10T16:48:14,874  INFO AbstractMultithreadedModule:157 [PlanRouter] all 2 threads finished.
2026-07-10T16:48:14,875  INFO GenericPlanStrategyImpl:135 Plan-Strategy finished, 11 plans handled. Strategy: RandomPlanSelector_ReRoute
2026-07-10T16:48:14,875  INFO ControlerListenerManagerImpl:230 [it.2] all ControlerReplanningListeners called.
2026-07-10T16:48:14,875  INFO ControlerListenerManagerImpl:242 calling notifyBeforeMobsim on org.matsim.core.controler.corelisteners.EventsHandlingImpl with priority 0.0
2026-07-10T16:48:14,875  INFO EventsManagerImpl:173 resetting Event-Handlers
2026-07-10T16:48:14,875  INFO EventsManagerImpl:180   org.matsim.core.trafficmonitoring.TravelTimeCalculator
2026-07-10T16:48:14,875  INFO EventsManagerImpl:180   org.matsim.analysis.VolumesAnalyzer
2026-07-10T16:48:14,875  INFO EventsManagerImpl:180   org.matsim.core.scoring.ScoringFunctionsForPopulation
2026-07-10T16:48:14,875  INFO EventsManagerImpl:180   org.matsim.analysis.LegHistogram
2026-07-10T16:48:14,875  INFO EventsManagerImpl:180   org.matsim.analysis.CalcLegTimes
2026-07-10T16:48:14,876  INFO ControlerListenerManagerImpl:242 calling notifyBeforeMobsim on org.matsim.core.controler.corelisteners.PlansDumpingImpl with priority 0.0
2026-07-10T16:48:14,876  INFO ControlerListenerManagerImpl:248 calling notifyBeforeMobsim on org.matsim.core.population.VspPlansCleaner with priority 0.0
2026-07-10T16:48:14,876  INFO ControlerListenerManagerImpl:251 [it.2] all ControlerBeforeMobsimListeners called.
2026-07-10T16:48:14,876  INFO PrepareForMobsimImpl:86 Network seems to be multimodal. Create car-only network which is handed over to PersonPrepareForSim.
2026-07-10T16:48:14,876  INFO NetworkImpl:165  node # 1
2026-07-10T16:48:14,876  INFO NetworkImpl:165  node # 4
2026-07-10T16:48:14,877  INFO NetworkImpl:161  link # 1
2026-07-10T16:48:14,877  INFO NetworkImpl:161  link # 4
2026-07-10T16:48:14,877  INFO NetworkImpl:161  link # 16
2026-07-10T16:48:14,878  WARN NetworkRoutingProvider:137 [mode: car; routingMode: car] Using deprecated routing module without access/egress. Consider using AccessEgressNetworkRouter instead.
2026-07-10T16:48:14,878  WARN NetworkRoutingProvider:137 [mode: car; routingMode: car] Using deprecated routing module without access/egress. Consider using AccessEgressNetworkRouter instead.
2026-07-10T16:48:14,880  INFO Counter:70 [PersonPrepareForSim] handled person # 2
2026-07-10T16:48:14,880  INFO Counter:70 [PersonPrepareForSim] handled person # 1
2026-07-10T16:48:14,881  INFO Counter:70 [PersonPrepareForSim] handled person # 4
2026-07-10T16:48:14,881  INFO Counter:70 [PersonPrepareForSim] handled person # 8
2026-07-10T16:48:14,881  INFO Counter:70 [PersonPrepareForSim] handled person # 16
2026-07-10T16:48:14,882  INFO Counter:70 [PersonPrepareForSim] handled person # 32
2026-07-10T16:48:14,882  INFO Counter:70 [PersonPrepareForSim] handled person # 64
2026-07-10T16:48:14,883  INFO Counter:75 [PersonPrepareForSim] handled person # 100
2026-07-10T16:48:14,903  INFO MobsimListenerManager:50 calling addQueueSimulationListener
2026-07-10T16:48:14,904  INFO MobsimListenerManager:54   assigned class org.matsim.core.mobsim.framework.listeners.MobsimListener to interface org.matsim.core.mobsim.framework.listeners.MobsimListener
2026-07-10T16:48:14,904  INFO MobsimListenerManager:54   assigned class org.matsim.core.mobsim.framework.listeners.MobsimListener to interface org.matsim.core.mobsim.framework.listeners.MobsimBeforeCleanupListener
2026-07-10T16:48:14,904  INFO MobsimListenerManager:54   assigned class org.matsim.core.mobsim.framework.listeners.MobsimListener to interface org.matsim.vis.snapshotwriters.SnapshotWriterManager
2026-07-10T16:48:14,904  INFO MobsimListenerManager:54   assigned class org.matsim.core.mobsim.framework.listeners.MobsimListener to interface org.matsim.core.mobsim.framework.listeners.MobsimInitializedListener
2026-07-10T16:48:14,904  INFO MobsimListenerManager:54   assigned class org.matsim.core.mobsim.framework.listeners.MobsimListener to interface org.matsim.core.mobsim.framework.listeners.MobsimAfterSimStepListener
2026-07-10T16:48:14,905  INFO QSimProvider:131 Added MobsimEngine class org.matsim.core.mobsim.qsim.ActivityEngineDefaultImpl
2026-07-10T16:48:14,905  INFO QSimProvider:137 Added Activityhandler class org.matsim.core.mobsim.qsim.ActivityEngineDefaultImpl
2026-07-10T16:48:14,906  WARN QueueWithBuffer:504 Link 1 too small: enlarge storage capacity from: 1333.3333333333333 Vehicles to: 3599.712023038157 Vehicles.  This is not fatal, but modifies the traffic flow dynamics.
2026-07-10T16:48:14,906  WARN QueueWithBuffer:507 Additional warnings of this type are suppressed.
2026-07-10T16:48:14,908  INFO QSimProvider:131 Added MobsimEngine class org.matsim.core.mobsim.qsim.qnetsimengine.QNetsimEngineWithThreadpool
2026-07-10T16:48:14,908  INFO QSimProvider:143 Added DepartureHandler class org.matsim.core.mobsim.qsim.qnetsimengine.NetworkModeDepartureHandlerDefaultImpl
2026-07-10T16:48:14,908  INFO QSimProvider:131 Added MobsimEngine class org.matsim.core.mobsim.qsim.DefaultTeleportationEngine
2026-07-10T16:48:14,908  INFO QSimProvider:143 Added DepartureHandler class org.matsim.core.mobsim.qsim.DefaultTeleportationEngine
2026-07-10T16:48:14,908  INFO QSimProvider:149 Added AgentSource class org.matsim.core.mobsim.qsim.agents.PopulationAgentSource
2026-07-10T16:48:14,909  INFO MobsimListenerManager:50 calling addQueueSimulationListener
2026-07-10T16:48:14,909  INFO MobsimListenerManager:54   assigned class org.matsim.core.mobsim.framework.listeners.MobsimListener to interface org.matsim.core.mobsim.framework.listeners.MobsimBeforeSimStepListener
2026-07-10T16:48:14,909  INFO MobsimListenerManager:54   assigned class org.matsim.core.mobsim.framework.listeners.MobsimListener to interface org.matsim.core.mobsim.framework.listeners.MobsimListener
2026-07-10T16:48:14,910  INFO MobsimListenerManager:54   assigned class org.matsim.core.mobsim.framework.listeners.MobsimListener to interface org.matsim.core.mobsim.qsim.messagequeueengine.MessageQueueEngine
2026-07-10T16:48:14,910  INFO QSimProvider:155 Added MobsimListener class org.matsim.core.mobsim.qsim.messagequeueengine.MessageQueueEngine
2026-07-10T16:48:14,912  INFO AbstractQNetsimEngine:418 Assigned 15 nodes and 23 links to QSimEngineRunner #0
2026-07-10T16:48:14,915  INFO AbstractQNetsimEngine:356 SIMULATION (QNetsimEngine) AT 05:58:30 : #links=0 #nodes=1
2026-07-10T16:48:14,915  INFO QSim:552 SIMULATION (NEW QSim) AT 05:58:30 : #Veh=100 lost=0 simT=0.0s realT=0s; (s/r): 0.0
2026-07-10T16:48:14,923  INFO AbstractQNetsimEngine:356 SIMULATION (QNetsimEngine) AT 06:00:00 : #links=3 #nodes=1
2026-07-10T16:48:14,923  INFO QSim:552 SIMULATION (NEW QSim) AT 06:00:00 : #Veh=100 lost=0 simT=90.0s realT=0s; (s/r): Infinity
2026-07-10T16:48:15,109  INFO AbstractQNetsimEngine:356 SIMULATION (QNetsimEngine) AT 07:00:00 : #links=2 #nodes=1
2026-07-10T16:48:15,109  INFO QSim:552 SIMULATION (NEW QSim) AT 07:00:00 : #Veh=100 lost=0 simT=3690.0s realT=0s; (s/r): Infinity
2026-07-10T16:48:15,288  INFO AbstractQNetsimEngine:356 SIMULATION (QNetsimEngine) AT 08:00:00 : #links=1 #nodes=0
2026-07-10T16:48:15,288  INFO QSim:552 SIMULATION (NEW QSim) AT 08:00:00 : #Veh=5 lost=0 simT=7290.0s realT=0s; (s/r): Infinity
2026-07-10T16:48:15,456  INFO AbstractQNetsimEngine:356 SIMULATION (QNetsimEngine) AT 09:00:00 : #links=1 #nodes=0
2026-07-10T16:48:15,457  INFO QSim:552 SIMULATION (NEW QSim) AT 09:00:00 : #Veh=4 lost=0 simT=10890.0s realT=0s; (s/r): Infinity
2026-07-10T16:48:15,618  INFO AbstractQNetsimEngine:356 SIMULATION (QNetsimEngine) AT 10:00:00 : #links=0 #nodes=0
2026-07-10T16:48:15,618  INFO QSim:552 SIMULATION (NEW QSim) AT 10:00:00 : #Veh=2 lost=0 simT=14490.0s realT=0s; (s/r): Infinity
2026-07-10T16:48:15,783  INFO AbstractQNetsimEngine:356 SIMULATION (QNetsimEngine) AT 11:00:00 : #links=0 #nodes=0
2026-07-10T16:48:15,783  INFO QSim:552 SIMULATION (NEW QSim) AT 11:00:00 : #Veh=1 lost=0 simT=18090.0s realT=0s; (s/r): Infinity
2026-07-10T16:48:15,951  INFO AbstractQNetsimEngine:356 SIMULATION (QNetsimEngine) AT 12:00:00 : #links=0 #nodes=0
2026-07-10T16:48:15,951  INFO QSim:552 SIMULATION (NEW QSim) AT 12:00:00 : #Veh=1 lost=0 simT=21690.0s realT=1s; (s/r): 21690.0
2026-07-10T16:48:16,118  INFO AbstractQNetsimEngine:356 SIMULATION (QNetsimEngine) AT 13:00:00 : #links=1 #nodes=0
2026-07-10T16:48:16,119  INFO QSim:552 SIMULATION (NEW QSim) AT 13:00:00 : #Veh=1 lost=0 simT=25290.0s realT=1s; (s/r): 25290.0
2026-07-10T16:48:16,224  INFO AbstractController$9:237 ### ITERATION 2 fires after mobsim event
2026-07-10T16:48:16,224  INFO ControlerListenerManagerImpl:269 calling notifyAfterMobsim on org.matsim.analysis.LegTimesControlerListener with priority 0.0
2026-07-10T16:48:16,224  INFO Gbl:196 Thread performance: Thread=class org.matsim.core.events.SimStepParallelEventsManagerImpl$ProcessEventsRunnable0  cpu-time=0.109375sec
2026-07-10T16:48:16,225  INFO LegTimesControlerListener:73 [2] average leg duration is: 1927 seconds = 00:32:07
2026-07-10T16:48:16,226  INFO ControlerListenerManagerImpl:269 calling notifyAfterMobsim on org.matsim.core.events.MobsimScopeEventHandling with priority 0.0
2026-07-10T16:48:16,226  INFO ControlerListenerManagerImpl:269 calling notifyAfterMobsim on org.matsim.core.scoring.EventsToActivities$1 with priority 0.0
2026-07-10T16:48:16,226  INFO ControlerListenerManagerImpl:272 [it.2] all ControlerAfterMobsimListeners called.
2026-07-10T16:48:16,227  INFO AbstractController$4:162 ### ITERATION 2 fires scoring event
2026-07-10T16:48:16,227  INFO ControlerListenerManagerImpl:197 calling notifyScoring on org.matsim.core.scoring.PlansScoringImpl with priority 0.0
2026-07-10T16:48:16,227  INFO NewScoreAssignerImpl:60 it: 2 msaStart: null
2026-07-10T16:48:16,227  INFO ControlerListenerManagerImpl:209 [it.2] all ControlerScoringListeners called.
2026-07-10T16:48:16,228  INFO AbstractController$5:170 ### ITERATION 2 fires iteration end event
2026-07-10T16:48:16,228  INFO ControlerListenerManagerImpl:172 calling notifyIterationEnds on org.matsim.core.controler.corelisteners.EventsHandlingImpl with priority 0.0
2026-07-10T16:48:16,228  INFO ControlerListenerManagerImpl:172 calling notifyIterationEnds on org.matsim.core.scoring.PlansScoringImpl with priority 0.0
2026-07-10T16:48:16,228  INFO ControlerListenerManagerImpl:180 calling notifyIterationEnds on org.matsim.counts.CountsControlerListener with priority 0.0
2026-07-10T16:48:16,228  INFO ControlerListenerManagerImpl:180 calling notifyIterationEnds on org.matsim.analysis.ModeChoiceCoverageControlerListener with priority 0.0
2026-07-10T16:48:16,229  INFO ModeChoiceCoverageControlerListener:144 -- mode choice coverage (1x) of mode car = 1.0
2026-07-10T16:48:16,229  INFO ModeChoiceCoverageControlerListener:144 -- mode choice coverage (5x) of mode car = 0.0
2026-07-10T16:48:16,229  INFO ModeChoiceCoverageControlerListener:144 -- mode choice coverage (10x) of mode car = 0.0
2026-07-10T16:48:16,329  INFO ControlerListenerManagerImpl:180 calling notifyIterationEnds on org.matsim.analysis.ModeStatsControlerListener with priority 0.0
2026-07-10T16:48:16,330  INFO ModeStatsControlerListener:133 Mode shares over all 201.0 trips found. MainModeIdentifier: class org.matsim.core.router.DefaultAnalysisMainModeIdentifier
2026-07-10T16:48:16,331  INFO ModeStatsControlerListener:140 -- mode share of mode car = 1.0
2026-07-10T16:48:16,391  INFO ControlerListenerManagerImpl:180 calling notifyIterationEnds on org.matsim.analysis.ScoreStatsControlerListener with priority 0.0
2026-07-10T16:48:16,391  INFO ScoreStatsControlerListener:154 -- avg. score of the executed plan of each agent: 63.65524521277482
2026-07-10T16:48:16,391  INFO ScoreStatsControlerListener:155 -- avg. score of the worst plan of each agent: 63.30141835540966
2026-07-10T16:48:16,391  INFO ScoreStatsControlerListener:156 -- avg. of the avg. plan score per agent: 63.49488868401183
2026-07-10T16:48:16,391  INFO ScoreStatsControlerListener:157 -- avg. score of the best plan of each agent: 63.66884178835766
2026-07-10T16:48:16,424  INFO ControlerListenerManagerImpl:180 calling notifyIterationEnds on org.matsim.analysis.IterationTravelStatsControlerListener with priority 0.0
2026-07-10T16:48:16,425  INFO TravelDistanceStats:115 -- average leg distance per plan (executed plans only): 44776.119402985074 meters
2026-07-10T16:48:16,426  INFO TravelDistanceStats:116 average leg distance per Person (executed plans only): 90000.0 meters (statistic on all 201 legs which have a finite distance)
2026-07-10T16:48:16,426  INFO TravelDistanceStats:117 -- average trip distance per plan (executed plans only): 44776.119402985074 meters
2026-07-10T16:48:16,426  INFO TravelDistanceStats:118 average trip distance per Person (executed plans only): 90000.0 meters (statistic on all 201 trips which have a finite distance)
2026-07-10T16:48:16,426  INFO TravelDistanceStats:119 (TravelDistanceStats takes an average over all legs where the simulation reports travelled (network) distances
2026-07-10T16:48:16,426  INFO TravelDistanceStats:120 (and teleported legs whose route contains a distance.)
2026-07-10T16:48:16,500  INFO ControlerListenerManagerImpl:180 calling notifyIterationEnds on org.matsim.analysis.LegTimesControlerListener with priority 0.0
2026-07-10T16:48:16,501  INFO EventsManagerImpl:164 removing Event-Handler: org.matsim.analysis.CalcLegTimes
2026-07-10T16:48:16,501  INFO EventsManagerImpl:164 removing Event-Handler: org.matsim.analysis.CalcLegTimes
2026-07-10T16:48:16,501  INFO ControlerListenerManagerImpl:180 calling notifyIterationEnds on org.matsim.analysis.LegHistogramListener with priority 0.0
2026-07-10T16:48:16,505  INFO LegHistogramListener:78 number of legs:	804	100%
2026-07-10T16:48:16,505  INFO LegHistogramListener:85 number of car legs:	804	100.0%
2026-07-10T16:48:16,588  INFO ControlerListenerManagerImpl:180 calling notifyIterationEnds on org.matsim.analysis.LinkStatsControlerListener with priority 0.0
2026-07-10T16:48:16,588  INFO ControlerListenerManagerImpl:184 [it.2] all ControlerIterationEndsListeners called.
2026-07-10T16:48:16,639  INFO AbstractController:184 ### ITERATION 2 ENDS
2026-07-10T16:48:16,639  INFO AbstractController:185 ###################################################
2026-07-10T16:48:16,639  INFO AbstractController:136 ###################################################
2026-07-10T16:48:16,639  INFO AbstractController:137 ### ITERATION 3 BEGINS
2026-07-10T16:48:16,639  INFO ControlerListenerManagerImpl:156 calling notifyIterationStarts on org.matsim.analysis.LegTimesControlerListener with priority 0.0
2026-07-10T16:48:16,640  INFO EventsManagerImpl:139 === Logging of event-handlers skipped ===
2026-07-10T16:48:16,640  INFO EventsManagerImpl:140 To enable debug output, set an environment variable i.e. export LOG_LEVEL='debug', or set log.setLogLevel(Level.DEBUG) in your run class.
2026-07-10T16:48:16,640  INFO EventsManagerImpl:210     > org.matsim.api.core.v01.events.PersonDepartureEvent
2026-07-10T16:48:16,640  INFO EventsManagerImpl:210     > org.matsim.api.core.v01.events.PersonArrivalEvent
2026-07-10T16:48:16,640  INFO EventsManagerImpl:210     > org.matsim.api.core.v01.events.ActivityEndEvent
2026-07-10T16:48:16,640  INFO EventsManagerImpl:210     > org.matsim.api.core.v01.events.ActivityStartEvent
2026-07-10T16:48:16,640  INFO EventsManagerImpl:139 === Logging of event-handlers skipped ===
2026-07-10T16:48:16,640  INFO EventsManagerImpl:140 To enable debug output, set an environment variable i.e. export LOG_LEVEL='debug', or set log.setLogLevel(Level.DEBUG) in your run class.
2026-07-10T16:48:16,640  INFO EventsManagerImpl:210     > org.matsim.api.core.v01.events.PersonDepartureEvent
2026-07-10T16:48:16,640  INFO EventsManagerImpl:210     > org.matsim.api.core.v01.events.PersonArrivalEvent
2026-07-10T16:48:16,640  INFO EventsManagerImpl:210     > org.matsim.api.core.v01.events.ActivityEndEvent
2026-07-10T16:48:16,640  INFO EventsManagerImpl:210     > org.matsim.api.core.v01.events.ActivityStartEvent
2026-07-10T16:48:16,640  INFO ControlerListenerManagerImpl:156 calling notifyIterationStarts on org.matsim.analysis.LegHistogramListener with priority 0.0
2026-07-10T16:48:16,640  INFO EventsManagerImpl:139 === Logging of event-handlers skipped ===
2026-07-10T16:48:16,640  INFO EventsManagerImpl:140 To enable debug output, set an environment variable i.e. export LOG_LEVEL='debug', or set log.setLogLevel(Level.DEBUG) in your run class.
2026-07-10T16:48:16,640  INFO EventsManagerImpl:210     > org.matsim.api.core.v01.events.PersonDepartureEvent
2026-07-10T16:48:16,640  INFO EventsManagerImpl:210     > org.matsim.api.core.v01.events.PersonArrivalEvent
2026-07-10T16:48:16,640  INFO EventsManagerImpl:210     > org.matsim.api.core.v01.events.PersonStuckEvent
2026-07-10T16:48:16,640  INFO EventsManagerImpl:139 === Logging of event-handlers skipped ===
2026-07-10T16:48:16,640  INFO EventsManagerImpl:140 To enable debug output, set an environment variable i.e. export LOG_LEVEL='debug', or set log.setLogLevel(Level.DEBUG) in your run class.
2026-07-10T16:48:16,640  INFO EventsManagerImpl:210     > org.matsim.api.core.v01.events.PersonDepartureEvent
2026-07-10T16:48:16,640  INFO EventsManagerImpl:210     > org.matsim.api.core.v01.events.PersonArrivalEvent
2026-07-10T16:48:16,640  INFO EventsManagerImpl:210     > org.matsim.api.core.v01.events.PersonStuckEvent
2026-07-10T16:48:16,641  INFO ControlerListenerManagerImpl:156 calling notifyIterationStarts on org.matsim.analysis.LinkStatsControlerListener with priority 0.0
2026-07-10T16:48:16,641  INFO ControlerListenerManagerImpl:156 calling notifyIterationStarts on org.matsim.core.replanning.ReplanningContextImpl with priority 0.0
2026-07-10T16:48:16,641  INFO ControlerListenerManagerImpl:156 calling notifyIterationStarts on org.matsim.core.scoring.ScoringFunctionsForPopulation$$Lambda/0x000001bbb72ffbe0 with priority 0.0
2026-07-10T16:48:16,641  INFO ControlerListenerManagerImpl:156 calling notifyIterationStarts on org.matsim.core.scoring.ExperiencedPlansServiceImpl$1 with priority 0.0
2026-07-10T16:48:16,641  INFO ControlerListenerManagerImpl:159 [it.3] all ControlerIterationStartsListeners called.
2026-07-10T16:48:16,641  INFO ControlerListenerManagerImpl:221 calling notifyReplanning on org.matsim.core.controler.corelisteners.PlansReplanningImpl with priority 0.0
2026-07-10T16:48:16,642  WARN NetworkRoutingProvider:137 [mode: car; routingMode: car] Using deprecated routing module without access/egress. Consider using AccessEgressNetworkRouter instead.
2026-07-10T16:48:16,642  WARN NetworkRoutingProvider:137 [mode: car; routingMode: car] Using deprecated routing module without access/egress. Consider using AccessEgressNetworkRouter instead.
2026-07-10T16:48:16,643  INFO GenericPlanStrategyImpl:135 Plan-Strategy finished, 88 plans handled. Strategy: BestPlanSelector
2026-07-10T16:48:16,643  INFO AbstractMultithreadedModule:142 [PlanRouter] starting 2 threads, handling 12 plans
2026-07-10T16:48:16,645  INFO Counter:70 [PlanRouter] handled plan # 2
2026-07-10T16:48:16,645  INFO Counter:70 [PlanRouter] handled plan # 1
2026-07-10T16:48:16,646  INFO Counter:70 [PlanRouter] handled plan # 4
2026-07-10T16:48:16,647  INFO Counter:70 [PlanRouter] handled plan # 8
2026-07-10T16:48:16,647  INFO AbstractMultithreadedModule:157 [PlanRouter] all 2 threads finished.
2026-07-10T16:48:16,648  INFO GenericPlanStrategyImpl:135 Plan-Strategy finished, 12 plans handled. Strategy: RandomPlanSelector_ReRoute
2026-07-10T16:48:16,648  INFO ControlerListenerManagerImpl:230 [it.3] all ControlerReplanningListeners called.
2026-07-10T16:48:16,648  INFO ControlerListenerManagerImpl:242 calling notifyBeforeMobsim on org.matsim.core.controler.corelisteners.EventsHandlingImpl with priority 0.0
2026-07-10T16:48:16,649  INFO EventsManagerImpl:173 resetting Event-Handlers
2026-07-10T16:48:16,649  INFO EventsManagerImpl:180   org.matsim.core.trafficmonitoring.TravelTimeCalculator
2026-07-10T16:48:16,649  INFO EventsManagerImpl:180   org.matsim.analysis.VolumesAnalyzer
2026-07-10T16:48:16,649  INFO EventsManagerImpl:180   org.matsim.core.scoring.ScoringFunctionsForPopulation
2026-07-10T16:48:16,649  INFO EventsManagerImpl:180   org.matsim.analysis.LegHistogram
2026-07-10T16:48:16,649  INFO EventsManagerImpl:180   org.matsim.analysis.CalcLegTimes
2026-07-10T16:48:16,649  INFO ControlerListenerManagerImpl:242 calling notifyBeforeMobsim on org.matsim.core.controler.corelisteners.PlansDumpingImpl with priority 0.0
2026-07-10T16:48:16,649  INFO ControlerListenerManagerImpl:248 calling notifyBeforeMobsim on org.matsim.core.population.VspPlansCleaner with priority 0.0
2026-07-10T16:48:16,649  INFO ControlerListenerManagerImpl:251 [it.3] all ControlerBeforeMobsimListeners called.
2026-07-10T16:48:16,649  INFO PrepareForMobsimImpl:86 Network seems to be multimodal. Create car-only network which is handed over to PersonPrepareForSim.
2026-07-10T16:48:16,650  INFO NetworkImpl:165  node # 1
2026-07-10T16:48:16,650  INFO NetworkImpl:165  node # 4
2026-07-10T16:48:16,650  INFO NetworkImpl:161  link # 1
2026-07-10T16:48:16,650  INFO NetworkImpl:161  link # 4
2026-07-10T16:48:16,650  INFO NetworkImpl:161  link # 16
2026-07-10T16:48:16,651  WARN NetworkRoutingProvider:137 [mode: car; routingMode: car] Using deprecated routing module without access/egress. Consider using AccessEgressNetworkRouter instead.
2026-07-10T16:48:16,652  WARN NetworkRoutingProvider:137 [mode: car; routingMode: car] Using deprecated routing module without access/egress. Consider using AccessEgressNetworkRouter instead.
2026-07-10T16:48:16,653  INFO Counter:70 [PersonPrepareForSim] handled person # 2
2026-07-10T16:48:16,653  INFO Counter:70 [PersonPrepareForSim] handled person # 1
2026-07-10T16:48:16,653  INFO Counter:70 [PersonPrepareForSim] handled person # 4
2026-07-10T16:48:16,653  INFO Counter:70 [PersonPrepareForSim] handled person # 8
2026-07-10T16:48:16,653  INFO Counter:70 [PersonPrepareForSim] handled person # 16
2026-07-10T16:48:16,654  INFO Counter:70 [PersonPrepareForSim] handled person # 32
2026-07-10T16:48:16,654  INFO Counter:70 [PersonPrepareForSim] handled person # 64
2026-07-10T16:48:16,655  INFO Counter:75 [PersonPrepareForSim] handled person # 100
2026-07-10T16:48:16,674  INFO MobsimListenerManager:50 calling addQueueSimulationListener
2026-07-10T16:48:16,674  INFO MobsimListenerManager:54   assigned class org.matsim.core.mobsim.framework.listeners.MobsimListener to interface org.matsim.core.mobsim.framework.listeners.MobsimListener
2026-07-10T16:48:16,675  INFO MobsimListenerManager:54   assigned class org.matsim.core.mobsim.framework.listeners.MobsimListener to interface org.matsim.core.mobsim.framework.listeners.MobsimBeforeCleanupListener
2026-07-10T16:48:16,675  INFO MobsimListenerManager:54   assigned class org.matsim.core.mobsim.framework.listeners.MobsimListener to interface org.matsim.vis.snapshotwriters.SnapshotWriterManager
2026-07-10T16:48:16,675  INFO MobsimListenerManager:54   assigned class org.matsim.core.mobsim.framework.listeners.MobsimListener to interface org.matsim.core.mobsim.framework.listeners.MobsimInitializedListener
2026-07-10T16:48:16,675  INFO MobsimListenerManager:54   assigned class org.matsim.core.mobsim.framework.listeners.MobsimListener to interface org.matsim.core.mobsim.framework.listeners.MobsimAfterSimStepListener
2026-07-10T16:48:16,676  INFO QSimProvider:131 Added MobsimEngine class org.matsim.core.mobsim.qsim.ActivityEngineDefaultImpl
2026-07-10T16:48:16,676  INFO QSimProvider:137 Added Activityhandler class org.matsim.core.mobsim.qsim.ActivityEngineDefaultImpl
2026-07-10T16:48:16,676  INFO QSimProvider:131 Added MobsimEngine class org.matsim.core.mobsim.qsim.qnetsimengine.QNetsimEngineWithThreadpool
2026-07-10T16:48:16,676  INFO QSimProvider:143 Added DepartureHandler class org.matsim.core.mobsim.qsim.qnetsimengine.NetworkModeDepartureHandlerDefaultImpl
2026-07-10T16:48:16,677  INFO QSimProvider:131 Added MobsimEngine class org.matsim.core.mobsim.qsim.DefaultTeleportationEngine
2026-07-10T16:48:16,677  INFO QSimProvider:143 Added DepartureHandler class org.matsim.core.mobsim.qsim.DefaultTeleportationEngine
2026-07-10T16:48:16,677  INFO QSimProvider:149 Added AgentSource class org.matsim.core.mobsim.qsim.agents.PopulationAgentSource
2026-07-10T16:48:16,677  INFO MobsimListenerManager:50 calling addQueueSimulationListener
2026-07-10T16:48:16,677  INFO MobsimListenerManager:54   assigned class org.matsim.core.mobsim.framework.listeners.MobsimListener to interface org.matsim.core.mobsim.framework.listeners.MobsimBeforeSimStepListener
2026-07-10T16:48:16,677  INFO MobsimListenerManager:54   assigned class org.matsim.core.mobsim.framework.listeners.MobsimListener to interface org.matsim.core.mobsim.framework.listeners.MobsimListener
2026-07-10T16:48:16,677  INFO MobsimListenerManager:54   assigned class org.matsim.core.mobsim.framework.listeners.MobsimListener to interface org.matsim.core.mobsim.qsim.messagequeueengine.MessageQueueEngine
2026-07-10T16:48:16,677  INFO QSimProvider:155 Added MobsimListener class org.matsim.core.mobsim.qsim.messagequeueengine.MessageQueueEngine
2026-07-10T16:48:16,679  INFO AbstractQNetsimEngine:418 Assigned 15 nodes and 23 links to QSimEngineRunner #0
2026-07-10T16:48:16,681  INFO AbstractQNetsimEngine:356 SIMULATION (QNetsimEngine) AT 05:58:30 : #links=0 #nodes=1
2026-07-10T16:48:16,681  INFO QSim:552 SIMULATION (NEW QSim) AT 05:58:30 : #Veh=100 lost=0 simT=0.0s realT=0s; (s/r): 0.0
2026-07-10T16:48:16,689  INFO AbstractQNetsimEngine:356 SIMULATION (QNetsimEngine) AT 06:00:00 : #links=2 #nodes=1
2026-07-10T16:48:16,689  INFO QSim:552 SIMULATION (NEW QSim) AT 06:00:00 : #Veh=100 lost=0 simT=90.0s realT=0s; (s/r): Infinity
2026-07-10T16:48:16,882  INFO AbstractQNetsimEngine:356 SIMULATION (QNetsimEngine) AT 07:00:00 : #links=2 #nodes=0
2026-07-10T16:48:16,882  INFO QSim:552 SIMULATION (NEW QSim) AT 07:00:00 : #Veh=100 lost=0 simT=3690.0s realT=0s; (s/r): Infinity
2026-07-10T16:48:17,074  INFO AbstractQNetsimEngine:356 SIMULATION (QNetsimEngine) AT 08:00:00 : #links=1 #nodes=0
2026-07-10T16:48:17,074  INFO QSim:552 SIMULATION (NEW QSim) AT 08:00:00 : #Veh=5 lost=0 simT=7290.0s realT=0s; (s/r): Infinity
2026-07-10T16:48:17,256  INFO AbstractQNetsimEngine:356 SIMULATION (QNetsimEngine) AT 09:00:00 : #links=1 #nodes=0
2026-07-10T16:48:17,257  INFO QSim:552 SIMULATION (NEW QSim) AT 09:00:00 : #Veh=4 lost=0 simT=10890.0s realT=0s; (s/r): Infinity
2026-07-10T16:48:17,436  INFO AbstractQNetsimEngine:356 SIMULATION (QNetsimEngine) AT 10:00:00 : #links=0 #nodes=0
2026-07-10T16:48:17,436  INFO QSim:552 SIMULATION (NEW QSim) AT 10:00:00 : #Veh=2 lost=0 simT=14490.0s realT=0s; (s/r): Infinity
2026-07-10T16:48:17,671  INFO AbstractQNetsimEngine:356 SIMULATION (QNetsimEngine) AT 11:00:00 : #links=0 #nodes=0
2026-07-10T16:48:17,672  INFO QSim:552 SIMULATION (NEW QSim) AT 11:00:00 : #Veh=1 lost=0 simT=18090.0s realT=0s; (s/r): Infinity
2026-07-10T16:48:17,916  INFO AbstractQNetsimEngine:356 SIMULATION (QNetsimEngine) AT 12:00:00 : #links=0 #nodes=0
2026-07-10T16:48:17,916  INFO QSim:552 SIMULATION (NEW QSim) AT 12:00:00 : #Veh=1 lost=0 simT=21690.0s realT=1s; (s/r): 21690.0
2026-07-10T16:48:18,176  INFO AbstractQNetsimEngine:356 SIMULATION (QNetsimEngine) AT 13:00:00 : #links=1 #nodes=0
2026-07-10T16:48:18,177  INFO QSim:552 SIMULATION (NEW QSim) AT 13:00:00 : #Veh=1 lost=0 simT=25290.0s realT=1s; (s/r): 25290.0
2026-07-10T16:48:18,332  INFO AbstractController$9:237 ### ITERATION 3 fires after mobsim event
2026-07-10T16:48:18,332  INFO ControlerListenerManagerImpl:269 calling notifyAfterMobsim on org.matsim.analysis.LegTimesControlerListener with priority 0.0
2026-07-10T16:48:18,332  INFO Gbl:196 Thread performance: Thread=class org.matsim.core.events.SimStepParallelEventsManagerImpl$ProcessEventsRunnable0  cpu-time=0.234375sec
2026-07-10T16:48:18,334  INFO LegTimesControlerListener:73 [3] average leg duration is: 1894 seconds = 00:31:34
2026-07-10T16:48:18,335  INFO ControlerListenerManagerImpl:269 calling notifyAfterMobsim on org.matsim.core.events.MobsimScopeEventHandling with priority 0.0
2026-07-10T16:48:18,335  INFO ControlerListenerManagerImpl:269 calling notifyAfterMobsim on org.matsim.core.scoring.EventsToActivities$1 with priority 0.0
2026-07-10T16:48:18,336  INFO ControlerListenerManagerImpl:272 [it.3] all ControlerAfterMobsimListeners called.
2026-07-10T16:48:18,336  INFO AbstractController$4:162 ### ITERATION 3 fires scoring event
2026-07-10T16:48:18,336  INFO ControlerListenerManagerImpl:197 calling notifyScoring on org.matsim.core.scoring.PlansScoringImpl with priority 0.0
2026-07-10T16:48:18,337  INFO NewScoreAssignerImpl:60 it: 3 msaStart: null
2026-07-10T16:48:18,338  INFO ControlerListenerManagerImpl:209 [it.3] all ControlerScoringListeners called.
2026-07-10T16:48:18,338  INFO AbstractController$5:170 ### ITERATION 3 fires iteration end event
2026-07-10T16:48:18,338  INFO ControlerListenerManagerImpl:172 calling notifyIterationEnds on org.matsim.core.controler.corelisteners.EventsHandlingImpl with priority 0.0
2026-07-10T16:48:18,338  INFO ControlerListenerManagerImpl:172 calling notifyIterationEnds on org.matsim.core.scoring.PlansScoringImpl with priority 0.0
2026-07-10T16:48:18,339  INFO ControlerListenerManagerImpl:180 calling notifyIterationEnds on org.matsim.counts.CountsControlerListener with priority 0.0
2026-07-10T16:48:18,339  INFO ControlerListenerManagerImpl:180 calling notifyIterationEnds on org.matsim.analysis.ModeChoiceCoverageControlerListener with priority 0.0
2026-07-10T16:48:18,340  INFO ModeChoiceCoverageControlerListener:144 -- mode choice coverage (1x) of mode car = 1.0
2026-07-10T16:48:18,341  INFO ModeChoiceCoverageControlerListener:144 -- mode choice coverage (5x) of mode car = 0.0
2026-07-10T16:48:18,341  INFO ModeChoiceCoverageControlerListener:144 -- mode choice coverage (10x) of mode car = 0.0
2026-07-10T16:48:18,549  INFO ControlerListenerManagerImpl:180 calling notifyIterationEnds on org.matsim.analysis.ModeStatsControlerListener with priority 0.0
2026-07-10T16:48:18,550  INFO ModeStatsControlerListener:133 Mode shares over all 201.0 trips found. MainModeIdentifier: class org.matsim.core.router.DefaultAnalysisMainModeIdentifier
2026-07-10T16:48:18,551  INFO ModeStatsControlerListener:140 -- mode share of mode car = 1.0
2026-07-10T16:48:18,652  INFO ControlerListenerManagerImpl:180 calling notifyIterationEnds on org.matsim.analysis.ScoreStatsControlerListener with priority 0.0
2026-07-10T16:48:18,652  INFO ScoreStatsControlerListener:154 -- avg. score of the executed plan of each agent: 63.854244384222646
2026-07-10T16:48:18,653  INFO ScoreStatsControlerListener:155 -- avg. score of the worst plan of each agent: 63.32418039610866
2026-07-10T16:48:18,653  INFO ScoreStatsControlerListener:156 -- avg. of the avg. plan score per agent: 63.6089533275508
2026-07-10T16:48:18,653  INFO ScoreStatsControlerListener:157 -- avg. score of the best plan of each agent: 63.85664346389345
2026-07-10T16:48:18,734  INFO ControlerListenerManagerImpl:180 calling notifyIterationEnds on org.matsim.analysis.IterationTravelStatsControlerListener with priority 0.0
2026-07-10T16:48:18,742  INFO TravelDistanceStats:115 -- average leg distance per plan (executed plans only): 44776.119402985074 meters
2026-07-10T16:48:18,742  INFO TravelDistanceStats:116 average leg distance per Person (executed plans only): 90000.0 meters (statistic on all 201 legs which have a finite distance)
2026-07-10T16:48:18,743  INFO TravelDistanceStats:117 -- average trip distance per plan (executed plans only): 44776.119402985074 meters
2026-07-10T16:48:18,743  INFO TravelDistanceStats:118 average trip distance per Person (executed plans only): 90000.0 meters (statistic on all 201 trips which have a finite distance)
2026-07-10T16:48:18,743  INFO TravelDistanceStats:119 (TravelDistanceStats takes an average over all legs where the simulation reports travelled (network) distances
2026-07-10T16:48:18,743  INFO TravelDistanceStats:120 (and teleported legs whose route contains a distance.)
2026-07-10T16:48:18,891  INFO ControlerListenerManagerImpl:180 calling notifyIterationEnds on org.matsim.analysis.LegTimesControlerListener with priority 0.0
2026-07-10T16:48:18,892  INFO EventsManagerImpl:164 removing Event-Handler: org.matsim.analysis.CalcLegTimes
2026-07-10T16:48:18,892  INFO EventsManagerImpl:164 removing Event-Handler: org.matsim.analysis.CalcLegTimes
2026-07-10T16:48:18,892  INFO ControlerListenerManagerImpl:180 calling notifyIterationEnds on org.matsim.analysis.LegHistogramListener with priority 0.0
2026-07-10T16:48:18,899  INFO LegHistogramListener:78 number of legs:	1005	100%
2026-07-10T16:48:18,901  INFO LegHistogramListener:85 number of car legs:	1005	100.0%
2026-07-10T16:48:19,039  INFO ControlerListenerManagerImpl:180 calling notifyIterationEnds on org.matsim.analysis.LinkStatsControlerListener with priority 0.0
2026-07-10T16:48:19,040  INFO ControlerListenerManagerImpl:184 [it.3] all ControlerIterationEndsListeners called.
2026-07-10T16:48:19,148  INFO AbstractController:184 ### ITERATION 3 ENDS
2026-07-10T16:48:19,148  INFO AbstractController:185 ###################################################
2026-07-10T16:48:19,149  INFO AbstractController:136 ###################################################
2026-07-10T16:48:19,149  INFO AbstractController:137 ### ITERATION 4 BEGINS
2026-07-10T16:48:19,150  INFO ControlerListenerManagerImpl:156 calling notifyIterationStarts on org.matsim.analysis.LegTimesControlerListener with priority 0.0
2026-07-10T16:48:19,150  INFO EventsManagerImpl:139 === Logging of event-handlers skipped ===
2026-07-10T16:48:19,150  INFO EventsManagerImpl:140 To enable debug output, set an environment variable i.e. export LOG_LEVEL='debug', or set log.setLogLevel(Level.DEBUG) in your run class.
2026-07-10T16:48:19,151  INFO EventsManagerImpl:210     > org.matsim.api.core.v01.events.PersonDepartureEvent
2026-07-10T16:48:19,151  INFO EventsManagerImpl:210     > org.matsim.api.core.v01.events.PersonArrivalEvent
2026-07-10T16:48:19,151  INFO EventsManagerImpl:210     > org.matsim.api.core.v01.events.ActivityEndEvent
2026-07-10T16:48:19,151  INFO EventsManagerImpl:210     > org.matsim.api.core.v01.events.ActivityStartEvent
2026-07-10T16:48:19,151  INFO EventsManagerImpl:139 === Logging of event-handlers skipped ===
2026-07-10T16:48:19,151  INFO EventsManagerImpl:140 To enable debug output, set an environment variable i.e. export LOG_LEVEL='debug', or set log.setLogLevel(Level.DEBUG) in your run class.
2026-07-10T16:48:19,151  INFO EventsManagerImpl:210     > org.matsim.api.core.v01.events.PersonDepartureEvent
2026-07-10T16:48:19,151  INFO EventsManagerImpl:210     > org.matsim.api.core.v01.events.PersonArrivalEvent
2026-07-10T16:48:19,151  INFO EventsManagerImpl:210     > org.matsim.api.core.v01.events.ActivityEndEvent
2026-07-10T16:48:19,152  INFO EventsManagerImpl:210     > org.matsim.api.core.v01.events.ActivityStartEvent
2026-07-10T16:48:19,152  INFO ControlerListenerManagerImpl:156 calling notifyIterationStarts on org.matsim.analysis.LegHistogramListener with priority 0.0
2026-07-10T16:48:19,152  INFO EventsManagerImpl:139 === Logging of event-handlers skipped ===
2026-07-10T16:48:19,152  INFO EventsManagerImpl:140 To enable debug output, set an environment variable i.e. export LOG_LEVEL='debug', or set log.setLogLevel(Level.DEBUG) in your run class.
2026-07-10T16:48:19,152  INFO EventsManagerImpl:210     > org.matsim.api.core.v01.events.PersonDepartureEvent
2026-07-10T16:48:19,152  INFO EventsManagerImpl:210     > org.matsim.api.core.v01.events.PersonArrivalEvent
2026-07-10T16:48:19,152  INFO EventsManagerImpl:210     > org.matsim.api.core.v01.events.PersonStuckEvent
2026-07-10T16:48:19,152  INFO EventsManagerImpl:139 === Logging of event-handlers skipped ===
2026-07-10T16:48:19,152  INFO EventsManagerImpl:140 To enable debug output, set an environment variable i.e. export LOG_LEVEL='debug', or set log.setLogLevel(Level.DEBUG) in your run class.
2026-07-10T16:48:19,152  INFO EventsManagerImpl:210     > org.matsim.api.core.v01.events.PersonDepartureEvent
2026-07-10T16:48:19,153  INFO EventsManagerImpl:210     > org.matsim.api.core.v01.events.PersonArrivalEvent
2026-07-10T16:48:19,153  INFO EventsManagerImpl:210     > org.matsim.api.core.v01.events.PersonStuckEvent
2026-07-10T16:48:19,153  INFO ControlerListenerManagerImpl:156 calling notifyIterationStarts on org.matsim.analysis.LinkStatsControlerListener with priority 0.0
2026-07-10T16:48:19,153  INFO ControlerListenerManagerImpl:156 calling notifyIterationStarts on org.matsim.core.replanning.ReplanningContextImpl with priority 0.0
2026-07-10T16:48:19,153  INFO ControlerListenerManagerImpl:156 calling notifyIterationStarts on org.matsim.core.scoring.ScoringFunctionsForPopulation$$Lambda/0x000001bbb72ffbe0 with priority 0.0
2026-07-10T16:48:19,154  INFO ControlerListenerManagerImpl:156 calling notifyIterationStarts on org.matsim.core.scoring.ExperiencedPlansServiceImpl$1 with priority 0.0
2026-07-10T16:48:19,154  INFO ControlerListenerManagerImpl:159 [it.4] all ControlerIterationStartsListeners called.
2026-07-10T16:48:19,154  INFO ControlerListenerManagerImpl:221 calling notifyReplanning on org.matsim.core.controler.corelisteners.PlansReplanningImpl with priority 0.0
2026-07-10T16:48:19,155  WARN NetworkRoutingProvider:137 [mode: car; routingMode: car] Using deprecated routing module without access/egress. Consider using AccessEgressNetworkRouter instead.
2026-07-10T16:48:19,155  WARN NetworkRoutingProvider:137 [mode: car; routingMode: car] Using deprecated routing module without access/egress. Consider using AccessEgressNetworkRouter instead.
2026-07-10T16:48:19,157  INFO GenericPlanStrategyImpl:135 Plan-Strategy finished, 90 plans handled. Strategy: BestPlanSelector
2026-07-10T16:48:19,158  INFO AbstractMultithreadedModule:142 [PlanRouter] starting 2 threads, handling 10 plans
2026-07-10T16:48:19,159  INFO Counter:70 [PlanRouter] handled plan # 2
2026-07-10T16:48:19,159  INFO Counter:70 [PlanRouter] handled plan # 1
2026-07-10T16:48:19,162  INFO Counter:70 [PlanRouter] handled plan # 4
2026-07-10T16:48:19,163  INFO Counter:70 [PlanRouter] handled plan # 8
2026-07-10T16:48:19,163  INFO AbstractMultithreadedModule:157 [PlanRouter] all 2 threads finished.
2026-07-10T16:48:19,164  INFO GenericPlanStrategyImpl:135 Plan-Strategy finished, 10 plans handled. Strategy: RandomPlanSelector_ReRoute
2026-07-10T16:48:19,164  INFO ControlerListenerManagerImpl:230 [it.4] all ControlerReplanningListeners called.
2026-07-10T16:48:19,164  INFO ControlerListenerManagerImpl:242 calling notifyBeforeMobsim on org.matsim.core.controler.corelisteners.EventsHandlingImpl with priority 0.0
2026-07-10T16:48:19,164  INFO EventsManagerImpl:173 resetting Event-Handlers
2026-07-10T16:48:19,164  INFO EventsManagerImpl:180   org.matsim.core.trafficmonitoring.TravelTimeCalculator
2026-07-10T16:48:19,164  INFO EventsManagerImpl:180   org.matsim.analysis.VolumesAnalyzer
2026-07-10T16:48:19,164  INFO EventsManagerImpl:180   org.matsim.core.scoring.ScoringFunctionsForPopulation
2026-07-10T16:48:19,164  INFO EventsManagerImpl:180   org.matsim.analysis.LegHistogram
2026-07-10T16:48:19,164  INFO EventsManagerImpl:180   org.matsim.analysis.CalcLegTimes
2026-07-10T16:48:19,164  INFO ControlerListenerManagerImpl:242 calling notifyBeforeMobsim on org.matsim.core.controler.corelisteners.PlansDumpingImpl with priority 0.0
2026-07-10T16:48:19,165  INFO ControlerListenerManagerImpl:248 calling notifyBeforeMobsim on org.matsim.core.population.VspPlansCleaner with priority 0.0
2026-07-10T16:48:19,165  INFO ControlerListenerManagerImpl:251 [it.4] all ControlerBeforeMobsimListeners called.
2026-07-10T16:48:19,165  INFO PrepareForMobsimImpl:86 Network seems to be multimodal. Create car-only network which is handed over to PersonPrepareForSim.
2026-07-10T16:48:19,166  INFO NetworkImpl:165  node # 1
2026-07-10T16:48:19,166  INFO NetworkImpl:165  node # 4
2026-07-10T16:48:19,166  INFO NetworkImpl:161  link # 1
2026-07-10T16:48:19,166  INFO NetworkImpl:161  link # 4
2026-07-10T16:48:19,167  INFO NetworkImpl:161  link # 16
2026-07-10T16:48:19,167  WARN NetworkRoutingProvider:137 [mode: car; routingMode: car] Using deprecated routing module without access/egress. Consider using AccessEgressNetworkRouter instead.
2026-07-10T16:48:19,168  WARN NetworkRoutingProvider:137 [mode: car; routingMode: car] Using deprecated routing module without access/egress. Consider using AccessEgressNetworkRouter instead.
2026-07-10T16:48:19,170  INFO Counter:70 [PersonPrepareForSim] handled person # 2
2026-07-10T16:48:19,170  INFO Counter:70 [PersonPrepareForSim] handled person # 1
2026-07-10T16:48:19,171  INFO Counter:70 [PersonPrepareForSim] handled person # 4
2026-07-10T16:48:19,171  INFO Counter:70 [PersonPrepareForSim] handled person # 8
2026-07-10T16:48:19,172  INFO Counter:70 [PersonPrepareForSim] handled person # 16
2026-07-10T16:48:19,172  INFO Counter:70 [PersonPrepareForSim] handled person # 32
2026-07-10T16:48:19,173  INFO Counter:70 [PersonPrepareForSim] handled person # 64
2026-07-10T16:48:19,173  INFO Counter:75 [PersonPrepareForSim] handled person # 100
2026-07-10T16:48:19,203  INFO MobsimListenerManager:50 calling addQueueSimulationListener
2026-07-10T16:48:19,203  INFO MobsimListenerManager:54   assigned class org.matsim.core.mobsim.framework.listeners.MobsimListener to interface org.matsim.core.mobsim.framework.listeners.MobsimListener
2026-07-10T16:48:19,203  INFO MobsimListenerManager:54   assigned class org.matsim.core.mobsim.framework.listeners.MobsimListener to interface org.matsim.core.mobsim.framework.listeners.MobsimBeforeCleanupListener
2026-07-10T16:48:19,203  INFO MobsimListenerManager:54   assigned class org.matsim.core.mobsim.framework.listeners.MobsimListener to interface org.matsim.vis.snapshotwriters.SnapshotWriterManager
2026-07-10T16:48:19,203  INFO MobsimListenerManager:54   assigned class org.matsim.core.mobsim.framework.listeners.MobsimListener to interface org.matsim.core.mobsim.framework.listeners.MobsimInitializedListener
2026-07-10T16:48:19,203  INFO MobsimListenerManager:54   assigned class org.matsim.core.mobsim.framework.listeners.MobsimListener to interface org.matsim.core.mobsim.framework.listeners.MobsimAfterSimStepListener
2026-07-10T16:48:19,204  INFO QSimProvider:131 Added MobsimEngine class org.matsim.core.mobsim.qsim.ActivityEngineDefaultImpl
2026-07-10T16:48:19,205  INFO QSimProvider:137 Added Activityhandler class org.matsim.core.mobsim.qsim.ActivityEngineDefaultImpl
2026-07-10T16:48:19,206  INFO QSimProvider:131 Added MobsimEngine class org.matsim.core.mobsim.qsim.qnetsimengine.QNetsimEngineWithThreadpool
2026-07-10T16:48:19,207  INFO QSimProvider:143 Added DepartureHandler class org.matsim.core.mobsim.qsim.qnetsimengine.NetworkModeDepartureHandlerDefaultImpl
2026-07-10T16:48:19,207  INFO QSimProvider:131 Added MobsimEngine class org.matsim.core.mobsim.qsim.DefaultTeleportationEngine
2026-07-10T16:48:19,207  INFO QSimProvider:143 Added DepartureHandler class org.matsim.core.mobsim.qsim.DefaultTeleportationEngine
2026-07-10T16:48:19,207  INFO QSimProvider:149 Added AgentSource class org.matsim.core.mobsim.qsim.agents.PopulationAgentSource
2026-07-10T16:48:19,207  INFO MobsimListenerManager:50 calling addQueueSimulationListener
2026-07-10T16:48:19,207  INFO MobsimListenerManager:54   assigned class org.matsim.core.mobsim.framework.listeners.MobsimListener to interface org.matsim.core.mobsim.framework.listeners.MobsimBeforeSimStepListener
2026-07-10T16:48:19,207  INFO MobsimListenerManager:54   assigned class org.matsim.core.mobsim.framework.listeners.MobsimListener to interface org.matsim.core.mobsim.framework.listeners.MobsimListener
2026-07-10T16:48:19,207  INFO MobsimListenerManager:54   assigned class org.matsim.core.mobsim.framework.listeners.MobsimListener to interface org.matsim.core.mobsim.qsim.messagequeueengine.MessageQueueEngine
2026-07-10T16:48:19,207  INFO QSimProvider:155 Added MobsimListener class org.matsim.core.mobsim.qsim.messagequeueengine.MessageQueueEngine
2026-07-10T16:48:19,210  INFO AbstractQNetsimEngine:418 Assigned 15 nodes and 23 links to QSimEngineRunner #0
2026-07-10T16:48:19,212  INFO AbstractQNetsimEngine:356 SIMULATION (QNetsimEngine) AT 05:58:30 : #links=0 #nodes=1
2026-07-10T16:48:19,212  INFO QSim:552 SIMULATION (NEW QSim) AT 05:58:30 : #Veh=100 lost=0 simT=0.0s realT=0s; (s/r): 0.0
2026-07-10T16:48:19,221  INFO AbstractQNetsimEngine:356 SIMULATION (QNetsimEngine) AT 06:00:00 : #links=2 #nodes=1
2026-07-10T16:48:19,221  INFO QSim:552 SIMULATION (NEW QSim) AT 06:00:00 : #Veh=100 lost=0 simT=90.0s realT=0s; (s/r): Infinity
2026-07-10T16:48:19,504  INFO AbstractQNetsimEngine:356 SIMULATION (QNetsimEngine) AT 07:00:00 : #links=2 #nodes=0
2026-07-10T16:48:19,504  INFO QSim:552 SIMULATION (NEW QSim) AT 07:00:00 : #Veh=100 lost=0 simT=3690.0s realT=0s; (s/r): Infinity
2026-07-10T16:48:19,746  INFO AbstractQNetsimEngine:356 SIMULATION (QNetsimEngine) AT 08:00:00 : #links=1 #nodes=0
2026-07-10T16:48:19,746  INFO QSim:552 SIMULATION (NEW QSim) AT 08:00:00 : #Veh=5 lost=0 simT=7290.0s realT=0s; (s/r): Infinity
2026-07-10T16:48:19,989  INFO AbstractQNetsimEngine:356 SIMULATION (QNetsimEngine) AT 09:00:00 : #links=1 #nodes=0
2026-07-10T16:48:19,989  INFO QSim:552 SIMULATION (NEW QSim) AT 09:00:00 : #Veh=4 lost=0 simT=10890.0s realT=0s; (s/r): Infinity
2026-07-10T16:48:20,243  INFO AbstractQNetsimEngine:356 SIMULATION (QNetsimEngine) AT 10:00:00 : #links=0 #nodes=0
2026-07-10T16:48:20,243  INFO QSim:552 SIMULATION (NEW QSim) AT 10:00:00 : #Veh=2 lost=0 simT=14490.0s realT=1s; (s/r): 14490.0
2026-07-10T16:48:20,475  INFO AbstractQNetsimEngine:356 SIMULATION (QNetsimEngine) AT 11:00:00 : #links=0 #nodes=0
2026-07-10T16:48:20,475  INFO QSim:552 SIMULATION (NEW QSim) AT 11:00:00 : #Veh=1 lost=0 simT=18090.0s realT=1s; (s/r): 18090.0
2026-07-10T16:48:20,718  INFO AbstractQNetsimEngine:356 SIMULATION (QNetsimEngine) AT 12:00:00 : #links=0 #nodes=0
2026-07-10T16:48:20,718  INFO QSim:552 SIMULATION (NEW QSim) AT 12:00:00 : #Veh=1 lost=0 simT=21690.0s realT=1s; (s/r): 21690.0
2026-07-10T16:48:20,933  INFO AbstractQNetsimEngine:356 SIMULATION (QNetsimEngine) AT 13:00:00 : #links=1 #nodes=0
2026-07-10T16:48:20,933  INFO QSim:552 SIMULATION (NEW QSim) AT 13:00:00 : #Veh=1 lost=0 simT=25290.0s realT=1s; (s/r): 25290.0
2026-07-10T16:48:21,029  INFO AbstractController$9:237 ### ITERATION 4 fires after mobsim event
2026-07-10T16:48:21,029  INFO ControlerListenerManagerImpl:269 calling notifyAfterMobsim on org.matsim.analysis.LegTimesControlerListener with priority 0.0
2026-07-10T16:48:21,029  INFO Gbl:196 Thread performance: Thread=class org.matsim.core.events.SimStepParallelEventsManagerImpl$ProcessEventsRunnable0  cpu-time=0.171875sec
2026-07-10T16:48:21,031  INFO LegTimesControlerListener:73 [4] average leg duration is: 1867 seconds = 00:31:07
2026-07-10T16:48:21,031  INFO ControlerListenerManagerImpl:269 calling notifyAfterMobsim on org.matsim.core.events.MobsimScopeEventHandling with priority 0.0
2026-07-10T16:48:21,031  INFO ControlerListenerManagerImpl:269 calling notifyAfterMobsim on org.matsim.core.scoring.EventsToActivities$1 with priority 0.0
2026-07-10T16:48:21,032  INFO ControlerListenerManagerImpl:272 [it.4] all ControlerAfterMobsimListeners called.
2026-07-10T16:48:21,032  INFO AbstractController$4:162 ### ITERATION 4 fires scoring event
2026-07-10T16:48:21,032  INFO ControlerListenerManagerImpl:197 calling notifyScoring on org.matsim.core.scoring.PlansScoringImpl with priority 0.0
2026-07-10T16:48:21,032  INFO NewScoreAssignerImpl:60 it: 4 msaStart: null
2026-07-10T16:48:21,033  INFO ControlerListenerManagerImpl:209 [it.4] all ControlerScoringListeners called.
2026-07-10T16:48:21,033  INFO AbstractController$5:170 ### ITERATION 4 fires iteration end event
2026-07-10T16:48:21,033  INFO ControlerListenerManagerImpl:172 calling notifyIterationEnds on org.matsim.core.controler.corelisteners.EventsHandlingImpl with priority 0.0
2026-07-10T16:48:21,033  INFO ControlerListenerManagerImpl:172 calling notifyIterationEnds on org.matsim.core.scoring.PlansScoringImpl with priority 0.0
2026-07-10T16:48:21,033  INFO ControlerListenerManagerImpl:180 calling notifyIterationEnds on org.matsim.counts.CountsControlerListener with priority 0.0
2026-07-10T16:48:21,033  INFO ControlerListenerManagerImpl:180 calling notifyIterationEnds on org.matsim.analysis.ModeChoiceCoverageControlerListener with priority 0.0
2026-07-10T16:48:21,034  INFO ModeChoiceCoverageControlerListener:144 -- mode choice coverage (1x) of mode car = 1.0
2026-07-10T16:48:21,034  INFO ModeChoiceCoverageControlerListener:144 -- mode choice coverage (5x) of mode car = 1.0
2026-07-10T16:48:21,034  INFO ModeChoiceCoverageControlerListener:144 -- mode choice coverage (10x) of mode car = 0.0
2026-07-10T16:48:21,136  INFO ControlerListenerManagerImpl:180 calling notifyIterationEnds on org.matsim.analysis.ModeStatsControlerListener with priority 0.0
2026-07-10T16:48:21,137  INFO ModeStatsControlerListener:133 Mode shares over all 201.0 trips found. MainModeIdentifier: class org.matsim.core.router.DefaultAnalysisMainModeIdentifier
2026-07-10T16:48:21,137  INFO ModeStatsControlerListener:140 -- mode share of mode car = 1.0
2026-07-10T16:48:21,220  INFO ControlerListenerManagerImpl:180 calling notifyIterationEnds on org.matsim.analysis.ScoreStatsControlerListener with priority 0.0
2026-07-10T16:48:21,221  INFO ScoreStatsControlerListener:154 -- avg. score of the executed plan of each agent: 63.977121770249205
2026-07-10T16:48:21,221  INFO ScoreStatsControlerListener:155 -- avg. score of the worst plan of each agent: 63.34436361499457
2026-07-10T16:48:21,221  INFO ScoreStatsControlerListener:156 -- avg. of the avg. plan score per agent: 63.68830265808024
2026-07-10T16:48:21,221  INFO ScoreStatsControlerListener:157 -- avg. score of the best plan of each agent: 63.98026131637753
2026-07-10T16:48:21,258  INFO ControlerListenerManagerImpl:180 calling notifyIterationEnds on org.matsim.analysis.IterationTravelStatsControlerListener with priority 0.0
2026-07-10T16:48:21,260  INFO TravelDistanceStats:115 -- average leg distance per plan (executed plans only): 44776.119402985074 meters
2026-07-10T16:48:21,261  INFO TravelDistanceStats:116 average leg distance per Person (executed plans only): 90000.0 meters (statistic on all 201 legs which have a finite distance)
2026-07-10T16:48:21,261  INFO TravelDistanceStats:117 -- average trip distance per plan (executed plans only): 44776.119402985074 meters
2026-07-10T16:48:21,261  INFO TravelDistanceStats:118 average trip distance per Person (executed plans only): 90000.0 meters (statistic on all 201 trips which have a finite distance)
2026-07-10T16:48:21,261  INFO TravelDistanceStats:119 (TravelDistanceStats takes an average over all legs where the simulation reports travelled (network) distances
2026-07-10T16:48:21,261  INFO TravelDistanceStats:120 (and teleported legs whose route contains a distance.)
2026-07-10T16:48:21,352  INFO ControlerListenerManagerImpl:180 calling notifyIterationEnds on org.matsim.analysis.LegTimesControlerListener with priority 0.0
2026-07-10T16:48:21,352  INFO EventsManagerImpl:164 removing Event-Handler: org.matsim.analysis.CalcLegTimes
2026-07-10T16:48:21,352  INFO EventsManagerImpl:164 removing Event-Handler: org.matsim.analysis.CalcLegTimes
2026-07-10T16:48:21,352  INFO ControlerListenerManagerImpl:180 calling notifyIterationEnds on org.matsim.analysis.LegHistogramListener with priority 0.0
2026-07-10T16:48:21,355  INFO LegHistogramListener:78 number of legs:	1206	100%
2026-07-10T16:48:21,356  INFO LegHistogramListener:85 number of car legs:	1206	100.0%
2026-07-10T16:48:21,447  INFO ControlerListenerManagerImpl:180 calling notifyIterationEnds on org.matsim.analysis.LinkStatsControlerListener with priority 0.0
2026-07-10T16:48:21,447  INFO ControlerListenerManagerImpl:184 [it.4] all ControlerIterationEndsListeners called.
2026-07-10T16:48:21,501  INFO AbstractController:184 ### ITERATION 4 ENDS
2026-07-10T16:48:21,501  INFO AbstractController:185 ###################################################
2026-07-10T16:48:21,501  INFO AbstractController:136 ###################################################
2026-07-10T16:48:21,501  INFO AbstractController:137 ### ITERATION 5 BEGINS
2026-07-10T16:48:21,502  INFO ControlerListenerManagerImpl:156 calling notifyIterationStarts on org.matsim.analysis.LegTimesControlerListener with priority 0.0
2026-07-10T16:48:21,502  INFO EventsManagerImpl:139 === Logging of event-handlers skipped ===
2026-07-10T16:48:21,502  INFO EventsManagerImpl:140 To enable debug output, set an environment variable i.e. export LOG_LEVEL='debug', or set log.setLogLevel(Level.DEBUG) in your run class.
2026-07-10T16:48:21,502  INFO EventsManagerImpl:210     > org.matsim.api.core.v01.events.PersonDepartureEvent
2026-07-10T16:48:21,502  INFO EventsManagerImpl:210     > org.matsim.api.core.v01.events.PersonArrivalEvent
2026-07-10T16:48:21,502  INFO EventsManagerImpl:210     > org.matsim.api.core.v01.events.ActivityEndEvent
2026-07-10T16:48:21,502  INFO EventsManagerImpl:210     > org.matsim.api.core.v01.events.ActivityStartEvent
2026-07-10T16:48:21,502  INFO EventsManagerImpl:139 === Logging of event-handlers skipped ===
2026-07-10T16:48:21,502  INFO EventsManagerImpl:140 To enable debug output, set an environment variable i.e. export LOG_LEVEL='debug', or set log.setLogLevel(Level.DEBUG) in your run class.
2026-07-10T16:48:21,502  INFO EventsManagerImpl:210     > org.matsim.api.core.v01.events.PersonDepartureEvent
2026-07-10T16:48:21,502  INFO EventsManagerImpl:210     > org.matsim.api.core.v01.events.PersonArrivalEvent
2026-07-10T16:48:21,502  INFO EventsManagerImpl:210     > org.matsim.api.core.v01.events.ActivityEndEvent
2026-07-10T16:48:21,502  INFO EventsManagerImpl:210     > org.matsim.api.core.v01.events.ActivityStartEvent
2026-07-10T16:48:21,502  INFO ControlerListenerManagerImpl:156 calling notifyIterationStarts on org.matsim.analysis.LegHistogramListener with priority 0.0
2026-07-10T16:48:21,502  INFO EventsManagerImpl:139 === Logging of event-handlers skipped ===
2026-07-10T16:48:21,502  INFO EventsManagerImpl:140 To enable debug output, set an environment variable i.e. export LOG_LEVEL='debug', or set log.setLogLevel(Level.DEBUG) in your run class.
2026-07-10T16:48:21,502  INFO EventsManagerImpl:210     > org.matsim.api.core.v01.events.PersonDepartureEvent
2026-07-10T16:48:21,502  INFO EventsManagerImpl:210     > org.matsim.api.core.v01.events.PersonArrivalEvent
2026-07-10T16:48:21,502  INFO EventsManagerImpl:210     > org.matsim.api.core.v01.events.PersonStuckEvent
2026-07-10T16:48:21,502  INFO EventsManagerImpl:139 === Logging of event-handlers skipped ===
2026-07-10T16:48:21,502  INFO EventsManagerImpl:140 To enable debug output, set an environment variable i.e. export LOG_LEVEL='debug', or set log.setLogLevel(Level.DEBUG) in your run class.
2026-07-10T16:48:21,502  INFO EventsManagerImpl:210     > org.matsim.api.core.v01.events.PersonDepartureEvent
2026-07-10T16:48:21,502  INFO EventsManagerImpl:210     > org.matsim.api.core.v01.events.PersonArrivalEvent
2026-07-10T16:48:21,502  INFO EventsManagerImpl:210     > org.matsim.api.core.v01.events.PersonStuckEvent
2026-07-10T16:48:21,502  INFO ControlerListenerManagerImpl:156 calling notifyIterationStarts on org.matsim.analysis.LinkStatsControlerListener with priority 0.0
2026-07-10T16:48:21,502  INFO ControlerListenerManagerImpl:156 calling notifyIterationStarts on org.matsim.core.replanning.ReplanningContextImpl with priority 0.0
2026-07-10T16:48:21,502  INFO ControlerListenerManagerImpl:156 calling notifyIterationStarts on org.matsim.core.scoring.ScoringFunctionsForPopulation$$Lambda/0x000001bbb72ffbe0 with priority 0.0
2026-07-10T16:48:21,502  INFO ControlerListenerManagerImpl:156 calling notifyIterationStarts on org.matsim.core.scoring.ExperiencedPlansServiceImpl$1 with priority 0.0
2026-07-10T16:48:21,504  INFO ControlerListenerManagerImpl:159 [it.5] all ControlerIterationStartsListeners called.
2026-07-10T16:48:21,504  INFO ControlerListenerManagerImpl:221 calling notifyReplanning on org.matsim.core.controler.corelisteners.PlansReplanningImpl with priority 0.0
2026-07-10T16:48:21,504  WARN NetworkRoutingProvider:137 [mode: car; routingMode: car] Using deprecated routing module without access/egress. Consider using AccessEgressNetworkRouter instead.
2026-07-10T16:48:21,504  WARN NetworkRoutingProvider:137 [mode: car; routingMode: car] Using deprecated routing module without access/egress. Consider using AccessEgressNetworkRouter instead.
2026-07-10T16:48:21,505  INFO GenericPlanStrategyImpl:135 Plan-Strategy finished, 91 plans handled. Strategy: BestPlanSelector
2026-07-10T16:48:21,505  INFO AbstractMultithreadedModule:142 [PlanRouter] starting 2 threads, handling 9 plans
2026-07-10T16:48:21,506  INFO Counter:70 [PlanRouter] handled plan # 2
2026-07-10T16:48:21,506  INFO Counter:70 [PlanRouter] handled plan # 1
2026-07-10T16:48:21,506  INFO Counter:70 [PlanRouter] handled plan # 4
2026-07-10T16:48:21,507  INFO Counter:70 [PlanRouter] handled plan # 8
2026-07-10T16:48:21,507  INFO AbstractMultithreadedModule:157 [PlanRouter] all 2 threads finished.
2026-07-10T16:48:21,507  INFO GenericPlanStrategyImpl:135 Plan-Strategy finished, 9 plans handled. Strategy: RandomPlanSelector_ReRoute
2026-07-10T16:48:21,507  INFO ControlerListenerManagerImpl:230 [it.5] all ControlerReplanningListeners called.
2026-07-10T16:48:21,508  INFO ControlerListenerManagerImpl:242 calling notifyBeforeMobsim on org.matsim.core.controler.corelisteners.EventsHandlingImpl with priority 0.0
2026-07-10T16:48:21,508  INFO EventsManagerImpl:173 resetting Event-Handlers
2026-07-10T16:48:21,508  INFO EventsManagerImpl:180   org.matsim.core.trafficmonitoring.TravelTimeCalculator
2026-07-10T16:48:21,508  INFO EventsManagerImpl:180   org.matsim.analysis.VolumesAnalyzer
2026-07-10T16:48:21,508  INFO EventsManagerImpl:180   org.matsim.core.scoring.ScoringFunctionsForPopulation
2026-07-10T16:48:21,508  INFO EventsManagerImpl:180   org.matsim.analysis.LegHistogram
2026-07-10T16:48:21,508  INFO EventsManagerImpl:180   org.matsim.analysis.CalcLegTimes
2026-07-10T16:48:21,508  INFO ControlerListenerManagerImpl:242 calling notifyBeforeMobsim on org.matsim.core.controler.corelisteners.PlansDumpingImpl with priority 0.0
2026-07-10T16:48:21,508  INFO ControlerListenerManagerImpl:248 calling notifyBeforeMobsim on org.matsim.core.population.VspPlansCleaner with priority 0.0
2026-07-10T16:48:21,508  INFO ControlerListenerManagerImpl:251 [it.5] all ControlerBeforeMobsimListeners called.
2026-07-10T16:48:21,508  INFO PrepareForMobsimImpl:86 Network seems to be multimodal. Create car-only network which is handed over to PersonPrepareForSim.
2026-07-10T16:48:21,508  INFO NetworkImpl:165  node # 1
2026-07-10T16:48:21,509  INFO NetworkImpl:165  node # 4
2026-07-10T16:48:21,509  INFO NetworkImpl:161  link # 1
2026-07-10T16:48:21,509  INFO NetworkImpl:161  link # 4
2026-07-10T16:48:21,509  INFO NetworkImpl:161  link # 16
2026-07-10T16:48:21,510  WARN NetworkRoutingProvider:137 [mode: car; routingMode: car] Using deprecated routing module without access/egress. Consider using AccessEgressNetworkRouter instead.
2026-07-10T16:48:21,510  WARN NetworkRoutingProvider:137 [mode: car; routingMode: car] Using deprecated routing module without access/egress. Consider using AccessEgressNetworkRouter instead.
2026-07-10T16:48:21,511  INFO Counter:70 [PersonPrepareForSim] handled person # 1
2026-07-10T16:48:21,511  INFO Counter:70 [PersonPrepareForSim] handled person # 2
2026-07-10T16:48:21,512  INFO Counter:70 [PersonPrepareForSim] handled person # 4
2026-07-10T16:48:21,512  INFO Counter:70 [PersonPrepareForSim] handled person # 8
2026-07-10T16:48:21,512  INFO Counter:70 [PersonPrepareForSim] handled person # 16
2026-07-10T16:48:21,513  INFO Counter:70 [PersonPrepareForSim] handled person # 32
2026-07-10T16:48:21,513  INFO Counter:70 [PersonPrepareForSim] handled person # 64
2026-07-10T16:48:21,514  INFO Counter:75 [PersonPrepareForSim] handled person # 100
2026-07-10T16:48:21,533  INFO MobsimListenerManager:50 calling addQueueSimulationListener
2026-07-10T16:48:21,533  INFO MobsimListenerManager:54   assigned class org.matsim.core.mobsim.framework.listeners.MobsimListener to interface org.matsim.core.mobsim.framework.listeners.MobsimListener
2026-07-10T16:48:21,533  INFO MobsimListenerManager:54   assigned class org.matsim.core.mobsim.framework.listeners.MobsimListener to interface org.matsim.core.mobsim.framework.listeners.MobsimBeforeCleanupListener
2026-07-10T16:48:21,533  INFO MobsimListenerManager:54   assigned class org.matsim.core.mobsim.framework.listeners.MobsimListener to interface org.matsim.vis.snapshotwriters.SnapshotWriterManager
2026-07-10T16:48:21,533  INFO MobsimListenerManager:54   assigned class org.matsim.core.mobsim.framework.listeners.MobsimListener to interface org.matsim.core.mobsim.framework.listeners.MobsimInitializedListener
2026-07-10T16:48:21,533  INFO MobsimListenerManager:54   assigned class org.matsim.core.mobsim.framework.listeners.MobsimListener to interface org.matsim.core.mobsim.framework.listeners.MobsimAfterSimStepListener
2026-07-10T16:48:21,534  INFO QSimProvider:131 Added MobsimEngine class org.matsim.core.mobsim.qsim.ActivityEngineDefaultImpl
2026-07-10T16:48:21,534  INFO QSimProvider:137 Added Activityhandler class org.matsim.core.mobsim.qsim.ActivityEngineDefaultImpl
2026-07-10T16:48:21,535  INFO QSimProvider:131 Added MobsimEngine class org.matsim.core.mobsim.qsim.qnetsimengine.QNetsimEngineWithThreadpool
2026-07-10T16:48:21,535  INFO QSimProvider:143 Added DepartureHandler class org.matsim.core.mobsim.qsim.qnetsimengine.NetworkModeDepartureHandlerDefaultImpl
2026-07-10T16:48:21,535  INFO QSimProvider:131 Added MobsimEngine class org.matsim.core.mobsim.qsim.DefaultTeleportationEngine
2026-07-10T16:48:21,535  INFO QSimProvider:143 Added DepartureHandler class org.matsim.core.mobsim.qsim.DefaultTeleportationEngine
2026-07-10T16:48:21,535  INFO QSimProvider:149 Added AgentSource class org.matsim.core.mobsim.qsim.agents.PopulationAgentSource
2026-07-10T16:48:21,535  INFO MobsimListenerManager:50 calling addQueueSimulationListener
2026-07-10T16:48:21,535  INFO MobsimListenerManager:54   assigned class org.matsim.core.mobsim.framework.listeners.MobsimListener to interface org.matsim.core.mobsim.framework.listeners.MobsimBeforeSimStepListener
2026-07-10T16:48:21,535  INFO MobsimListenerManager:54   assigned class org.matsim.core.mobsim.framework.listeners.MobsimListener to interface org.matsim.core.mobsim.framework.listeners.MobsimListener
2026-07-10T16:48:21,535  INFO MobsimListenerManager:54   assigned class org.matsim.core.mobsim.framework.listeners.MobsimListener to interface org.matsim.core.mobsim.qsim.messagequeueengine.MessageQueueEngine
2026-07-10T16:48:21,535  INFO QSimProvider:155 Added MobsimListener class org.matsim.core.mobsim.qsim.messagequeueengine.MessageQueueEngine
2026-07-10T16:48:21,537  INFO AbstractQNetsimEngine:418 Assigned 15 nodes and 23 links to QSimEngineRunner #0
2026-07-10T16:48:21,538  INFO AbstractQNetsimEngine:356 SIMULATION (QNetsimEngine) AT 05:58:30 : #links=0 #nodes=1
2026-07-10T16:48:21,539  INFO QSim:552 SIMULATION (NEW QSim) AT 05:58:30 : #Veh=100 lost=0 simT=0.0s realT=0s; (s/r): 0.0
2026-07-10T16:48:21,547  INFO AbstractQNetsimEngine:356 SIMULATION (QNetsimEngine) AT 06:00:00 : #links=2 #nodes=1
2026-07-10T16:48:21,547  INFO QSim:552 SIMULATION (NEW QSim) AT 06:00:00 : #Veh=100 lost=0 simT=90.0s realT=0s; (s/r): Infinity
2026-07-10T16:48:21,667  INFO EventsManagerImpl:116  event # 16384
2026-07-10T16:48:21,799  INFO AbstractQNetsimEngine:356 SIMULATION (QNetsimEngine) AT 07:00:00 : #links=2 #nodes=0
2026-07-10T16:48:21,799  INFO QSim:552 SIMULATION (NEW QSim) AT 07:00:00 : #Veh=100 lost=0 simT=3690.0s realT=0s; (s/r): Infinity
2026-07-10T16:48:22,047  INFO AbstractQNetsimEngine:356 SIMULATION (QNetsimEngine) AT 08:00:00 : #links=1 #nodes=0
2026-07-10T16:48:22,047  INFO QSim:552 SIMULATION (NEW QSim) AT 08:00:00 : #Veh=5 lost=0 simT=7290.0s realT=0s; (s/r): Infinity
2026-07-10T16:48:22,281  INFO AbstractQNetsimEngine:356 SIMULATION (QNetsimEngine) AT 09:00:00 : #links=1 #nodes=0
2026-07-10T16:48:22,281  INFO QSim:552 SIMULATION (NEW QSim) AT 09:00:00 : #Veh=4 lost=0 simT=10890.0s realT=0s; (s/r): Infinity
2026-07-10T16:48:22,535  INFO AbstractQNetsimEngine:356 SIMULATION (QNetsimEngine) AT 10:00:00 : #links=1 #nodes=0
2026-07-10T16:48:22,535  INFO QSim:552 SIMULATION (NEW QSim) AT 10:00:00 : #Veh=2 lost=0 simT=14490.0s realT=1s; (s/r): 14490.0
2026-07-10T16:48:22,788  INFO AbstractQNetsimEngine:356 SIMULATION (QNetsimEngine) AT 11:00:00 : #links=0 #nodes=0
2026-07-10T16:48:22,788  INFO QSim:552 SIMULATION (NEW QSim) AT 11:00:00 : #Veh=1 lost=0 simT=18090.0s realT=1s; (s/r): 18090.0
2026-07-10T16:48:23,022  INFO AbstractQNetsimEngine:356 SIMULATION (QNetsimEngine) AT 12:00:00 : #links=0 #nodes=0
2026-07-10T16:48:23,022  INFO QSim:552 SIMULATION (NEW QSim) AT 12:00:00 : #Veh=1 lost=0 simT=21690.0s realT=1s; (s/r): 21690.0
2026-07-10T16:48:23,254  INFO AbstractQNetsimEngine:356 SIMULATION (QNetsimEngine) AT 13:00:00 : #links=1 #nodes=0
2026-07-10T16:48:23,255  INFO QSim:552 SIMULATION (NEW QSim) AT 13:00:00 : #Veh=1 lost=0 simT=25290.0s realT=1s; (s/r): 25290.0
2026-07-10T16:48:23,354  INFO Gbl:196 Thread performance: Thread=class org.matsim.core.events.SimStepParallelEventsManagerImpl$ProcessEventsRunnable0  cpu-time=0.21875sec
2026-07-10T16:48:23,354  INFO AbstractController$9:237 ### ITERATION 5 fires after mobsim event
2026-07-10T16:48:23,354  INFO ControlerListenerManagerImpl:269 calling notifyAfterMobsim on org.matsim.analysis.LegTimesControlerListener with priority 0.0
2026-07-10T16:48:23,357  INFO LegTimesControlerListener:73 [5] average leg duration is: 1845 seconds = 00:30:45
2026-07-10T16:48:23,357  INFO ControlerListenerManagerImpl:269 calling notifyAfterMobsim on org.matsim.core.events.MobsimScopeEventHandling with priority 0.0
2026-07-10T16:48:23,357  INFO ControlerListenerManagerImpl:269 calling notifyAfterMobsim on org.matsim.core.scoring.EventsToActivities$1 with priority 0.0
2026-07-10T16:48:23,357  INFO ControlerListenerManagerImpl:272 [it.5] all ControlerAfterMobsimListeners called.
2026-07-10T16:48:23,357  INFO AbstractController$4:162 ### ITERATION 5 fires scoring event
2026-07-10T16:48:23,357  INFO ControlerListenerManagerImpl:197 calling notifyScoring on org.matsim.core.scoring.PlansScoringImpl with priority 0.0
2026-07-10T16:48:23,358  INFO NewScoreAssignerImpl:60 it: 5 msaStart: null
2026-07-10T16:48:23,358  INFO ControlerListenerManagerImpl:209 [it.5] all ControlerScoringListeners called.
2026-07-10T16:48:23,358  INFO AbstractController$5:170 ### ITERATION 5 fires iteration end event
2026-07-10T16:48:23,358  INFO ControlerListenerManagerImpl:172 calling notifyIterationEnds on org.matsim.core.controler.corelisteners.EventsHandlingImpl with priority 0.0
2026-07-10T16:48:23,358  INFO ControlerListenerManagerImpl:172 calling notifyIterationEnds on org.matsim.core.scoring.PlansScoringImpl with priority 0.0
2026-07-10T16:48:23,358  INFO ControlerListenerManagerImpl:180 calling notifyIterationEnds on org.matsim.counts.CountsControlerListener with priority 0.0
2026-07-10T16:48:23,358  INFO ControlerListenerManagerImpl:180 calling notifyIterationEnds on org.matsim.analysis.ModeChoiceCoverageControlerListener with priority 0.0
2026-07-10T16:48:23,359  INFO ModeChoiceCoverageControlerListener:144 -- mode choice coverage (1x) of mode car = 1.0
2026-07-10T16:48:23,359  INFO ModeChoiceCoverageControlerListener:144 -- mode choice coverage (5x) of mode car = 1.0
2026-07-10T16:48:23,359  INFO ModeChoiceCoverageControlerListener:144 -- mode choice coverage (10x) of mode car = 0.0
2026-07-10T16:48:23,461  INFO ControlerListenerManagerImpl:180 calling notifyIterationEnds on org.matsim.analysis.ModeStatsControlerListener with priority 0.0
2026-07-10T16:48:23,462  INFO ModeStatsControlerListener:133 Mode shares over all 201.0 trips found. MainModeIdentifier: class org.matsim.core.router.DefaultAnalysisMainModeIdentifier
2026-07-10T16:48:23,462  INFO ModeStatsControlerListener:140 -- mode share of mode car = 1.0
2026-07-10T16:48:23,534  INFO ControlerListenerManagerImpl:180 calling notifyIterationEnds on org.matsim.analysis.ScoreStatsControlerListener with priority 0.0
2026-07-10T16:48:23,535  INFO ScoreStatsControlerListener:154 -- avg. score of the executed plan of each agent: 64.05793147205746
2026-07-10T16:48:23,535  INFO ScoreStatsControlerListener:155 -- avg. score of the worst plan of each agent: 63.34910528601021
2026-07-10T16:48:23,535  INFO ScoreStatsControlerListener:156 -- avg. of the avg. plan score per agent: 63.743479452269504
2026-07-10T16:48:23,535  INFO ScoreStatsControlerListener:157 -- avg. score of the best plan of each agent: 64.07286793892028
2026-07-10T16:48:23,570  INFO ControlerListenerManagerImpl:180 calling notifyIterationEnds on org.matsim.analysis.IterationTravelStatsControlerListener with priority 0.0
2026-07-10T16:48:23,572  INFO TravelDistanceStats:115 -- average leg distance per plan (executed plans only): 44776.119402985074 meters
2026-07-10T16:48:23,572  INFO TravelDistanceStats:116 average leg distance per Person (executed plans only): 90000.0 meters (statistic on all 201 legs which have a finite distance)
2026-07-10T16:48:23,573  INFO TravelDistanceStats:117 -- average trip distance per plan (executed plans only): 44776.119402985074 meters
2026-07-10T16:48:23,573  INFO TravelDistanceStats:118 average trip distance per Person (executed plans only): 90000.0 meters (statistic on all 201 trips which have a finite distance)
2026-07-10T16:48:23,573  INFO TravelDistanceStats:119 (TravelDistanceStats takes an average over all legs where the simulation reports travelled (network) distances
2026-07-10T16:48:23,573  INFO TravelDistanceStats:120 (and teleported legs whose route contains a distance.)
2026-07-10T16:48:23,668  INFO ControlerListenerManagerImpl:180 calling notifyIterationEnds on org.matsim.analysis.LegTimesControlerListener with priority 0.0
2026-07-10T16:48:23,669  INFO EventsManagerImpl:164 removing Event-Handler: org.matsim.analysis.CalcLegTimes
2026-07-10T16:48:23,669  INFO EventsManagerImpl:164 removing Event-Handler: org.matsim.analysis.CalcLegTimes
2026-07-10T16:48:23,669  INFO ControlerListenerManagerImpl:180 calling notifyIterationEnds on org.matsim.analysis.LegHistogramListener with priority 0.0
2026-07-10T16:48:23,673  INFO LegHistogramListener:78 number of legs:	1407	100%
2026-07-10T16:48:23,673  INFO LegHistogramListener:85 number of car legs:	1407	100.0%
2026-07-10T16:48:23,780  INFO ControlerListenerManagerImpl:180 calling notifyIterationEnds on org.matsim.analysis.LinkStatsControlerListener with priority 0.0
2026-07-10T16:48:23,780  INFO ControlerListenerManagerImpl:184 [it.5] all ControlerIterationEndsListeners called.
2026-07-10T16:48:23,842  INFO AbstractController:184 ### ITERATION 5 ENDS
2026-07-10T16:48:23,842  INFO AbstractController:185 ###################################################
2026-07-10T16:48:23,842  INFO AbstractController:136 ###################################################
2026-07-10T16:48:23,842  INFO AbstractController:137 ### ITERATION 6 BEGINS
2026-07-10T16:48:23,843  INFO ControlerListenerManagerImpl:156 calling notifyIterationStarts on org.matsim.analysis.LegTimesControlerListener with priority 0.0
2026-07-10T16:48:23,843  INFO EventsManagerImpl:139 === Logging of event-handlers skipped ===
2026-07-10T16:48:23,843  INFO EventsManagerImpl:140 To enable debug output, set an environment variable i.e. export LOG_LEVEL='debug', or set log.setLogLevel(Level.DEBUG) in your run class.
2026-07-10T16:48:23,843  INFO EventsManagerImpl:210     > org.matsim.api.core.v01.events.PersonDepartureEvent
2026-07-10T16:48:23,844  INFO EventsManagerImpl:210     > org.matsim.api.core.v01.events.PersonArrivalEvent
2026-07-10T16:48:23,844  INFO EventsManagerImpl:210     > org.matsim.api.core.v01.events.ActivityEndEvent
2026-07-10T16:48:23,844  INFO EventsManagerImpl:210     > org.matsim.api.core.v01.events.ActivityStartEvent
2026-07-10T16:48:23,844  INFO EventsManagerImpl:139 === Logging of event-handlers skipped ===
2026-07-10T16:48:23,844  INFO EventsManagerImpl:140 To enable debug output, set an environment variable i.e. export LOG_LEVEL='debug', or set log.setLogLevel(Level.DEBUG) in your run class.
2026-07-10T16:48:23,844  INFO EventsManagerImpl:210     > org.matsim.api.core.v01.events.PersonDepartureEvent
2026-07-10T16:48:23,844  INFO EventsManagerImpl:210     > org.matsim.api.core.v01.events.PersonArrivalEvent
2026-07-10T16:48:23,844  INFO EventsManagerImpl:210     > org.matsim.api.core.v01.events.ActivityEndEvent
2026-07-10T16:48:23,844  INFO EventsManagerImpl:210     > org.matsim.api.core.v01.events.ActivityStartEvent
2026-07-10T16:48:23,844  INFO ControlerListenerManagerImpl:156 calling notifyIterationStarts on org.matsim.analysis.LegHistogramListener with priority 0.0
2026-07-10T16:48:23,844  INFO EventsManagerImpl:139 === Logging of event-handlers skipped ===
2026-07-10T16:48:23,844  INFO EventsManagerImpl:140 To enable debug output, set an environment variable i.e. export LOG_LEVEL='debug', or set log.setLogLevel(Level.DEBUG) in your run class.
2026-07-10T16:48:23,844  INFO EventsManagerImpl:210     > org.matsim.api.core.v01.events.PersonDepartureEvent
2026-07-10T16:48:23,844  INFO EventsManagerImpl:210     > org.matsim.api.core.v01.events.PersonArrivalEvent
2026-07-10T16:48:23,844  INFO EventsManagerImpl:210     > org.matsim.api.core.v01.events.PersonStuckEvent
2026-07-10T16:48:23,844  INFO EventsManagerImpl:139 === Logging of event-handlers skipped ===
2026-07-10T16:48:23,845  INFO EventsManagerImpl:140 To enable debug output, set an environment variable i.e. export LOG_LEVEL='debug', or set log.setLogLevel(Level.DEBUG) in your run class.
2026-07-10T16:48:23,845  INFO EventsManagerImpl:210     > org.matsim.api.core.v01.events.PersonDepartureEvent
2026-07-10T16:48:23,845  INFO EventsManagerImpl:210     > org.matsim.api.core.v01.events.PersonArrivalEvent
2026-07-10T16:48:23,845  INFO EventsManagerImpl:210     > org.matsim.api.core.v01.events.PersonStuckEvent
2026-07-10T16:48:23,845  INFO ControlerListenerManagerImpl:156 calling notifyIterationStarts on org.matsim.analysis.LinkStatsControlerListener with priority 0.0
2026-07-10T16:48:23,845  INFO ControlerListenerManagerImpl:156 calling notifyIterationStarts on org.matsim.core.replanning.ReplanningContextImpl with priority 0.0
2026-07-10T16:48:23,845  INFO ControlerListenerManagerImpl:156 calling notifyIterationStarts on org.matsim.core.scoring.ScoringFunctionsForPopulation$$Lambda/0x000001bbb72ffbe0 with priority 0.0
2026-07-10T16:48:23,846  INFO ControlerListenerManagerImpl:156 calling notifyIterationStarts on org.matsim.core.scoring.ExperiencedPlansServiceImpl$1 with priority 0.0
2026-07-10T16:48:23,846  INFO ControlerListenerManagerImpl:159 [it.6] all ControlerIterationStartsListeners called.
2026-07-10T16:48:23,846  INFO ControlerListenerManagerImpl:221 calling notifyReplanning on org.matsim.core.controler.corelisteners.PlansReplanningImpl with priority 0.0
2026-07-10T16:48:23,847  WARN NetworkRoutingProvider:137 [mode: car; routingMode: car] Using deprecated routing module without access/egress. Consider using AccessEgressNetworkRouter instead.
2026-07-10T16:48:23,848  WARN NetworkRoutingProvider:137 [mode: car; routingMode: car] Using deprecated routing module without access/egress. Consider using AccessEgressNetworkRouter instead.
2026-07-10T16:48:23,849  INFO GenericPlanStrategyImpl:135 Plan-Strategy finished, 94 plans handled. Strategy: BestPlanSelector
2026-07-10T16:48:23,849  INFO AbstractMultithreadedModule:142 [PlanRouter] starting 2 threads, handling 6 plans
2026-07-10T16:48:23,851  INFO Counter:70 [PlanRouter] handled plan # 1
2026-07-10T16:48:23,851  INFO Counter:70 [PlanRouter] handled plan # 2
2026-07-10T16:48:23,852  INFO Counter:70 [PlanRouter] handled plan # 4
2026-07-10T16:48:23,852  INFO AbstractMultithreadedModule:157 [PlanRouter] all 2 threads finished.
2026-07-10T16:48:23,853  INFO GenericPlanStrategyImpl:135 Plan-Strategy finished, 6 plans handled. Strategy: RandomPlanSelector_ReRoute
2026-07-10T16:48:23,853  INFO ControlerListenerManagerImpl:230 [it.6] all ControlerReplanningListeners called.
2026-07-10T16:48:23,853  INFO ControlerListenerManagerImpl:242 calling notifyBeforeMobsim on org.matsim.core.controler.corelisteners.EventsHandlingImpl with priority 0.0
2026-07-10T16:48:23,853  INFO EventsManagerImpl:173 resetting Event-Handlers
2026-07-10T16:48:23,853  INFO EventsManagerImpl:180   org.matsim.core.trafficmonitoring.TravelTimeCalculator
2026-07-10T16:48:23,853  INFO EventsManagerImpl:180   org.matsim.analysis.VolumesAnalyzer
2026-07-10T16:48:23,853  INFO EventsManagerImpl:180   org.matsim.core.scoring.ScoringFunctionsForPopulation
2026-07-10T16:48:23,853  INFO EventsManagerImpl:180   org.matsim.analysis.LegHistogram
2026-07-10T16:48:23,853  INFO EventsManagerImpl:180   org.matsim.analysis.CalcLegTimes
2026-07-10T16:48:23,854  INFO ControlerListenerManagerImpl:242 calling notifyBeforeMobsim on org.matsim.core.controler.corelisteners.PlansDumpingImpl with priority 0.0
2026-07-10T16:48:23,854  INFO ControlerListenerManagerImpl:248 calling notifyBeforeMobsim on org.matsim.core.population.VspPlansCleaner with priority 0.0
2026-07-10T16:48:23,854  INFO ControlerListenerManagerImpl:251 [it.6] all ControlerBeforeMobsimListeners called.
2026-07-10T16:48:23,854  INFO PrepareForMobsimImpl:86 Network seems to be multimodal. Create car-only network which is handed over to PersonPrepareForSim.
2026-07-10T16:48:23,855  INFO NetworkImpl:165  node # 1
2026-07-10T16:48:23,855  INFO NetworkImpl:165  node # 4
2026-07-10T16:48:23,855  INFO NetworkImpl:161  link # 1
2026-07-10T16:48:23,855  INFO NetworkImpl:161  link # 4
2026-07-10T16:48:23,855  INFO NetworkImpl:161  link # 16
2026-07-10T16:48:23,856  WARN NetworkRoutingProvider:137 [mode: car; routingMode: car] Using deprecated routing module without access/egress. Consider using AccessEgressNetworkRouter instead.
2026-07-10T16:48:23,856  WARN NetworkRoutingProvider:137 [mode: car; routingMode: car] Using deprecated routing module without access/egress. Consider using AccessEgressNetworkRouter instead.
2026-07-10T16:48:23,857  INFO Counter:70 [PersonPrepareForSim] handled person # 2
2026-07-10T16:48:23,857  INFO Counter:70 [PersonPrepareForSim] handled person # 1
2026-07-10T16:48:23,858  INFO Counter:70 [PersonPrepareForSim] handled person # 4
2026-07-10T16:48:23,858  INFO Counter:70 [PersonPrepareForSim] handled person # 8
2026-07-10T16:48:23,858  INFO Counter:70 [PersonPrepareForSim] handled person # 16
2026-07-10T16:48:23,858  INFO Counter:70 [PersonPrepareForSim] handled person # 32
2026-07-10T16:48:23,858  INFO Counter:70 [PersonPrepareForSim] handled person # 64
2026-07-10T16:48:23,859  INFO Counter:75 [PersonPrepareForSim] handled person # 100
2026-07-10T16:48:23,888  INFO MobsimListenerManager:50 calling addQueueSimulationListener
2026-07-10T16:48:23,889  INFO MobsimListenerManager:54   assigned class org.matsim.core.mobsim.framework.listeners.MobsimListener to interface org.matsim.core.mobsim.framework.listeners.MobsimListener
2026-07-10T16:48:23,889  INFO MobsimListenerManager:54   assigned class org.matsim.core.mobsim.framework.listeners.MobsimListener to interface org.matsim.core.mobsim.framework.listeners.MobsimBeforeCleanupListener
2026-07-10T16:48:23,889  INFO MobsimListenerManager:54   assigned class org.matsim.core.mobsim.framework.listeners.MobsimListener to interface org.matsim.vis.snapshotwriters.SnapshotWriterManager
2026-07-10T16:48:23,889  INFO MobsimListenerManager:54   assigned class org.matsim.core.mobsim.framework.listeners.MobsimListener to interface org.matsim.core.mobsim.framework.listeners.MobsimInitializedListener
2026-07-10T16:48:23,889  INFO MobsimListenerManager:54   assigned class org.matsim.core.mobsim.framework.listeners.MobsimListener to interface org.matsim.core.mobsim.framework.listeners.MobsimAfterSimStepListener
2026-07-10T16:48:23,890  INFO QSimProvider:131 Added MobsimEngine class org.matsim.core.mobsim.qsim.ActivityEngineDefaultImpl
2026-07-10T16:48:23,890  INFO QSimProvider:137 Added Activityhandler class org.matsim.core.mobsim.qsim.ActivityEngineDefaultImpl
2026-07-10T16:48:23,891  INFO QSimProvider:131 Added MobsimEngine class org.matsim.core.mobsim.qsim.qnetsimengine.QNetsimEngineWithThreadpool
2026-07-10T16:48:23,891  INFO QSimProvider:143 Added DepartureHandler class org.matsim.core.mobsim.qsim.qnetsimengine.NetworkModeDepartureHandlerDefaultImpl
2026-07-10T16:48:23,892  INFO QSimProvider:131 Added MobsimEngine class org.matsim.core.mobsim.qsim.DefaultTeleportationEngine
2026-07-10T16:48:23,892  INFO QSimProvider:143 Added DepartureHandler class org.matsim.core.mobsim.qsim.DefaultTeleportationEngine
2026-07-10T16:48:23,892  INFO QSimProvider:149 Added AgentSource class org.matsim.core.mobsim.qsim.agents.PopulationAgentSource
2026-07-10T16:48:23,892  INFO MobsimListenerManager:50 calling addQueueSimulationListener
2026-07-10T16:48:23,892  INFO MobsimListenerManager:54   assigned class org.matsim.core.mobsim.framework.listeners.MobsimListener to interface org.matsim.core.mobsim.framework.listeners.MobsimBeforeSimStepListener
2026-07-10T16:48:23,892  INFO MobsimListenerManager:54   assigned class org.matsim.core.mobsim.framework.listeners.MobsimListener to interface org.matsim.core.mobsim.framework.listeners.MobsimListener
2026-07-10T16:48:23,892  INFO MobsimListenerManager:54   assigned class org.matsim.core.mobsim.framework.listeners.MobsimListener to interface org.matsim.core.mobsim.qsim.messagequeueengine.MessageQueueEngine
2026-07-10T16:48:23,892  INFO QSimProvider:155 Added MobsimListener class org.matsim.core.mobsim.qsim.messagequeueengine.MessageQueueEngine
2026-07-10T16:48:23,894  INFO AbstractQNetsimEngine:418 Assigned 15 nodes and 23 links to QSimEngineRunner #0
2026-07-10T16:48:23,896  INFO AbstractQNetsimEngine:356 SIMULATION (QNetsimEngine) AT 05:58:30 : #links=0 #nodes=1
2026-07-10T16:48:23,897  INFO QSim:552 SIMULATION (NEW QSim) AT 05:58:30 : #Veh=100 lost=0 simT=0.0s realT=0s; (s/r): 0.0
2026-07-10T16:48:23,906  INFO AbstractQNetsimEngine:356 SIMULATION (QNetsimEngine) AT 06:00:00 : #links=2 #nodes=1
2026-07-10T16:48:23,906  INFO QSim:552 SIMULATION (NEW QSim) AT 06:00:00 : #Veh=100 lost=0 simT=90.0s realT=0s; (s/r): Infinity
2026-07-10T16:48:24,158  INFO AbstractQNetsimEngine:356 SIMULATION (QNetsimEngine) AT 07:00:00 : #links=2 #nodes=0
2026-07-10T16:48:24,158  INFO QSim:552 SIMULATION (NEW QSim) AT 07:00:00 : #Veh=100 lost=0 simT=3690.0s realT=0s; (s/r): Infinity
2026-07-10T16:48:24,401  INFO AbstractQNetsimEngine:356 SIMULATION (QNetsimEngine) AT 08:00:00 : #links=1 #nodes=0
2026-07-10T16:48:24,401  INFO QSim:552 SIMULATION (NEW QSim) AT 08:00:00 : #Veh=5 lost=0 simT=7290.0s realT=0s; (s/r): Infinity
2026-07-10T16:48:24,643  INFO AbstractQNetsimEngine:356 SIMULATION (QNetsimEngine) AT 09:00:00 : #links=1 #nodes=0
2026-07-10T16:48:24,643  INFO QSim:552 SIMULATION (NEW QSim) AT 09:00:00 : #Veh=4 lost=0 simT=10890.0s realT=0s; (s/r): Infinity
2026-07-10T16:48:24,890  INFO AbstractQNetsimEngine:356 SIMULATION (QNetsimEngine) AT 10:00:00 : #links=0 #nodes=0
2026-07-10T16:48:24,890  INFO QSim:552 SIMULATION (NEW QSim) AT 10:00:00 : #Veh=2 lost=0 simT=14490.0s realT=1s; (s/r): 14490.0
2026-07-10T16:48:25,129  INFO AbstractQNetsimEngine:356 SIMULATION (QNetsimEngine) AT 11:00:00 : #links=0 #nodes=0
2026-07-10T16:48:25,129  INFO QSim:552 SIMULATION (NEW QSim) AT 11:00:00 : #Veh=1 lost=0 simT=18090.0s realT=1s; (s/r): 18090.0
2026-07-10T16:48:25,354  INFO AbstractQNetsimEngine:356 SIMULATION (QNetsimEngine) AT 12:00:00 : #links=0 #nodes=0
2026-07-10T16:48:25,354  INFO QSim:552 SIMULATION (NEW QSim) AT 12:00:00 : #Veh=1 lost=0 simT=21690.0s realT=1s; (s/r): 21690.0
2026-07-10T16:48:25,593  INFO AbstractQNetsimEngine:356 SIMULATION (QNetsimEngine) AT 13:00:00 : #links=1 #nodes=0
2026-07-10T16:48:25,594  INFO QSim:552 SIMULATION (NEW QSim) AT 13:00:00 : #Veh=1 lost=0 simT=25290.0s realT=1s; (s/r): 25290.0
2026-07-10T16:48:25,697  INFO AbstractController$9:237 ### ITERATION 6 fires after mobsim event
2026-07-10T16:48:25,697  INFO ControlerListenerManagerImpl:269 calling notifyAfterMobsim on org.matsim.analysis.LegTimesControlerListener with priority 0.0
2026-07-10T16:48:25,697  INFO Gbl:196 Thread performance: Thread=class org.matsim.core.events.SimStepParallelEventsManagerImpl$ProcessEventsRunnable0  cpu-time=0.265625sec
2026-07-10T16:48:25,699  INFO LegTimesControlerListener:73 [6] average leg duration is: 1831 seconds = 00:30:31
2026-07-10T16:48:25,700  INFO ControlerListenerManagerImpl:269 calling notifyAfterMobsim on org.matsim.core.events.MobsimScopeEventHandling with priority 0.0
2026-07-10T16:48:25,700  INFO ControlerListenerManagerImpl:269 calling notifyAfterMobsim on org.matsim.core.scoring.EventsToActivities$1 with priority 0.0
2026-07-10T16:48:25,700  INFO ControlerListenerManagerImpl:272 [it.6] all ControlerAfterMobsimListeners called.
2026-07-10T16:48:25,700  INFO AbstractController$4:162 ### ITERATION 6 fires scoring event
2026-07-10T16:48:25,702  INFO ControlerListenerManagerImpl:197 calling notifyScoring on org.matsim.core.scoring.PlansScoringImpl with priority 0.0
2026-07-10T16:48:25,702  INFO NewScoreAssignerImpl:60 it: 6 msaStart: null
2026-07-10T16:48:25,703  INFO ControlerListenerManagerImpl:209 [it.6] all ControlerScoringListeners called.
2026-07-10T16:48:25,703  INFO AbstractController$5:170 ### ITERATION 6 fires iteration end event
2026-07-10T16:48:25,703  INFO ControlerListenerManagerImpl:172 calling notifyIterationEnds on org.matsim.core.controler.corelisteners.EventsHandlingImpl with priority 0.0
2026-07-10T16:48:25,703  INFO ControlerListenerManagerImpl:172 calling notifyIterationEnds on org.matsim.core.scoring.PlansScoringImpl with priority 0.0
2026-07-10T16:48:25,704  INFO ControlerListenerManagerImpl:180 calling notifyIterationEnds on org.matsim.counts.CountsControlerListener with priority 0.0
2026-07-10T16:48:25,704  INFO ControlerListenerManagerImpl:180 calling notifyIterationEnds on org.matsim.analysis.ModeChoiceCoverageControlerListener with priority 0.0
2026-07-10T16:48:25,705  INFO ModeChoiceCoverageControlerListener:144 -- mode choice coverage (1x) of mode car = 1.0
2026-07-10T16:48:25,705  INFO ModeChoiceCoverageControlerListener:144 -- mode choice coverage (5x) of mode car = 1.0
2026-07-10T16:48:25,705  INFO ModeChoiceCoverageControlerListener:144 -- mode choice coverage (10x) of mode car = 0.0
2026-07-10T16:48:25,814  INFO ControlerListenerManagerImpl:180 calling notifyIterationEnds on org.matsim.analysis.ModeStatsControlerListener with priority 0.0
2026-07-10T16:48:25,814  INFO ModeStatsControlerListener:133 Mode shares over all 201.0 trips found. MainModeIdentifier: class org.matsim.core.router.DefaultAnalysisMainModeIdentifier
2026-07-10T16:48:25,814  INFO ModeStatsControlerListener:140 -- mode share of mode car = 1.0
2026-07-10T16:48:25,883  INFO ControlerListenerManagerImpl:180 calling notifyIterationEnds on org.matsim.analysis.ScoreStatsControlerListener with priority 0.0
2026-07-10T16:48:25,883  INFO ScoreStatsControlerListener:154 -- avg. score of the executed plan of each agent: 64.15754429148073
2026-07-10T16:48:25,883  INFO ScoreStatsControlerListener:155 -- avg. score of the worst plan of each agent: 63.36244284034719
2026-07-10T16:48:25,883  INFO ScoreStatsControlerListener:156 -- avg. of the avg. plan score per agent: 63.795159399990034
2026-07-10T16:48:25,883  INFO ScoreStatsControlerListener:157 -- avg. score of the best plan of each agent: 64.16065845324646
2026-07-10T16:48:25,915  INFO ControlerListenerManagerImpl:180 calling notifyIterationEnds on org.matsim.analysis.IterationTravelStatsControlerListener with priority 0.0
2026-07-10T16:48:25,916  INFO TravelDistanceStats:115 -- average leg distance per plan (executed plans only): 44776.119402985074 meters
2026-07-10T16:48:25,916  INFO TravelDistanceStats:116 average leg distance per Person (executed plans only): 90000.0 meters (statistic on all 201 legs which have a finite distance)
2026-07-10T16:48:25,916  INFO TravelDistanceStats:117 -- average trip distance per plan (executed plans only): 44776.119402985074 meters
2026-07-10T16:48:25,916  INFO TravelDistanceStats:118 average trip distance per Person (executed plans only): 90000.0 meters (statistic on all 201 trips which have a finite distance)
2026-07-10T16:48:25,916  INFO TravelDistanceStats:119 (TravelDistanceStats takes an average over all legs where the simulation reports travelled (network) distances
2026-07-10T16:48:25,916  INFO TravelDistanceStats:120 (and teleported legs whose route contains a distance.)
2026-07-10T16:48:25,995  INFO ControlerListenerManagerImpl:180 calling notifyIterationEnds on org.matsim.analysis.LegTimesControlerListener with priority 0.0
2026-07-10T16:48:25,995  INFO EventsManagerImpl:164 removing Event-Handler: org.matsim.analysis.CalcLegTimes
2026-07-10T16:48:25,995  INFO EventsManagerImpl:164 removing Event-Handler: org.matsim.analysis.CalcLegTimes
2026-07-10T16:48:25,995  INFO ControlerListenerManagerImpl:180 calling notifyIterationEnds on org.matsim.analysis.LegHistogramListener with priority 0.0
2026-07-10T16:48:25,997  INFO LegHistogramListener:78 number of legs:	1608	100%
2026-07-10T16:48:25,998  INFO LegHistogramListener:85 number of car legs:	1608	100.0%
2026-07-10T16:48:26,089  INFO ControlerListenerManagerImpl:180 calling notifyIterationEnds on org.matsim.analysis.LinkStatsControlerListener with priority 0.0
2026-07-10T16:48:26,089  INFO ControlerListenerManagerImpl:184 [it.6] all ControlerIterationEndsListeners called.
2026-07-10T16:48:26,150  INFO AbstractController:184 ### ITERATION 6 ENDS
2026-07-10T16:48:26,150  INFO AbstractController:185 ###################################################
2026-07-10T16:48:26,150  INFO AbstractController:136 ###################################################
2026-07-10T16:48:26,150  INFO AbstractController:137 ### ITERATION 7 BEGINS
2026-07-10T16:48:26,152  INFO ControlerListenerManagerImpl:156 calling notifyIterationStarts on org.matsim.analysis.LegTimesControlerListener with priority 0.0
2026-07-10T16:48:26,152  INFO EventsManagerImpl:139 === Logging of event-handlers skipped ===
2026-07-10T16:48:26,152  INFO EventsManagerImpl:140 To enable debug output, set an environment variable i.e. export LOG_LEVEL='debug', or set log.setLogLevel(Level.DEBUG) in your run class.
2026-07-10T16:48:26,152  INFO EventsManagerImpl:210     > org.matsim.api.core.v01.events.PersonDepartureEvent
2026-07-10T16:48:26,153  INFO EventsManagerImpl:210     > org.matsim.api.core.v01.events.PersonArrivalEvent
2026-07-10T16:48:26,153  INFO EventsManagerImpl:210     > org.matsim.api.core.v01.events.ActivityEndEvent
2026-07-10T16:48:26,153  INFO EventsManagerImpl:210     > org.matsim.api.core.v01.events.ActivityStartEvent
2026-07-10T16:48:26,153  INFO EventsManagerImpl:139 === Logging of event-handlers skipped ===
2026-07-10T16:48:26,153  INFO EventsManagerImpl:140 To enable debug output, set an environment variable i.e. export LOG_LEVEL='debug', or set log.setLogLevel(Level.DEBUG) in your run class.
2026-07-10T16:48:26,153  INFO EventsManagerImpl:210     > org.matsim.api.core.v01.events.PersonDepartureEvent
2026-07-10T16:48:26,153  INFO EventsManagerImpl:210     > org.matsim.api.core.v01.events.PersonArrivalEvent
2026-07-10T16:48:26,153  INFO EventsManagerImpl:210     > org.matsim.api.core.v01.events.ActivityEndEvent
2026-07-10T16:48:26,153  INFO EventsManagerImpl:210     > org.matsim.api.core.v01.events.ActivityStartEvent
2026-07-10T16:48:26,154  INFO ControlerListenerManagerImpl:156 calling notifyIterationStarts on org.matsim.analysis.LegHistogramListener with priority 0.0
2026-07-10T16:48:26,154  INFO EventsManagerImpl:139 === Logging of event-handlers skipped ===
2026-07-10T16:48:26,154  INFO EventsManagerImpl:140 To enable debug output, set an environment variable i.e. export LOG_LEVEL='debug', or set log.setLogLevel(Level.DEBUG) in your run class.
2026-07-10T16:48:26,154  INFO EventsManagerImpl:210     > org.matsim.api.core.v01.events.PersonDepartureEvent
2026-07-10T16:48:26,154  INFO EventsManagerImpl:210     > org.matsim.api.core.v01.events.PersonArrivalEvent
2026-07-10T16:48:26,154  INFO EventsManagerImpl:210     > org.matsim.api.core.v01.events.PersonStuckEvent
2026-07-10T16:48:26,154  INFO EventsManagerImpl:139 === Logging of event-handlers skipped ===
2026-07-10T16:48:26,154  INFO EventsManagerImpl:140 To enable debug output, set an environment variable i.e. export LOG_LEVEL='debug', or set log.setLogLevel(Level.DEBUG) in your run class.
2026-07-10T16:48:26,154  INFO EventsManagerImpl:210     > org.matsim.api.core.v01.events.PersonDepartureEvent
2026-07-10T16:48:26,154  INFO EventsManagerImpl:210     > org.matsim.api.core.v01.events.PersonArrivalEvent
2026-07-10T16:48:26,154  INFO EventsManagerImpl:210     > org.matsim.api.core.v01.events.PersonStuckEvent
2026-07-10T16:48:26,154  INFO ControlerListenerManagerImpl:156 calling notifyIterationStarts on org.matsim.analysis.LinkStatsControlerListener with priority 0.0
2026-07-10T16:48:26,155  INFO ControlerListenerManagerImpl:156 calling notifyIterationStarts on org.matsim.core.replanning.ReplanningContextImpl with priority 0.0
2026-07-10T16:48:26,155  INFO ControlerListenerManagerImpl:156 calling notifyIterationStarts on org.matsim.core.scoring.ScoringFunctionsForPopulation$$Lambda/0x000001bbb72ffbe0 with priority 0.0
2026-07-10T16:48:26,155  INFO ControlerListenerManagerImpl:156 calling notifyIterationStarts on org.matsim.core.scoring.ExperiencedPlansServiceImpl$1 with priority 0.0
2026-07-10T16:48:26,155  INFO ControlerListenerManagerImpl:159 [it.7] all ControlerIterationStartsListeners called.
2026-07-10T16:48:26,155  INFO ControlerListenerManagerImpl:221 calling notifyReplanning on org.matsim.core.controler.corelisteners.PlansReplanningImpl with priority 0.0
2026-07-10T16:48:26,156  WARN NetworkRoutingProvider:137 [mode: car; routingMode: car] Using deprecated routing module without access/egress. Consider using AccessEgressNetworkRouter instead.
2026-07-10T16:48:26,157  WARN NetworkRoutingProvider:137 [mode: car; routingMode: car] Using deprecated routing module without access/egress. Consider using AccessEgressNetworkRouter instead.
2026-07-10T16:48:26,157  INFO GenericPlanStrategyImpl:135 Plan-Strategy finished, 93 plans handled. Strategy: BestPlanSelector
2026-07-10T16:48:26,158  INFO AbstractMultithreadedModule:142 [PlanRouter] starting 2 threads, handling 7 plans
2026-07-10T16:48:26,159  INFO Counter:70 [PlanRouter] handled plan # 1
2026-07-10T16:48:26,159  INFO Counter:70 [PlanRouter] handled plan # 2
2026-07-10T16:48:26,160  INFO Counter:70 [PlanRouter] handled plan # 4
2026-07-10T16:48:26,161  INFO AbstractMultithreadedModule:157 [PlanRouter] all 2 threads finished.
2026-07-10T16:48:26,161  INFO GenericPlanStrategyImpl:135 Plan-Strategy finished, 7 plans handled. Strategy: RandomPlanSelector_ReRoute
2026-07-10T16:48:26,162  INFO ControlerListenerManagerImpl:230 [it.7] all ControlerReplanningListeners called.
2026-07-10T16:48:26,162  INFO ControlerListenerManagerImpl:242 calling notifyBeforeMobsim on org.matsim.core.controler.corelisteners.EventsHandlingImpl with priority 0.0
2026-07-10T16:48:26,162  INFO EventsManagerImpl:173 resetting Event-Handlers
2026-07-10T16:48:26,162  INFO EventsManagerImpl:180   org.matsim.core.trafficmonitoring.TravelTimeCalculator
2026-07-10T16:48:26,162  INFO EventsManagerImpl:180   org.matsim.analysis.VolumesAnalyzer
2026-07-10T16:48:26,162  INFO EventsManagerImpl:180   org.matsim.core.scoring.ScoringFunctionsForPopulation
2026-07-10T16:48:26,162  INFO EventsManagerImpl:180   org.matsim.analysis.LegHistogram
2026-07-10T16:48:26,162  INFO EventsManagerImpl:180   org.matsim.analysis.CalcLegTimes
2026-07-10T16:48:26,163  INFO ControlerListenerManagerImpl:242 calling notifyBeforeMobsim on org.matsim.core.controler.corelisteners.PlansDumpingImpl with priority 0.0
2026-07-10T16:48:26,163  INFO ControlerListenerManagerImpl:248 calling notifyBeforeMobsim on org.matsim.core.population.VspPlansCleaner with priority 0.0
2026-07-10T16:48:26,163  INFO ControlerListenerManagerImpl:251 [it.7] all ControlerBeforeMobsimListeners called.
2026-07-10T16:48:26,163  INFO PrepareForMobsimImpl:86 Network seems to be multimodal. Create car-only network which is handed over to PersonPrepareForSim.
2026-07-10T16:48:26,163  INFO NetworkImpl:165  node # 1
2026-07-10T16:48:26,164  INFO NetworkImpl:165  node # 4
2026-07-10T16:48:26,164  INFO NetworkImpl:161  link # 1
2026-07-10T16:48:26,164  INFO NetworkImpl:161  link # 4
2026-07-10T16:48:26,164  INFO NetworkImpl:161  link # 16
2026-07-10T16:48:26,165  WARN NetworkRoutingProvider:137 [mode: car; routingMode: car] Using deprecated routing module without access/egress. Consider using AccessEgressNetworkRouter instead.
2026-07-10T16:48:26,165  WARN NetworkRoutingProvider:137 [mode: car; routingMode: car] Using deprecated routing module without access/egress. Consider using AccessEgressNetworkRouter instead.
2026-07-10T16:48:26,166  INFO Counter:70 [PersonPrepareForSim] handled person # 1
2026-07-10T16:48:26,167  INFO Counter:70 [PersonPrepareForSim] handled person # 4
2026-07-10T16:48:26,166  INFO Counter:70 [PersonPrepareForSim] handled person # 2
2026-07-10T16:48:26,167  INFO Counter:70 [PersonPrepareForSim] handled person # 8
2026-07-10T16:48:26,167  INFO Counter:70 [PersonPrepareForSim] handled person # 16
2026-07-10T16:48:26,167  INFO Counter:70 [PersonPrepareForSim] handled person # 32
2026-07-10T16:48:26,167  INFO Counter:70 [PersonPrepareForSim] handled person # 64
2026-07-10T16:48:26,168  INFO Counter:75 [PersonPrepareForSim] handled person # 100
2026-07-10T16:48:26,189  INFO MobsimListenerManager:50 calling addQueueSimulationListener
2026-07-10T16:48:26,189  INFO MobsimListenerManager:54   assigned class org.matsim.core.mobsim.framework.listeners.MobsimListener to interface org.matsim.core.mobsim.framework.listeners.MobsimListener
2026-07-10T16:48:26,189  INFO MobsimListenerManager:54   assigned class org.matsim.core.mobsim.framework.listeners.MobsimListener to interface org.matsim.core.mobsim.framework.listeners.MobsimBeforeCleanupListener
2026-07-10T16:48:26,189  INFO MobsimListenerManager:54   assigned class org.matsim.core.mobsim.framework.listeners.MobsimListener to interface org.matsim.vis.snapshotwriters.SnapshotWriterManager
2026-07-10T16:48:26,189  INFO MobsimListenerManager:54   assigned class org.matsim.core.mobsim.framework.listeners.MobsimListener to interface org.matsim.core.mobsim.framework.listeners.MobsimInitializedListener
2026-07-10T16:48:26,189  INFO MobsimListenerManager:54   assigned class org.matsim.core.mobsim.framework.listeners.MobsimListener to interface org.matsim.core.mobsim.framework.listeners.MobsimAfterSimStepListener
2026-07-10T16:48:26,190  INFO QSimProvider:131 Added MobsimEngine class org.matsim.core.mobsim.qsim.ActivityEngineDefaultImpl
2026-07-10T16:48:26,190  INFO QSimProvider:137 Added Activityhandler class org.matsim.core.mobsim.qsim.ActivityEngineDefaultImpl
2026-07-10T16:48:26,191  INFO QSimProvider:131 Added MobsimEngine class org.matsim.core.mobsim.qsim.qnetsimengine.QNetsimEngineWithThreadpool
2026-07-10T16:48:26,191  INFO QSimProvider:143 Added DepartureHandler class org.matsim.core.mobsim.qsim.qnetsimengine.NetworkModeDepartureHandlerDefaultImpl
2026-07-10T16:48:26,192  INFO QSimProvider:131 Added MobsimEngine class org.matsim.core.mobsim.qsim.DefaultTeleportationEngine
2026-07-10T16:48:26,192  INFO QSimProvider:143 Added DepartureHandler class org.matsim.core.mobsim.qsim.DefaultTeleportationEngine
2026-07-10T16:48:26,192  INFO QSimProvider:149 Added AgentSource class org.matsim.core.mobsim.qsim.agents.PopulationAgentSource
2026-07-10T16:48:26,192  INFO MobsimListenerManager:50 calling addQueueSimulationListener
2026-07-10T16:48:26,192  INFO MobsimListenerManager:54   assigned class org.matsim.core.mobsim.framework.listeners.MobsimListener to interface org.matsim.core.mobsim.framework.listeners.MobsimBeforeSimStepListener
2026-07-10T16:48:26,192  INFO MobsimListenerManager:54   assigned class org.matsim.core.mobsim.framework.listeners.MobsimListener to interface org.matsim.core.mobsim.framework.listeners.MobsimListener
2026-07-10T16:48:26,192  INFO MobsimListenerManager:54   assigned class org.matsim.core.mobsim.framework.listeners.MobsimListener to interface org.matsim.core.mobsim.qsim.messagequeueengine.MessageQueueEngine
2026-07-10T16:48:26,192  INFO QSimProvider:155 Added MobsimListener class org.matsim.core.mobsim.qsim.messagequeueengine.MessageQueueEngine
2026-07-10T16:48:26,193  INFO AbstractQNetsimEngine:418 Assigned 15 nodes and 23 links to QSimEngineRunner #0
2026-07-10T16:48:26,195  INFO AbstractQNetsimEngine:356 SIMULATION (QNetsimEngine) AT 05:58:30 : #links=0 #nodes=1
2026-07-10T16:48:26,195  INFO QSim:552 SIMULATION (NEW QSim) AT 05:58:30 : #Veh=100 lost=0 simT=0.0s realT=0s; (s/r): 0.0
2026-07-10T16:48:26,202  INFO AbstractQNetsimEngine:356 SIMULATION (QNetsimEngine) AT 06:00:00 : #links=2 #nodes=1
2026-07-10T16:48:26,202  INFO QSim:552 SIMULATION (NEW QSim) AT 06:00:00 : #Veh=100 lost=0 simT=90.0s realT=0s; (s/r): Infinity
2026-07-10T16:48:26,456  INFO AbstractQNetsimEngine:356 SIMULATION (QNetsimEngine) AT 07:00:00 : #links=2 #nodes=0
2026-07-10T16:48:26,456  INFO QSim:552 SIMULATION (NEW QSim) AT 07:00:00 : #Veh=100 lost=0 simT=3690.0s realT=0s; (s/r): Infinity
2026-07-10T16:48:26,727  INFO AbstractQNetsimEngine:356 SIMULATION (QNetsimEngine) AT 08:00:00 : #links=1 #nodes=0
2026-07-10T16:48:26,727  INFO QSim:552 SIMULATION (NEW QSim) AT 08:00:00 : #Veh=5 lost=0 simT=7290.0s realT=0s; (s/r): Infinity
2026-07-10T16:48:26,977  INFO AbstractQNetsimEngine:356 SIMULATION (QNetsimEngine) AT 09:00:00 : #links=1 #nodes=0
2026-07-10T16:48:26,977  INFO QSim:552 SIMULATION (NEW QSim) AT 09:00:00 : #Veh=4 lost=0 simT=10890.0s realT=0s; (s/r): Infinity
2026-07-10T16:48:27,217  INFO AbstractQNetsimEngine:356 SIMULATION (QNetsimEngine) AT 10:00:00 : #links=0 #nodes=0
2026-07-10T16:48:27,217  INFO QSim:552 SIMULATION (NEW QSim) AT 10:00:00 : #Veh=2 lost=0 simT=14490.0s realT=1s; (s/r): 14490.0
2026-07-10T16:48:27,455  INFO AbstractQNetsimEngine:356 SIMULATION (QNetsimEngine) AT 11:00:00 : #links=0 #nodes=0
2026-07-10T16:48:27,455  INFO QSim:552 SIMULATION (NEW QSim) AT 11:00:00 : #Veh=1 lost=0 simT=18090.0s realT=1s; (s/r): 18090.0
2026-07-10T16:48:27,690  INFO AbstractQNetsimEngine:356 SIMULATION (QNetsimEngine) AT 12:00:00 : #links=0 #nodes=0
2026-07-10T16:48:27,690  INFO QSim:552 SIMULATION (NEW QSim) AT 12:00:00 : #Veh=1 lost=0 simT=21690.0s realT=1s; (s/r): 21690.0
2026-07-10T16:48:27,922  INFO AbstractQNetsimEngine:356 SIMULATION (QNetsimEngine) AT 13:00:00 : #links=1 #nodes=0
2026-07-10T16:48:27,922  INFO QSim:552 SIMULATION (NEW QSim) AT 13:00:00 : #Veh=1 lost=0 simT=25290.0s realT=1s; (s/r): 25290.0
2026-07-10T16:48:28,029  INFO AbstractController$9:237 ### ITERATION 7 fires after mobsim event
2026-07-10T16:48:28,029  INFO ControlerListenerManagerImpl:269 calling notifyAfterMobsim on org.matsim.analysis.LegTimesControlerListener with priority 0.0
2026-07-10T16:48:28,029  INFO Gbl:196 Thread performance: Thread=class org.matsim.core.events.SimStepParallelEventsManagerImpl$ProcessEventsRunnable0  cpu-time=0.234375sec
2026-07-10T16:48:28,031  INFO LegTimesControlerListener:73 [7] average leg duration is: 1818 seconds = 00:30:18
2026-07-10T16:48:28,032  INFO ControlerListenerManagerImpl:269 calling notifyAfterMobsim on org.matsim.core.events.MobsimScopeEventHandling with priority 0.0
2026-07-10T16:48:28,032  INFO ControlerListenerManagerImpl:269 calling notifyAfterMobsim on org.matsim.core.scoring.EventsToActivities$1 with priority 0.0
2026-07-10T16:48:28,032  INFO ControlerListenerManagerImpl:272 [it.7] all ControlerAfterMobsimListeners called.
2026-07-10T16:48:28,032  INFO AbstractController$4:162 ### ITERATION 7 fires scoring event
2026-07-10T16:48:28,032  INFO ControlerListenerManagerImpl:197 calling notifyScoring on org.matsim.core.scoring.PlansScoringImpl with priority 0.0
2026-07-10T16:48:28,032  INFO NewScoreAssignerImpl:60 it: 7 msaStart: null
2026-07-10T16:48:28,033  INFO ControlerListenerManagerImpl:209 [it.7] all ControlerScoringListeners called.
2026-07-10T16:48:28,033  INFO AbstractController$5:170 ### ITERATION 7 fires iteration end event
2026-07-10T16:48:28,033  INFO ControlerListenerManagerImpl:172 calling notifyIterationEnds on org.matsim.core.controler.corelisteners.EventsHandlingImpl with priority 0.0
2026-07-10T16:48:28,033  INFO ControlerListenerManagerImpl:172 calling notifyIterationEnds on org.matsim.core.scoring.PlansScoringImpl with priority 0.0
2026-07-10T16:48:28,033  INFO ControlerListenerManagerImpl:180 calling notifyIterationEnds on org.matsim.counts.CountsControlerListener with priority 0.0
2026-07-10T16:48:28,033  INFO ControlerListenerManagerImpl:180 calling notifyIterationEnds on org.matsim.analysis.ModeChoiceCoverageControlerListener with priority 0.0
2026-07-10T16:48:28,034  INFO ModeChoiceCoverageControlerListener:144 -- mode choice coverage (1x) of mode car = 1.0
2026-07-10T16:48:28,034  INFO ModeChoiceCoverageControlerListener:144 -- mode choice coverage (5x) of mode car = 1.0
2026-07-10T16:48:28,034  INFO ModeChoiceCoverageControlerListener:144 -- mode choice coverage (10x) of mode car = 0.0
2026-07-10T16:48:28,146  INFO ControlerListenerManagerImpl:180 calling notifyIterationEnds on org.matsim.analysis.ModeStatsControlerListener with priority 0.0
2026-07-10T16:48:28,147  INFO ModeStatsControlerListener:133 Mode shares over all 201.0 trips found. MainModeIdentifier: class org.matsim.core.router.DefaultAnalysisMainModeIdentifier
2026-07-10T16:48:28,147  INFO ModeStatsControlerListener:140 -- mode share of mode car = 1.0
2026-07-10T16:48:28,221  INFO ControlerListenerManagerImpl:180 calling notifyIterationEnds on org.matsim.analysis.ScoreStatsControlerListener with priority 0.0
2026-07-10T16:48:28,222  INFO ScoreStatsControlerListener:154 -- avg. score of the executed plan of each agent: 64.22455205733786
2026-07-10T16:48:28,222  INFO ScoreStatsControlerListener:155 -- avg. score of the worst plan of each agent: 63.37549753338251
2026-07-10T16:48:28,222  INFO ScoreStatsControlerListener:156 -- avg. of the avg. plan score per agent: 63.841663941740414
2026-07-10T16:48:28,222  INFO ScoreStatsControlerListener:157 -- avg. score of the best plan of each agent: 64.22831555200203
2026-07-10T16:48:28,264  INFO ControlerListenerManagerImpl:180 calling notifyIterationEnds on org.matsim.analysis.IterationTravelStatsControlerListener with priority 0.0
2026-07-10T16:48:28,264  INFO TravelDistanceStats:115 -- average leg distance per plan (executed plans only): 44776.119402985074 meters
2026-07-10T16:48:28,264  INFO TravelDistanceStats:116 average leg distance per Person (executed plans only): 90000.0 meters (statistic on all 201 legs which have a finite distance)
2026-07-10T16:48:28,264  INFO TravelDistanceStats:117 -- average trip distance per plan (executed plans only): 44776.119402985074 meters
2026-07-10T16:48:28,265  INFO TravelDistanceStats:118 average trip distance per Person (executed plans only): 90000.0 meters (statistic on all 201 trips which have a finite distance)
2026-07-10T16:48:28,265  INFO TravelDistanceStats:119 (TravelDistanceStats takes an average over all legs where the simulation reports travelled (network) distances
2026-07-10T16:48:28,265  INFO TravelDistanceStats:120 (and teleported legs whose route contains a distance.)
2026-07-10T16:48:28,355  INFO ControlerListenerManagerImpl:180 calling notifyIterationEnds on org.matsim.analysis.LegTimesControlerListener with priority 0.0
2026-07-10T16:48:28,355  INFO EventsManagerImpl:164 removing Event-Handler: org.matsim.analysis.CalcLegTimes
2026-07-10T16:48:28,355  INFO EventsManagerImpl:164 removing Event-Handler: org.matsim.analysis.CalcLegTimes
2026-07-10T16:48:28,355  INFO ControlerListenerManagerImpl:180 calling notifyIterationEnds on org.matsim.analysis.LegHistogramListener with priority 0.0
2026-07-10T16:48:28,358  INFO LegHistogramListener:78 number of legs:	1809	100%
2026-07-10T16:48:28,358  INFO LegHistogramListener:85 number of car legs:	1809	100.0%
2026-07-10T16:48:28,448  INFO ControlerListenerManagerImpl:180 calling notifyIterationEnds on org.matsim.analysis.LinkStatsControlerListener with priority 0.0
2026-07-10T16:48:28,448  INFO ControlerListenerManagerImpl:184 [it.7] all ControlerIterationEndsListeners called.
2026-07-10T16:48:28,505  INFO AbstractController:184 ### ITERATION 7 ENDS
2026-07-10T16:48:28,505  INFO AbstractController:185 ###################################################
2026-07-10T16:48:28,505  INFO AbstractController:136 ###################################################
2026-07-10T16:48:28,505  INFO AbstractController:137 ### ITERATION 8 BEGINS
2026-07-10T16:48:28,506  INFO ControlerListenerManagerImpl:156 calling notifyIterationStarts on org.matsim.analysis.LegTimesControlerListener with priority 0.0
2026-07-10T16:48:28,506  INFO EventsManagerImpl:139 === Logging of event-handlers skipped ===
2026-07-10T16:48:28,506  INFO EventsManagerImpl:140 To enable debug output, set an environment variable i.e. export LOG_LEVEL='debug', or set log.setLogLevel(Level.DEBUG) in your run class.
2026-07-10T16:48:28,506  INFO EventsManagerImpl:210     > org.matsim.api.core.v01.events.PersonDepartureEvent
2026-07-10T16:48:28,506  INFO EventsManagerImpl:210     > org.matsim.api.core.v01.events.PersonArrivalEvent
2026-07-10T16:48:28,506  INFO EventsManagerImpl:210     > org.matsim.api.core.v01.events.ActivityEndEvent
2026-07-10T16:48:28,506  INFO EventsManagerImpl:210     > org.matsim.api.core.v01.events.ActivityStartEvent
2026-07-10T16:48:28,506  INFO EventsManagerImpl:139 === Logging of event-handlers skipped ===
2026-07-10T16:48:28,506  INFO EventsManagerImpl:140 To enable debug output, set an environment variable i.e. export LOG_LEVEL='debug', or set log.setLogLevel(Level.DEBUG) in your run class.
2026-07-10T16:48:28,507  INFO EventsManagerImpl:210     > org.matsim.api.core.v01.events.PersonDepartureEvent
2026-07-10T16:48:28,507  INFO EventsManagerImpl:210     > org.matsim.api.core.v01.events.PersonArrivalEvent
2026-07-10T16:48:28,507  INFO EventsManagerImpl:210     > org.matsim.api.core.v01.events.ActivityEndEvent
2026-07-10T16:48:28,507  INFO EventsManagerImpl:210     > org.matsim.api.core.v01.events.ActivityStartEvent
2026-07-10T16:48:28,507  INFO ControlerListenerManagerImpl:156 calling notifyIterationStarts on org.matsim.analysis.LegHistogramListener with priority 0.0
2026-07-10T16:48:28,507  INFO EventsManagerImpl:139 === Logging of event-handlers skipped ===
2026-07-10T16:48:28,507  INFO EventsManagerImpl:140 To enable debug output, set an environment variable i.e. export LOG_LEVEL='debug', or set log.setLogLevel(Level.DEBUG) in your run class.
2026-07-10T16:48:28,507  INFO EventsManagerImpl:210     > org.matsim.api.core.v01.events.PersonDepartureEvent
2026-07-10T16:48:28,507  INFO EventsManagerImpl:210     > org.matsim.api.core.v01.events.PersonArrivalEvent
2026-07-10T16:48:28,507  INFO EventsManagerImpl:210     > org.matsim.api.core.v01.events.PersonStuckEvent
2026-07-10T16:48:28,507  INFO EventsManagerImpl:139 === Logging of event-handlers skipped ===
2026-07-10T16:48:28,507  INFO EventsManagerImpl:140 To enable debug output, set an environment variable i.e. export LOG_LEVEL='debug', or set log.setLogLevel(Level.DEBUG) in your run class.
2026-07-10T16:48:28,507  INFO EventsManagerImpl:210     > org.matsim.api.core.v01.events.PersonDepartureEvent
2026-07-10T16:48:28,507  INFO EventsManagerImpl:210     > org.matsim.api.core.v01.events.PersonArrivalEvent
2026-07-10T16:48:28,507  INFO EventsManagerImpl:210     > org.matsim.api.core.v01.events.PersonStuckEvent
2026-07-10T16:48:28,507  INFO ControlerListenerManagerImpl:156 calling notifyIterationStarts on org.matsim.analysis.LinkStatsControlerListener with priority 0.0
2026-07-10T16:48:28,507  INFO ControlerListenerManagerImpl:156 calling notifyIterationStarts on org.matsim.core.replanning.ReplanningContextImpl with priority 0.0
2026-07-10T16:48:28,507  INFO ControlerListenerManagerImpl:156 calling notifyIterationStarts on org.matsim.core.scoring.ScoringFunctionsForPopulation$$Lambda/0x000001bbb72ffbe0 with priority 0.0
2026-07-10T16:48:28,508  INFO ControlerListenerManagerImpl:156 calling notifyIterationStarts on org.matsim.core.scoring.ExperiencedPlansServiceImpl$1 with priority 0.0
2026-07-10T16:48:28,508  INFO ControlerListenerManagerImpl:159 [it.8] all ControlerIterationStartsListeners called.
2026-07-10T16:48:28,508  INFO ControlerListenerManagerImpl:221 calling notifyReplanning on org.matsim.core.controler.corelisteners.PlansReplanningImpl with priority 0.0
2026-07-10T16:48:28,508  WARN NetworkRoutingProvider:137 [mode: car; routingMode: car] Using deprecated routing module without access/egress. Consider using AccessEgressNetworkRouter instead.
2026-07-10T16:48:28,508  WARN NetworkRoutingProvider:137 [mode: car; routingMode: car] Using deprecated routing module without access/egress. Consider using AccessEgressNetworkRouter instead.
2026-07-10T16:48:28,509  INFO GenericPlanStrategyImpl:135 Plan-Strategy finished, 90 plans handled. Strategy: BestPlanSelector
2026-07-10T16:48:28,509  INFO AbstractMultithreadedModule:142 [PlanRouter] starting 2 threads, handling 10 plans
2026-07-10T16:48:28,510  INFO Counter:70 [PlanRouter] handled plan # 1
2026-07-10T16:48:28,510  INFO Counter:70 [PlanRouter] handled plan # 2
2026-07-10T16:48:28,511  INFO Counter:70 [PlanRouter] handled plan # 4
2026-07-10T16:48:28,512  INFO Counter:70 [PlanRouter] handled plan # 8
2026-07-10T16:48:28,512  INFO AbstractMultithreadedModule:157 [PlanRouter] all 2 threads finished.
2026-07-10T16:48:28,512  INFO GenericPlanStrategyImpl:135 Plan-Strategy finished, 10 plans handled. Strategy: RandomPlanSelector_ReRoute
2026-07-10T16:48:28,513  INFO ControlerListenerManagerImpl:230 [it.8] all ControlerReplanningListeners called.
2026-07-10T16:48:28,513  INFO ControlerListenerManagerImpl:242 calling notifyBeforeMobsim on org.matsim.core.controler.corelisteners.EventsHandlingImpl with priority 0.0
2026-07-10T16:48:28,513  INFO EventsManagerImpl:173 resetting Event-Handlers
2026-07-10T16:48:28,513  INFO EventsManagerImpl:180   org.matsim.core.trafficmonitoring.TravelTimeCalculator
2026-07-10T16:48:28,513  INFO EventsManagerImpl:180   org.matsim.analysis.VolumesAnalyzer
2026-07-10T16:48:28,513  INFO EventsManagerImpl:180   org.matsim.core.scoring.ScoringFunctionsForPopulation
2026-07-10T16:48:28,513  INFO EventsManagerImpl:180   org.matsim.analysis.LegHistogram
2026-07-10T16:48:28,513  INFO EventsManagerImpl:180   org.matsim.analysis.CalcLegTimes
2026-07-10T16:48:28,514  INFO ControlerListenerManagerImpl:242 calling notifyBeforeMobsim on org.matsim.core.controler.corelisteners.PlansDumpingImpl with priority 0.0
2026-07-10T16:48:28,514  INFO ControlerListenerManagerImpl:248 calling notifyBeforeMobsim on org.matsim.core.population.VspPlansCleaner with priority 0.0
2026-07-10T16:48:28,514  INFO ControlerListenerManagerImpl:251 [it.8] all ControlerBeforeMobsimListeners called.
2026-07-10T16:48:28,514  INFO PrepareForMobsimImpl:86 Network seems to be multimodal. Create car-only network which is handed over to PersonPrepareForSim.
2026-07-10T16:48:28,514  INFO NetworkImpl:165  node # 1
2026-07-10T16:48:28,514  INFO NetworkImpl:165  node # 4
2026-07-10T16:48:28,515  INFO NetworkImpl:161  link # 1
2026-07-10T16:48:28,515  INFO NetworkImpl:161  link # 4
2026-07-10T16:48:28,515  INFO NetworkImpl:161  link # 16
2026-07-10T16:48:28,515  WARN NetworkRoutingProvider:137 [mode: car; routingMode: car] Using deprecated routing module without access/egress. Consider using AccessEgressNetworkRouter instead.
2026-07-10T16:48:28,515  WARN NetworkRoutingProvider:137 [mode: car; routingMode: car] Using deprecated routing module without access/egress. Consider using AccessEgressNetworkRouter instead.
2026-07-10T16:48:28,516  INFO Counter:70 [PersonPrepareForSim] handled person # 1
2026-07-10T16:48:28,516  INFO Counter:70 [PersonPrepareForSim] handled person # 2
2026-07-10T16:48:28,517  INFO Counter:70 [PersonPrepareForSim] handled person # 4
2026-07-10T16:48:28,517  INFO Counter:70 [PersonPrepareForSim] handled person # 8
2026-07-10T16:48:28,517  INFO Counter:70 [PersonPrepareForSim] handled person # 16
2026-07-10T16:48:28,518  INFO Counter:70 [PersonPrepareForSim] handled person # 32
2026-07-10T16:48:28,518  INFO Counter:70 [PersonPrepareForSim] handled person # 64
2026-07-10T16:48:28,518  INFO Counter:75 [PersonPrepareForSim] handled person # 100
2026-07-10T16:48:28,532  INFO MobsimListenerManager:50 calling addQueueSimulationListener
2026-07-10T16:48:28,532  INFO MobsimListenerManager:54   assigned class org.matsim.core.mobsim.framework.listeners.MobsimListener to interface org.matsim.core.mobsim.framework.listeners.MobsimListener
2026-07-10T16:48:28,533  INFO MobsimListenerManager:54   assigned class org.matsim.core.mobsim.framework.listeners.MobsimListener to interface org.matsim.core.mobsim.framework.listeners.MobsimBeforeCleanupListener
2026-07-10T16:48:28,533  INFO MobsimListenerManager:54   assigned class org.matsim.core.mobsim.framework.listeners.MobsimListener to interface org.matsim.vis.snapshotwriters.SnapshotWriterManager
2026-07-10T16:48:28,533  INFO MobsimListenerManager:54   assigned class org.matsim.core.mobsim.framework.listeners.MobsimListener to interface org.matsim.core.mobsim.framework.listeners.MobsimInitializedListener
2026-07-10T16:48:28,533  INFO MobsimListenerManager:54   assigned class org.matsim.core.mobsim.framework.listeners.MobsimListener to interface org.matsim.core.mobsim.framework.listeners.MobsimAfterSimStepListener
2026-07-10T16:48:28,534  INFO QSimProvider:131 Added MobsimEngine class org.matsim.core.mobsim.qsim.ActivityEngineDefaultImpl
2026-07-10T16:48:28,534  INFO QSimProvider:137 Added Activityhandler class org.matsim.core.mobsim.qsim.ActivityEngineDefaultImpl
2026-07-10T16:48:28,535  INFO QSimProvider:131 Added MobsimEngine class org.matsim.core.mobsim.qsim.qnetsimengine.QNetsimEngineWithThreadpool
2026-07-10T16:48:28,535  INFO QSimProvider:143 Added DepartureHandler class org.matsim.core.mobsim.qsim.qnetsimengine.NetworkModeDepartureHandlerDefaultImpl
2026-07-10T16:48:28,535  INFO QSimProvider:131 Added MobsimEngine class org.matsim.core.mobsim.qsim.DefaultTeleportationEngine
2026-07-10T16:48:28,535  INFO QSimProvider:143 Added DepartureHandler class org.matsim.core.mobsim.qsim.DefaultTeleportationEngine
2026-07-10T16:48:28,535  INFO QSimProvider:149 Added AgentSource class org.matsim.core.mobsim.qsim.agents.PopulationAgentSource
2026-07-10T16:48:28,535  INFO MobsimListenerManager:50 calling addQueueSimulationListener
2026-07-10T16:48:28,535  INFO MobsimListenerManager:54   assigned class org.matsim.core.mobsim.framework.listeners.MobsimListener to interface org.matsim.core.mobsim.framework.listeners.MobsimBeforeSimStepListener
2026-07-10T16:48:28,535  INFO MobsimListenerManager:54   assigned class org.matsim.core.mobsim.framework.listeners.MobsimListener to interface org.matsim.core.mobsim.framework.listeners.MobsimListener
2026-07-10T16:48:28,535  INFO MobsimListenerManager:54   assigned class org.matsim.core.mobsim.framework.listeners.MobsimListener to interface org.matsim.core.mobsim.qsim.messagequeueengine.MessageQueueEngine
2026-07-10T16:48:28,535  INFO QSimProvider:155 Added MobsimListener class org.matsim.core.mobsim.qsim.messagequeueengine.MessageQueueEngine
2026-07-10T16:48:28,537  INFO AbstractQNetsimEngine:418 Assigned 15 nodes and 23 links to QSimEngineRunner #0
2026-07-10T16:48:28,538  INFO AbstractQNetsimEngine:356 SIMULATION (QNetsimEngine) AT 05:58:30 : #links=0 #nodes=1
2026-07-10T16:48:28,538  INFO QSim:552 SIMULATION (NEW QSim) AT 05:58:30 : #Veh=100 lost=0 simT=0.0s realT=0s; (s/r): 0.0
2026-07-10T16:48:28,546  INFO AbstractQNetsimEngine:356 SIMULATION (QNetsimEngine) AT 06:00:00 : #links=2 #nodes=1
2026-07-10T16:48:28,546  INFO QSim:552 SIMULATION (NEW QSim) AT 06:00:00 : #Veh=100 lost=0 simT=90.0s realT=0s; (s/r): Infinity
2026-07-10T16:48:28,793  INFO AbstractQNetsimEngine:356 SIMULATION (QNetsimEngine) AT 07:00:00 : #links=2 #nodes=0
2026-07-10T16:48:28,793  INFO QSim:552 SIMULATION (NEW QSim) AT 07:00:00 : #Veh=100 lost=0 simT=3690.0s realT=0s; (s/r): Infinity
2026-07-10T16:48:29,023  INFO AbstractQNetsimEngine:356 SIMULATION (QNetsimEngine) AT 08:00:00 : #links=1 #nodes=0
2026-07-10T16:48:29,023  INFO QSim:552 SIMULATION (NEW QSim) AT 08:00:00 : #Veh=5 lost=0 simT=7290.0s realT=0s; (s/r): Infinity
2026-07-10T16:48:29,252  INFO AbstractQNetsimEngine:356 SIMULATION (QNetsimEngine) AT 09:00:00 : #links=1 #nodes=0
2026-07-10T16:48:29,252  INFO QSim:552 SIMULATION (NEW QSim) AT 09:00:00 : #Veh=4 lost=0 simT=10890.0s realT=0s; (s/r): Infinity
2026-07-10T16:48:29,483  INFO AbstractQNetsimEngine:356 SIMULATION (QNetsimEngine) AT 10:00:00 : #links=0 #nodes=0
2026-07-10T16:48:29,483  INFO QSim:552 SIMULATION (NEW QSim) AT 10:00:00 : #Veh=2 lost=0 simT=14490.0s realT=0s; (s/r): Infinity
2026-07-10T16:48:29,715  INFO AbstractQNetsimEngine:356 SIMULATION (QNetsimEngine) AT 11:00:00 : #links=0 #nodes=0
2026-07-10T16:48:29,716  INFO QSim:552 SIMULATION (NEW QSim) AT 11:00:00 : #Veh=1 lost=0 simT=18090.0s realT=1s; (s/r): 18090.0
2026-07-10T16:48:29,935  INFO AbstractQNetsimEngine:356 SIMULATION (QNetsimEngine) AT 12:00:00 : #links=0 #nodes=0
2026-07-10T16:48:29,936  INFO QSim:552 SIMULATION (NEW QSim) AT 12:00:00 : #Veh=1 lost=0 simT=21690.0s realT=1s; (s/r): 21690.0
2026-07-10T16:48:30,164  INFO AbstractQNetsimEngine:356 SIMULATION (QNetsimEngine) AT 13:00:00 : #links=1 #nodes=0
2026-07-10T16:48:30,164  INFO QSim:552 SIMULATION (NEW QSim) AT 13:00:00 : #Veh=1 lost=0 simT=25290.0s realT=1s; (s/r): 25290.0
2026-07-10T16:48:30,266  INFO AbstractController$9:237 ### ITERATION 8 fires after mobsim event
2026-07-10T16:48:30,266  INFO Gbl:196 Thread performance: Thread=class org.matsim.core.events.SimStepParallelEventsManagerImpl$ProcessEventsRunnable0  cpu-time=0.28125sec
2026-07-10T16:48:30,266  INFO ControlerListenerManagerImpl:269 calling notifyAfterMobsim on org.matsim.analysis.LegTimesControlerListener with priority 0.0
2026-07-10T16:48:30,268  INFO LegTimesControlerListener:73 [8] average leg duration is: 1800 seconds = 00:30:00
2026-07-10T16:48:30,268  INFO ControlerListenerManagerImpl:269 calling notifyAfterMobsim on org.matsim.core.events.MobsimScopeEventHandling with priority 0.0
2026-07-10T16:48:30,268  INFO ControlerListenerManagerImpl:269 calling notifyAfterMobsim on org.matsim.core.scoring.EventsToActivities$1 with priority 0.0
2026-07-10T16:48:30,268  INFO ControlerListenerManagerImpl:272 [it.8] all ControlerAfterMobsimListeners called.
2026-07-10T16:48:30,268  INFO AbstractController$4:162 ### ITERATION 8 fires scoring event
2026-07-10T16:48:30,268  INFO ControlerListenerManagerImpl:197 calling notifyScoring on org.matsim.core.scoring.PlansScoringImpl with priority 0.0
2026-07-10T16:48:30,269  INFO NewScoreAssignerImpl:60 it: 8 msaStart: null
2026-07-10T16:48:30,269  INFO ControlerListenerManagerImpl:209 [it.8] all ControlerScoringListeners called.
2026-07-10T16:48:30,269  INFO AbstractController$5:170 ### ITERATION 8 fires iteration end event
2026-07-10T16:48:30,269  INFO ControlerListenerManagerImpl:172 calling notifyIterationEnds on org.matsim.core.controler.corelisteners.EventsHandlingImpl with priority 0.0
2026-07-10T16:48:30,269  INFO ControlerListenerManagerImpl:172 calling notifyIterationEnds on org.matsim.core.scoring.PlansScoringImpl with priority 0.0
2026-07-10T16:48:30,269  INFO ControlerListenerManagerImpl:180 calling notifyIterationEnds on org.matsim.counts.CountsControlerListener with priority 0.0
2026-07-10T16:48:30,269  INFO ControlerListenerManagerImpl:180 calling notifyIterationEnds on org.matsim.analysis.ModeChoiceCoverageControlerListener with priority 0.0
2026-07-10T16:48:30,270  INFO ModeChoiceCoverageControlerListener:144 -- mode choice coverage (1x) of mode car = 1.0
2026-07-10T16:48:30,270  INFO ModeChoiceCoverageControlerListener:144 -- mode choice coverage (5x) of mode car = 1.0
2026-07-10T16:48:30,270  INFO ModeChoiceCoverageControlerListener:144 -- mode choice coverage (10x) of mode car = 0.0
2026-07-10T16:48:30,362  INFO ControlerListenerManagerImpl:180 calling notifyIterationEnds on org.matsim.analysis.ModeStatsControlerListener with priority 0.0
2026-07-10T16:48:30,362  INFO ModeStatsControlerListener:133 Mode shares over all 201.0 trips found. MainModeIdentifier: class org.matsim.core.router.DefaultAnalysisMainModeIdentifier
2026-07-10T16:48:30,362  INFO ModeStatsControlerListener:140 -- mode share of mode car = 1.0
2026-07-10T16:48:30,426  INFO ControlerListenerManagerImpl:180 calling notifyIterationEnds on org.matsim.analysis.ScoreStatsControlerListener with priority 0.0
2026-07-10T16:48:30,427  INFO ScoreStatsControlerListener:154 -- avg. score of the executed plan of each agent: 64.31927249973779
2026-07-10T16:48:30,427  INFO ScoreStatsControlerListener:155 -- avg. score of the worst plan of each agent: 63.3812321823842
2026-07-10T16:48:30,427  INFO ScoreStatsControlerListener:156 -- avg. of the avg. plan score per agent: 63.89986713008741
2026-07-10T16:48:30,427  INFO ScoreStatsControlerListener:157 -- avg. score of the best plan of each agent: 64.32231057513084
2026-07-10T16:48:30,464  INFO ControlerListenerManagerImpl:180 calling notifyIterationEnds on org.matsim.analysis.IterationTravelStatsControlerListener with priority 0.0
2026-07-10T16:48:30,465  INFO TravelDistanceStats:115 -- average leg distance per plan (executed plans only): 44776.119402985074 meters
2026-07-10T16:48:30,465  INFO TravelDistanceStats:116 average leg distance per Person (executed plans only): 90000.0 meters (statistic on all 201 legs which have a finite distance)
2026-07-10T16:48:30,465  INFO TravelDistanceStats:117 -- average trip distance per plan (executed plans only): 44776.119402985074 meters
2026-07-10T16:48:30,466  INFO TravelDistanceStats:118 average trip distance per Person (executed plans only): 90000.0 meters (statistic on all 201 trips which have a finite distance)
2026-07-10T16:48:30,466  INFO TravelDistanceStats:119 (TravelDistanceStats takes an average over all legs where the simulation reports travelled (network) distances
2026-07-10T16:48:30,466  INFO TravelDistanceStats:120 (and teleported legs whose route contains a distance.)
2026-07-10T16:48:30,569  INFO ControlerListenerManagerImpl:180 calling notifyIterationEnds on org.matsim.analysis.LegTimesControlerListener with priority 0.0
2026-07-10T16:48:30,570  INFO EventsManagerImpl:164 removing Event-Handler: org.matsim.analysis.CalcLegTimes
2026-07-10T16:48:30,570  INFO EventsManagerImpl:164 removing Event-Handler: org.matsim.analysis.CalcLegTimes
2026-07-10T16:48:30,570  INFO ControlerListenerManagerImpl:180 calling notifyIterationEnds on org.matsim.analysis.LegHistogramListener with priority 0.0
2026-07-10T16:48:30,572  INFO LegHistogramListener:78 number of legs:	2010	100%
2026-07-10T16:48:30,573  INFO LegHistogramListener:85 number of car legs:	2010	100.0%
2026-07-10T16:48:30,663  INFO ControlerListenerManagerImpl:180 calling notifyIterationEnds on org.matsim.analysis.LinkStatsControlerListener with priority 0.0
2026-07-10T16:48:30,663  INFO ControlerListenerManagerImpl:184 [it.8] all ControlerIterationEndsListeners called.
2026-07-10T16:48:30,722  INFO AbstractController:184 ### ITERATION 8 ENDS
2026-07-10T16:48:30,722  INFO AbstractController:185 ###################################################
2026-07-10T16:48:30,722  INFO AbstractController:136 ###################################################
2026-07-10T16:48:30,723  INFO AbstractController:137 ### ITERATION 9 BEGINS
2026-07-10T16:48:30,724  INFO ControlerListenerManagerImpl:156 calling notifyIterationStarts on org.matsim.analysis.LegTimesControlerListener with priority 0.0
2026-07-10T16:48:30,724  INFO EventsManagerImpl:139 === Logging of event-handlers skipped ===
2026-07-10T16:48:30,724  INFO EventsManagerImpl:140 To enable debug output, set an environment variable i.e. export LOG_LEVEL='debug', or set log.setLogLevel(Level.DEBUG) in your run class.
2026-07-10T16:48:30,724  INFO EventsManagerImpl:210     > org.matsim.api.core.v01.events.PersonDepartureEvent
2026-07-10T16:48:30,724  INFO EventsManagerImpl:210     > org.matsim.api.core.v01.events.PersonArrivalEvent
2026-07-10T16:48:30,724  INFO EventsManagerImpl:210     > org.matsim.api.core.v01.events.ActivityEndEvent
2026-07-10T16:48:30,724  INFO EventsManagerImpl:210     > org.matsim.api.core.v01.events.ActivityStartEvent
2026-07-10T16:48:30,725  INFO EventsManagerImpl:139 === Logging of event-handlers skipped ===
2026-07-10T16:48:30,725  INFO EventsManagerImpl:140 To enable debug output, set an environment variable i.e. export LOG_LEVEL='debug', or set log.setLogLevel(Level.DEBUG) in your run class.
2026-07-10T16:48:30,725  INFO EventsManagerImpl:210     > org.matsim.api.core.v01.events.PersonDepartureEvent
2026-07-10T16:48:30,725  INFO EventsManagerImpl:210     > org.matsim.api.core.v01.events.PersonArrivalEvent
2026-07-10T16:48:30,725  INFO EventsManagerImpl:210     > org.matsim.api.core.v01.events.ActivityEndEvent
2026-07-10T16:48:30,725  INFO EventsManagerImpl:210     > org.matsim.api.core.v01.events.ActivityStartEvent
2026-07-10T16:48:30,725  INFO ControlerListenerManagerImpl:156 calling notifyIterationStarts on org.matsim.analysis.LegHistogramListener with priority 0.0
2026-07-10T16:48:30,725  INFO EventsManagerImpl:139 === Logging of event-handlers skipped ===
2026-07-10T16:48:30,725  INFO EventsManagerImpl:140 To enable debug output, set an environment variable i.e. export LOG_LEVEL='debug', or set log.setLogLevel(Level.DEBUG) in your run class.
2026-07-10T16:48:30,725  INFO EventsManagerImpl:210     > org.matsim.api.core.v01.events.PersonDepartureEvent
2026-07-10T16:48:30,725  INFO EventsManagerImpl:210     > org.matsim.api.core.v01.events.PersonArrivalEvent
2026-07-10T16:48:30,725  INFO EventsManagerImpl:210     > org.matsim.api.core.v01.events.PersonStuckEvent
2026-07-10T16:48:30,725  INFO EventsManagerImpl:139 === Logging of event-handlers skipped ===
2026-07-10T16:48:30,725  INFO EventsManagerImpl:140 To enable debug output, set an environment variable i.e. export LOG_LEVEL='debug', or set log.setLogLevel(Level.DEBUG) in your run class.
2026-07-10T16:48:30,725  INFO EventsManagerImpl:210     > org.matsim.api.core.v01.events.PersonDepartureEvent
2026-07-10T16:48:30,725  INFO EventsManagerImpl:210     > org.matsim.api.core.v01.events.PersonArrivalEvent
2026-07-10T16:48:30,725  INFO EventsManagerImpl:210     > org.matsim.api.core.v01.events.PersonStuckEvent
2026-07-10T16:48:30,726  INFO ControlerListenerManagerImpl:156 calling notifyIterationStarts on org.matsim.analysis.LinkStatsControlerListener with priority 0.0
2026-07-10T16:48:30,726  INFO ControlerListenerManagerImpl:156 calling notifyIterationStarts on org.matsim.core.replanning.ReplanningContextImpl with priority 0.0
2026-07-10T16:48:30,726  INFO ControlerListenerManagerImpl:156 calling notifyIterationStarts on org.matsim.core.scoring.ScoringFunctionsForPopulation$$Lambda/0x000001bbb72ffbe0 with priority 0.0
2026-07-10T16:48:30,726  INFO ControlerListenerManagerImpl:156 calling notifyIterationStarts on org.matsim.core.scoring.ExperiencedPlansServiceImpl$1 with priority 0.0
2026-07-10T16:48:30,726  INFO ControlerListenerManagerImpl:159 [it.9] all ControlerIterationStartsListeners called.
2026-07-10T16:48:30,727  INFO ControlerListenerManagerImpl:221 calling notifyReplanning on org.matsim.core.controler.corelisteners.PlansReplanningImpl with priority 0.0
2026-07-10T16:48:30,727  WARN NetworkRoutingProvider:137 [mode: car; routingMode: car] Using deprecated routing module without access/egress. Consider using AccessEgressNetworkRouter instead.
2026-07-10T16:48:30,728  WARN NetworkRoutingProvider:137 [mode: car; routingMode: car] Using deprecated routing module without access/egress. Consider using AccessEgressNetworkRouter instead.
2026-07-10T16:48:30,729  INFO GenericPlanStrategyImpl:135 Plan-Strategy finished, 89 plans handled. Strategy: BestPlanSelector
2026-07-10T16:48:30,729  INFO AbstractMultithreadedModule:142 [PlanRouter] starting 2 threads, handling 11 plans
2026-07-10T16:48:30,730  INFO Counter:70 [PlanRouter] handled plan # 1
2026-07-10T16:48:30,730  INFO Counter:70 [PlanRouter] handled plan # 2
2026-07-10T16:48:30,731  INFO Counter:70 [PlanRouter] handled plan # 4
2026-07-10T16:48:30,732  INFO Counter:70 [PlanRouter] handled plan # 8
2026-07-10T16:48:30,732  INFO AbstractMultithreadedModule:157 [PlanRouter] all 2 threads finished.
2026-07-10T16:48:30,733  INFO GenericPlanStrategyImpl:135 Plan-Strategy finished, 11 plans handled. Strategy: RandomPlanSelector_ReRoute
2026-07-10T16:48:30,733  INFO ControlerListenerManagerImpl:230 [it.9] all ControlerReplanningListeners called.
2026-07-10T16:48:30,733  INFO ControlerListenerManagerImpl:242 calling notifyBeforeMobsim on org.matsim.core.controler.corelisteners.EventsHandlingImpl with priority 0.0
2026-07-10T16:48:30,733  INFO EventsManagerImpl:173 resetting Event-Handlers
2026-07-10T16:48:30,733  INFO EventsManagerImpl:180   org.matsim.core.trafficmonitoring.TravelTimeCalculator
2026-07-10T16:48:30,733  INFO EventsManagerImpl:180   org.matsim.analysis.VolumesAnalyzer
2026-07-10T16:48:30,733  INFO EventsManagerImpl:180   org.matsim.core.scoring.ScoringFunctionsForPopulation
2026-07-10T16:48:30,733  INFO EventsManagerImpl:180   org.matsim.analysis.LegHistogram
2026-07-10T16:48:30,733  INFO EventsManagerImpl:180   org.matsim.analysis.CalcLegTimes
2026-07-10T16:48:30,733  INFO ControlerListenerManagerImpl:242 calling notifyBeforeMobsim on org.matsim.core.controler.corelisteners.PlansDumpingImpl with priority 0.0
2026-07-10T16:48:30,734  INFO ControlerListenerManagerImpl:248 calling notifyBeforeMobsim on org.matsim.core.population.VspPlansCleaner with priority 0.0
2026-07-10T16:48:30,734  INFO ControlerListenerManagerImpl:251 [it.9] all ControlerBeforeMobsimListeners called.
2026-07-10T16:48:30,734  INFO PrepareForMobsimImpl:86 Network seems to be multimodal. Create car-only network which is handed over to PersonPrepareForSim.
2026-07-10T16:48:30,735  INFO NetworkImpl:165  node # 1
2026-07-10T16:48:30,735  INFO NetworkImpl:165  node # 4
2026-07-10T16:48:30,735  INFO NetworkImpl:161  link # 1
2026-07-10T16:48:30,735  INFO NetworkImpl:161  link # 4
2026-07-10T16:48:30,735  INFO NetworkImpl:161  link # 16
2026-07-10T16:48:30,736  WARN NetworkRoutingProvider:137 [mode: car; routingMode: car] Using deprecated routing module without access/egress. Consider using AccessEgressNetworkRouter instead.
2026-07-10T16:48:30,737  WARN NetworkRoutingProvider:137 [mode: car; routingMode: car] Using deprecated routing module without access/egress. Consider using AccessEgressNetworkRouter instead.
2026-07-10T16:48:30,738  INFO Counter:70 [PersonPrepareForSim] handled person # 1
2026-07-10T16:48:30,738  INFO Counter:70 [PersonPrepareForSim] handled person # 2
2026-07-10T16:48:30,738  INFO Counter:70 [PersonPrepareForSim] handled person # 4
2026-07-10T16:48:30,739  INFO Counter:70 [PersonPrepareForSim] handled person # 8
2026-07-10T16:48:30,739  INFO Counter:70 [PersonPrepareForSim] handled person # 16
2026-07-10T16:48:30,739  INFO Counter:70 [PersonPrepareForSim] handled person # 32
2026-07-10T16:48:30,739  INFO Counter:70 [PersonPrepareForSim] handled person # 64
2026-07-10T16:48:30,740  INFO Counter:75 [PersonPrepareForSim] handled person # 100
2026-07-10T16:48:30,756  INFO MobsimListenerManager:50 calling addQueueSimulationListener
2026-07-10T16:48:30,756  INFO MobsimListenerManager:54   assigned class org.matsim.core.mobsim.framework.listeners.MobsimListener to interface org.matsim.core.mobsim.framework.listeners.MobsimListener
2026-07-10T16:48:30,756  INFO MobsimListenerManager:54   assigned class org.matsim.core.mobsim.framework.listeners.MobsimListener to interface org.matsim.core.mobsim.framework.listeners.MobsimBeforeCleanupListener
2026-07-10T16:48:30,756  INFO MobsimListenerManager:54   assigned class org.matsim.core.mobsim.framework.listeners.MobsimListener to interface org.matsim.vis.snapshotwriters.SnapshotWriterManager
2026-07-10T16:48:30,756  INFO MobsimListenerManager:54   assigned class org.matsim.core.mobsim.framework.listeners.MobsimListener to interface org.matsim.core.mobsim.framework.listeners.MobsimInitializedListener
2026-07-10T16:48:30,756  INFO MobsimListenerManager:54   assigned class org.matsim.core.mobsim.framework.listeners.MobsimListener to interface org.matsim.core.mobsim.framework.listeners.MobsimAfterSimStepListener
2026-07-10T16:48:30,757  INFO QSimProvider:131 Added MobsimEngine class org.matsim.core.mobsim.qsim.ActivityEngineDefaultImpl
2026-07-10T16:48:30,757  INFO QSimProvider:137 Added Activityhandler class org.matsim.core.mobsim.qsim.ActivityEngineDefaultImpl
2026-07-10T16:48:30,758  INFO QSimProvider:131 Added MobsimEngine class org.matsim.core.mobsim.qsim.qnetsimengine.QNetsimEngineWithThreadpool
2026-07-10T16:48:30,758  INFO QSimProvider:143 Added DepartureHandler class org.matsim.core.mobsim.qsim.qnetsimengine.NetworkModeDepartureHandlerDefaultImpl
2026-07-10T16:48:30,758  INFO QSimProvider:131 Added MobsimEngine class org.matsim.core.mobsim.qsim.DefaultTeleportationEngine
2026-07-10T16:48:30,758  INFO QSimProvider:143 Added DepartureHandler class org.matsim.core.mobsim.qsim.DefaultTeleportationEngine
2026-07-10T16:48:30,758  INFO QSimProvider:149 Added AgentSource class org.matsim.core.mobsim.qsim.agents.PopulationAgentSource
2026-07-10T16:48:30,758  INFO MobsimListenerManager:50 calling addQueueSimulationListener
2026-07-10T16:48:30,758  INFO MobsimListenerManager:54   assigned class org.matsim.core.mobsim.framework.listeners.MobsimListener to interface org.matsim.core.mobsim.framework.listeners.MobsimBeforeSimStepListener
2026-07-10T16:48:30,759  INFO MobsimListenerManager:54   assigned class org.matsim.core.mobsim.framework.listeners.MobsimListener to interface org.matsim.core.mobsim.framework.listeners.MobsimListener
2026-07-10T16:48:30,759  INFO MobsimListenerManager:54   assigned class org.matsim.core.mobsim.framework.listeners.MobsimListener to interface org.matsim.core.mobsim.qsim.messagequeueengine.MessageQueueEngine
2026-07-10T16:48:30,759  INFO QSimProvider:155 Added MobsimListener class org.matsim.core.mobsim.qsim.messagequeueengine.MessageQueueEngine
2026-07-10T16:48:30,760  INFO AbstractQNetsimEngine:418 Assigned 15 nodes and 23 links to QSimEngineRunner #0
2026-07-10T16:48:30,762  INFO AbstractQNetsimEngine:356 SIMULATION (QNetsimEngine) AT 05:58:30 : #links=0 #nodes=1
2026-07-10T16:48:30,762  INFO QSim:552 SIMULATION (NEW QSim) AT 05:58:30 : #Veh=100 lost=0 simT=0.0s realT=0s; (s/r): 0.0
2026-07-10T16:48:30,771  INFO AbstractQNetsimEngine:356 SIMULATION (QNetsimEngine) AT 06:00:00 : #links=2 #nodes=1
2026-07-10T16:48:30,771  INFO QSim:552 SIMULATION (NEW QSim) AT 06:00:00 : #Veh=100 lost=0 simT=90.0s realT=0s; (s/r): Infinity
2026-07-10T16:48:31,047  INFO AbstractQNetsimEngine:356 SIMULATION (QNetsimEngine) AT 07:00:00 : #links=2 #nodes=0
2026-07-10T16:48:31,047  INFO QSim:552 SIMULATION (NEW QSim) AT 07:00:00 : #Veh=100 lost=0 simT=3690.0s realT=0s; (s/r): Infinity
2026-07-10T16:48:31,295  INFO AbstractQNetsimEngine:356 SIMULATION (QNetsimEngine) AT 08:00:00 : #links=1 #nodes=0
2026-07-10T16:48:31,296  INFO QSim:552 SIMULATION (NEW QSim) AT 08:00:00 : #Veh=5 lost=0 simT=7290.0s realT=0s; (s/r): Infinity
2026-07-10T16:48:31,565  INFO AbstractQNetsimEngine:356 SIMULATION (QNetsimEngine) AT 09:00:00 : #links=1 #nodes=0
2026-07-10T16:48:31,566  INFO QSim:552 SIMULATION (NEW QSim) AT 09:00:00 : #Veh=4 lost=0 simT=10890.0s realT=0s; (s/r): Infinity
2026-07-10T16:48:31,798  INFO AbstractQNetsimEngine:356 SIMULATION (QNetsimEngine) AT 10:00:00 : #links=0 #nodes=0
2026-07-10T16:48:31,798  INFO QSim:552 SIMULATION (NEW QSim) AT 10:00:00 : #Veh=2 lost=0 simT=14490.0s realT=1s; (s/r): 14490.0
2026-07-10T16:48:32,029  INFO AbstractQNetsimEngine:356 SIMULATION (QNetsimEngine) AT 11:00:00 : #links=0 #nodes=0
2026-07-10T16:48:32,029  INFO QSim:552 SIMULATION (NEW QSim) AT 11:00:00 : #Veh=1 lost=0 simT=18090.0s realT=1s; (s/r): 18090.0
2026-07-10T16:48:32,266  INFO AbstractQNetsimEngine:356 SIMULATION (QNetsimEngine) AT 12:00:00 : #links=0 #nodes=0
2026-07-10T16:48:32,267  INFO QSim:552 SIMULATION (NEW QSim) AT 12:00:00 : #Veh=1 lost=0 simT=21690.0s realT=1s; (s/r): 21690.0
2026-07-10T16:48:32,508  INFO AbstractQNetsimEngine:356 SIMULATION (QNetsimEngine) AT 13:00:00 : #links=1 #nodes=0
2026-07-10T16:48:32,508  INFO QSim:552 SIMULATION (NEW QSim) AT 13:00:00 : #Veh=1 lost=0 simT=25290.0s realT=1s; (s/r): 25290.0
2026-07-10T16:48:32,610  INFO AbstractController$9:237 ### ITERATION 9 fires after mobsim event
2026-07-10T16:48:32,610  INFO ControlerListenerManagerImpl:269 calling notifyAfterMobsim on org.matsim.analysis.LegTimesControlerListener with priority 0.0
2026-07-10T16:48:32,610  INFO Gbl:196 Thread performance: Thread=class org.matsim.core.events.SimStepParallelEventsManagerImpl$ProcessEventsRunnable0  cpu-time=0.203125sec
2026-07-10T16:48:32,610  INFO LegTimesControlerListener:73 [9] average leg duration is: 1780 seconds = 00:29:40
2026-07-10T16:48:32,610  INFO ControlerListenerManagerImpl:269 calling notifyAfterMobsim on org.matsim.core.events.MobsimScopeEventHandling with priority 0.0
2026-07-10T16:48:32,610  INFO ControlerListenerManagerImpl:269 calling notifyAfterMobsim on org.matsim.core.scoring.EventsToActivities$1 with priority 0.0
2026-07-10T16:48:32,610  INFO ControlerListenerManagerImpl:272 [it.9] all ControlerAfterMobsimListeners called.
2026-07-10T16:48:32,610  INFO AbstractController$4:162 ### ITERATION 9 fires scoring event
2026-07-10T16:48:32,610  INFO ControlerListenerManagerImpl:197 calling notifyScoring on org.matsim.core.scoring.PlansScoringImpl with priority 0.0
2026-07-10T16:48:32,610  INFO NewScoreAssignerImpl:60 it: 9 msaStart: null
2026-07-10T16:48:32,610  INFO ControlerListenerManagerImpl:209 [it.9] all ControlerScoringListeners called.
2026-07-10T16:48:32,610  INFO AbstractController$5:170 ### ITERATION 9 fires iteration end event
2026-07-10T16:48:32,610  INFO ControlerListenerManagerImpl:172 calling notifyIterationEnds on org.matsim.core.controler.corelisteners.EventsHandlingImpl with priority 0.0
2026-07-10T16:48:32,610  INFO ControlerListenerManagerImpl:172 calling notifyIterationEnds on org.matsim.core.scoring.PlansScoringImpl with priority 0.0
2026-07-10T16:48:32,610  INFO ControlerListenerManagerImpl:180 calling notifyIterationEnds on org.matsim.counts.CountsControlerListener with priority 0.0
2026-07-10T16:48:32,610  INFO ControlerListenerManagerImpl:180 calling notifyIterationEnds on org.matsim.analysis.ModeChoiceCoverageControlerListener with priority 0.0
2026-07-10T16:48:32,626  INFO ModeChoiceCoverageControlerListener:144 -- mode choice coverage (1x) of mode car = 1.0
2026-07-10T16:48:32,626  INFO ModeChoiceCoverageControlerListener:144 -- mode choice coverage (5x) of mode car = 1.0
2026-07-10T16:48:32,626  INFO ModeChoiceCoverageControlerListener:144 -- mode choice coverage (10x) of mode car = 1.0
2026-07-10T16:48:32,734  INFO ControlerListenerManagerImpl:180 calling notifyIterationEnds on org.matsim.analysis.ModeStatsControlerListener with priority 0.0
2026-07-10T16:48:32,734  INFO ModeStatsControlerListener:133 Mode shares over all 201.0 trips found. MainModeIdentifier: class org.matsim.core.router.DefaultAnalysisMainModeIdentifier
2026-07-10T16:48:32,734  INFO ModeStatsControlerListener:140 -- mode share of mode car = 1.0
2026-07-10T16:48:32,795  INFO ControlerListenerManagerImpl:180 calling notifyIterationEnds on org.matsim.analysis.ScoreStatsControlerListener with priority 0.0
2026-07-10T16:48:32,795  INFO ScoreStatsControlerListener:154 -- avg. score of the executed plan of each agent: 64.42179123795007
2026-07-10T16:48:32,795  INFO ScoreStatsControlerListener:155 -- avg. score of the worst plan of each agent: 63.39623147646202
2026-07-10T16:48:32,795  INFO ScoreStatsControlerListener:156 -- avg. of the avg. plan score per agent: 63.96902086533778
2026-07-10T16:48:32,795  INFO ScoreStatsControlerListener:157 -- avg. score of the best plan of each agent: 64.4309795859991
2026-07-10T16:48:32,826  INFO ControlerListenerManagerImpl:180 calling notifyIterationEnds on org.matsim.analysis.IterationTravelStatsControlerListener with priority 0.0
2026-07-10T16:48:32,826  INFO TravelDistanceStats:115 -- average leg distance per plan (executed plans only): 44776.119402985074 meters
2026-07-10T16:48:32,826  INFO TravelDistanceStats:116 average leg distance per Person (executed plans only): 90000.0 meters (statistic on all 201 legs which have a finite distance)
2026-07-10T16:48:32,826  INFO TravelDistanceStats:117 -- average trip distance per plan (executed plans only): 44776.119402985074 meters
2026-07-10T16:48:32,826  INFO TravelDistanceStats:118 average trip distance per Person (executed plans only): 90000.0 meters (statistic on all 201 trips which have a finite distance)
2026-07-10T16:48:32,826  INFO TravelDistanceStats:119 (TravelDistanceStats takes an average over all legs where the simulation reports travelled (network) distances
2026-07-10T16:48:32,826  INFO TravelDistanceStats:120 (and teleported legs whose route contains a distance.)
2026-07-10T16:48:32,911  INFO ControlerListenerManagerImpl:180 calling notifyIterationEnds on org.matsim.analysis.LegTimesControlerListener with priority 0.0
2026-07-10T16:48:32,911  INFO EventsManagerImpl:164 removing Event-Handler: org.matsim.analysis.CalcLegTimes
2026-07-10T16:48:32,911  INFO EventsManagerImpl:164 removing Event-Handler: org.matsim.analysis.CalcLegTimes
2026-07-10T16:48:32,911  INFO ControlerListenerManagerImpl:180 calling notifyIterationEnds on org.matsim.analysis.LegHistogramListener with priority 0.0
2026-07-10T16:48:32,914  INFO LegHistogramListener:78 number of legs:	2211	100%
2026-07-10T16:48:32,914  INFO LegHistogramListener:85 number of car legs:	2211	100.0%
2026-07-10T16:48:32,994  INFO ControlerListenerManagerImpl:180 calling notifyIterationEnds on org.matsim.analysis.LinkStatsControlerListener with priority 0.0
2026-07-10T16:48:32,994  INFO ControlerListenerManagerImpl:184 [it.9] all ControlerIterationEndsListeners called.
2026-07-10T16:48:33,051  INFO AbstractController:184 ### ITERATION 9 ENDS
2026-07-10T16:48:33,052  INFO AbstractController:185 ###################################################
2026-07-10T16:48:33,052  INFO AbstractController:136 ###################################################
2026-07-10T16:48:33,052  INFO AbstractController:137 ### ITERATION 10 BEGINS
2026-07-10T16:48:33,053  INFO ControlerListenerManagerImpl:156 calling notifyIterationStarts on org.matsim.analysis.LegTimesControlerListener with priority 0.0
2026-07-10T16:48:33,053  INFO EventsManagerImpl:139 === Logging of event-handlers skipped ===
2026-07-10T16:48:33,053  INFO EventsManagerImpl:140 To enable debug output, set an environment variable i.e. export LOG_LEVEL='debug', or set log.setLogLevel(Level.DEBUG) in your run class.
2026-07-10T16:48:33,053  INFO EventsManagerImpl:210     > org.matsim.api.core.v01.events.PersonDepartureEvent
2026-07-10T16:48:33,053  INFO EventsManagerImpl:210     > org.matsim.api.core.v01.events.PersonArrivalEvent
2026-07-10T16:48:33,053  INFO EventsManagerImpl:210     > org.matsim.api.core.v01.events.ActivityEndEvent
2026-07-10T16:48:33,053  INFO EventsManagerImpl:210     > org.matsim.api.core.v01.events.ActivityStartEvent
2026-07-10T16:48:33,053  INFO EventsManagerImpl:139 === Logging of event-handlers skipped ===
2026-07-10T16:48:33,053  INFO EventsManagerImpl:140 To enable debug output, set an environment variable i.e. export LOG_LEVEL='debug', or set log.setLogLevel(Level.DEBUG) in your run class.
2026-07-10T16:48:33,053  INFO EventsManagerImpl:210     > org.matsim.api.core.v01.events.PersonDepartureEvent
2026-07-10T16:48:33,053  INFO EventsManagerImpl:210     > org.matsim.api.core.v01.events.PersonArrivalEvent
2026-07-10T16:48:33,053  INFO EventsManagerImpl:210     > org.matsim.api.core.v01.events.ActivityEndEvent
2026-07-10T16:48:33,053  INFO EventsManagerImpl:210     > org.matsim.api.core.v01.events.ActivityStartEvent
2026-07-10T16:48:33,053  INFO ControlerListenerManagerImpl:156 calling notifyIterationStarts on org.matsim.analysis.LegHistogramListener with priority 0.0
2026-07-10T16:48:33,053  INFO EventsManagerImpl:139 === Logging of event-handlers skipped ===
2026-07-10T16:48:33,053  INFO EventsManagerImpl:140 To enable debug output, set an environment variable i.e. export LOG_LEVEL='debug', or set log.setLogLevel(Level.DEBUG) in your run class.
2026-07-10T16:48:33,054  INFO EventsManagerImpl:210     > org.matsim.api.core.v01.events.PersonDepartureEvent
2026-07-10T16:48:33,054  INFO EventsManagerImpl:210     > org.matsim.api.core.v01.events.PersonArrivalEvent
2026-07-10T16:48:33,054  INFO EventsManagerImpl:210     > org.matsim.api.core.v01.events.PersonStuckEvent
2026-07-10T16:48:33,054  INFO EventsManagerImpl:139 === Logging of event-handlers skipped ===
2026-07-10T16:48:33,054  INFO EventsManagerImpl:140 To enable debug output, set an environment variable i.e. export LOG_LEVEL='debug', or set log.setLogLevel(Level.DEBUG) in your run class.
2026-07-10T16:48:33,054  INFO EventsManagerImpl:210     > org.matsim.api.core.v01.events.PersonDepartureEvent
2026-07-10T16:48:33,054  INFO EventsManagerImpl:210     > org.matsim.api.core.v01.events.PersonArrivalEvent
2026-07-10T16:48:33,054  INFO EventsManagerImpl:210     > org.matsim.api.core.v01.events.PersonStuckEvent
2026-07-10T16:48:33,054  INFO ControlerListenerManagerImpl:156 calling notifyIterationStarts on org.matsim.analysis.LinkStatsControlerListener with priority 0.0
2026-07-10T16:48:33,054  INFO ControlerListenerManagerImpl:156 calling notifyIterationStarts on org.matsim.core.replanning.ReplanningContextImpl with priority 0.0
2026-07-10T16:48:33,054  INFO ControlerListenerManagerImpl:156 calling notifyIterationStarts on org.matsim.core.scoring.ScoringFunctionsForPopulation$$Lambda/0x000001bbb72ffbe0 with priority 0.0
2026-07-10T16:48:33,054  INFO ControlerListenerManagerImpl:156 calling notifyIterationStarts on org.matsim.core.scoring.ExperiencedPlansServiceImpl$1 with priority 0.0
2026-07-10T16:48:33,054  INFO ControlerListenerManagerImpl:159 [it.10] all ControlerIterationStartsListeners called.
2026-07-10T16:48:33,054  INFO ControlerListenerManagerImpl:221 calling notifyReplanning on org.matsim.core.controler.corelisteners.PlansReplanningImpl with priority 0.0
2026-07-10T16:48:33,055  WARN NetworkRoutingProvider:137 [mode: car; routingMode: car] Using deprecated routing module without access/egress. Consider using AccessEgressNetworkRouter instead.
2026-07-10T16:48:33,055  WARN NetworkRoutingProvider:137 [mode: car; routingMode: car] Using deprecated routing module without access/egress. Consider using AccessEgressNetworkRouter instead.
2026-07-10T16:48:33,056  INFO GenericPlanStrategyImpl:135 Plan-Strategy finished, 88 plans handled. Strategy: BestPlanSelector
2026-07-10T16:48:33,056  INFO AbstractMultithreadedModule:142 [PlanRouter] starting 2 threads, handling 12 plans
2026-07-10T16:48:33,058  INFO Counter:70 [PlanRouter] handled plan # 1
2026-07-10T16:48:33,058  INFO Counter:70 [PlanRouter] handled plan # 2
2026-07-10T16:48:33,059  INFO Counter:70 [PlanRouter] handled plan # 4
2026-07-10T16:48:33,059  INFO Counter:70 [PlanRouter] handled plan # 8
2026-07-10T16:48:33,059  INFO AbstractMultithreadedModule:157 [PlanRouter] all 2 threads finished.
2026-07-10T16:48:33,061  INFO GenericPlanStrategyImpl:135 Plan-Strategy finished, 12 plans handled. Strategy: RandomPlanSelector_ReRoute
2026-07-10T16:48:33,061  INFO ControlerListenerManagerImpl:230 [it.10] all ControlerReplanningListeners called.
2026-07-10T16:48:33,061  INFO ControlerListenerManagerImpl:242 calling notifyBeforeMobsim on org.matsim.core.controler.corelisteners.EventsHandlingImpl with priority 0.0
2026-07-10T16:48:33,061  INFO EventsManagerImpl:173 resetting Event-Handlers
2026-07-10T16:48:33,061  INFO EventsManagerImpl:180   org.matsim.core.trafficmonitoring.TravelTimeCalculator
2026-07-10T16:48:33,061  INFO EventsManagerImpl:180   org.matsim.analysis.VolumesAnalyzer
2026-07-10T16:48:33,061  INFO EventsManagerImpl:180   org.matsim.core.scoring.ScoringFunctionsForPopulation
2026-07-10T16:48:33,062  INFO EventsManagerImpl:180   org.matsim.analysis.LegHistogram
2026-07-10T16:48:33,062  INFO EventsManagerImpl:180   org.matsim.analysis.CalcLegTimes
2026-07-10T16:48:33,063  INFO EventsManagerImpl:139 === Logging of event-handlers skipped ===
2026-07-10T16:48:33,063  INFO EventsManagerImpl:140 To enable debug output, set an environment variable i.e. export LOG_LEVEL='debug', or set log.setLogLevel(Level.DEBUG) in your run class.
2026-07-10T16:48:33,063  INFO EventsManagerImpl:210     > org.matsim.api.core.v01.events.Event
2026-07-10T16:48:33,063  INFO EventsManagerImpl:139 === Logging of event-handlers skipped ===
2026-07-10T16:48:33,063  INFO EventsManagerImpl:140 To enable debug output, set an environment variable i.e. export LOG_LEVEL='debug', or set log.setLogLevel(Level.DEBUG) in your run class.
2026-07-10T16:48:33,063  INFO EventsManagerImpl:210     > org.matsim.api.core.v01.events.Event
2026-07-10T16:48:33,063  INFO ControlerListenerManagerImpl:242 calling notifyBeforeMobsim on org.matsim.core.controler.corelisteners.PlansDumpingImpl with priority 0.0
2026-07-10T16:48:33,064  INFO ControlerListenerManagerImpl:248 calling notifyBeforeMobsim on org.matsim.core.population.VspPlansCleaner with priority 0.0
2026-07-10T16:48:33,064  INFO ControlerListenerManagerImpl:251 [it.10] all ControlerBeforeMobsimListeners called.
2026-07-10T16:48:33,065  INFO PrepareForMobsimImpl:86 Network seems to be multimodal. Create car-only network which is handed over to PersonPrepareForSim.
2026-07-10T16:48:33,065  INFO NetworkImpl:165  node # 1
2026-07-10T16:48:33,065  INFO NetworkImpl:165  node # 4
2026-07-10T16:48:33,065  INFO NetworkImpl:161  link # 1
2026-07-10T16:48:33,065  INFO NetworkImpl:161  link # 4
2026-07-10T16:48:33,065  INFO NetworkImpl:161  link # 16
2026-07-10T16:48:33,066  WARN NetworkRoutingProvider:137 [mode: car; routingMode: car] Using deprecated routing module without access/egress. Consider using AccessEgressNetworkRouter instead.
2026-07-10T16:48:33,066  WARN NetworkRoutingProvider:137 [mode: car; routingMode: car] Using deprecated routing module without access/egress. Consider using AccessEgressNetworkRouter instead.
2026-07-10T16:48:33,070  INFO Counter:70 [PersonPrepareForSim] handled person # 2
2026-07-10T16:48:33,070  INFO Counter:70 [PersonPrepareForSim] handled person # 1
2026-07-10T16:48:33,071  INFO Counter:70 [PersonPrepareForSim] handled person # 4
2026-07-10T16:48:33,071  INFO Counter:70 [PersonPrepareForSim] handled person # 8
2026-07-10T16:48:33,071  INFO Counter:70 [PersonPrepareForSim] handled person # 16
2026-07-10T16:48:33,071  INFO Counter:70 [PersonPrepareForSim] handled person # 32
2026-07-10T16:48:33,072  INFO Counter:70 [PersonPrepareForSim] handled person # 64
2026-07-10T16:48:33,072  INFO Counter:75 [PersonPrepareForSim] handled person # 100
2026-07-10T16:48:33,084  INFO MobsimListenerManager:50 calling addQueueSimulationListener
2026-07-10T16:48:33,084  INFO MobsimListenerManager:54   assigned class org.matsim.core.mobsim.framework.listeners.MobsimListener to interface org.matsim.core.mobsim.framework.listeners.MobsimListener
2026-07-10T16:48:33,084  INFO MobsimListenerManager:54   assigned class org.matsim.core.mobsim.framework.listeners.MobsimListener to interface org.matsim.core.mobsim.framework.listeners.MobsimBeforeCleanupListener
2026-07-10T16:48:33,084  INFO MobsimListenerManager:54   assigned class org.matsim.core.mobsim.framework.listeners.MobsimListener to interface org.matsim.vis.snapshotwriters.SnapshotWriterManager
2026-07-10T16:48:33,084  INFO MobsimListenerManager:54   assigned class org.matsim.core.mobsim.framework.listeners.MobsimListener to interface org.matsim.core.mobsim.framework.listeners.MobsimInitializedListener
2026-07-10T16:48:33,084  INFO MobsimListenerManager:54   assigned class org.matsim.core.mobsim.framework.listeners.MobsimListener to interface org.matsim.core.mobsim.framework.listeners.MobsimAfterSimStepListener
2026-07-10T16:48:33,084  INFO QSimProvider:131 Added MobsimEngine class org.matsim.core.mobsim.qsim.ActivityEngineDefaultImpl
2026-07-10T16:48:33,084  INFO QSimProvider:137 Added Activityhandler class org.matsim.core.mobsim.qsim.ActivityEngineDefaultImpl
2026-07-10T16:48:33,084  INFO QSimProvider:131 Added MobsimEngine class org.matsim.core.mobsim.qsim.qnetsimengine.QNetsimEngineWithThreadpool
2026-07-10T16:48:33,084  INFO QSimProvider:143 Added DepartureHandler class org.matsim.core.mobsim.qsim.qnetsimengine.NetworkModeDepartureHandlerDefaultImpl
2026-07-10T16:48:33,084  INFO QSimProvider:131 Added MobsimEngine class org.matsim.core.mobsim.qsim.DefaultTeleportationEngine
2026-07-10T16:48:33,084  INFO QSimProvider:143 Added DepartureHandler class org.matsim.core.mobsim.qsim.DefaultTeleportationEngine
2026-07-10T16:48:33,084  INFO QSimProvider:149 Added AgentSource class org.matsim.core.mobsim.qsim.agents.PopulationAgentSource
2026-07-10T16:48:33,084  INFO MobsimListenerManager:50 calling addQueueSimulationListener
2026-07-10T16:48:33,084  INFO MobsimListenerManager:54   assigned class org.matsim.core.mobsim.framework.listeners.MobsimListener to interface org.matsim.core.mobsim.framework.listeners.MobsimBeforeSimStepListener
2026-07-10T16:48:33,084  INFO MobsimListenerManager:54   assigned class org.matsim.core.mobsim.framework.listeners.MobsimListener to interface org.matsim.core.mobsim.framework.listeners.MobsimListener
2026-07-10T16:48:33,084  INFO MobsimListenerManager:54   assigned class org.matsim.core.mobsim.framework.listeners.MobsimListener to interface org.matsim.core.mobsim.qsim.messagequeueengine.MessageQueueEngine
2026-07-10T16:48:33,084  INFO QSimProvider:155 Added MobsimListener class org.matsim.core.mobsim.qsim.messagequeueengine.MessageQueueEngine
2026-07-10T16:48:33,084  INFO AbstractQNetsimEngine:418 Assigned 15 nodes and 23 links to QSimEngineRunner #0
2026-07-10T16:48:33,105  INFO AbstractQNetsimEngine:356 SIMULATION (QNetsimEngine) AT 05:58:30 : #links=0 #nodes=1
2026-07-10T16:48:33,105  INFO QSim:552 SIMULATION (NEW QSim) AT 05:58:30 : #Veh=100 lost=0 simT=0.0s realT=0s; (s/r): 0.0
2026-07-10T16:48:33,122  INFO AbstractQNetsimEngine:356 SIMULATION (QNetsimEngine) AT 06:00:00 : #links=2 #nodes=1
2026-07-10T16:48:33,122  INFO QSim:552 SIMULATION (NEW QSim) AT 06:00:00 : #Veh=100 lost=0 simT=90.0s realT=0s; (s/r): Infinity
2026-07-10T16:48:33,376  INFO AbstractQNetsimEngine:356 SIMULATION (QNetsimEngine) AT 07:00:00 : #links=2 #nodes=0
2026-07-10T16:48:33,376  INFO QSim:552 SIMULATION (NEW QSim) AT 07:00:00 : #Veh=100 lost=0 simT=3690.0s realT=0s; (s/r): Infinity
2026-07-10T16:48:33,636  INFO AbstractQNetsimEngine:356 SIMULATION (QNetsimEngine) AT 08:00:00 : #links=1 #nodes=0
2026-07-10T16:48:33,636  INFO QSim:552 SIMULATION (NEW QSim) AT 08:00:00 : #Veh=5 lost=0 simT=7290.0s realT=0s; (s/r): Infinity
2026-07-10T16:48:33,947  INFO AbstractQNetsimEngine:356 SIMULATION (QNetsimEngine) AT 09:00:00 : #links=1 #nodes=0
2026-07-10T16:48:33,948  INFO QSim:552 SIMULATION (NEW QSim) AT 09:00:00 : #Veh=4 lost=0 simT=10890.0s realT=0s; (s/r): Infinity
2026-07-10T16:48:34,286  INFO AbstractQNetsimEngine:356 SIMULATION (QNetsimEngine) AT 10:00:00 : #links=0 #nodes=0
2026-07-10T16:48:34,286  INFO QSim:552 SIMULATION (NEW QSim) AT 10:00:00 : #Veh=2 lost=0 simT=14490.0s realT=1s; (s/r): 14490.0
2026-07-10T16:48:34,575  INFO AbstractQNetsimEngine:356 SIMULATION (QNetsimEngine) AT 11:00:00 : #links=0 #nodes=0
2026-07-10T16:48:34,576  INFO QSim:552 SIMULATION (NEW QSim) AT 11:00:00 : #Veh=1 lost=0 simT=18090.0s realT=1s; (s/r): 18090.0
2026-07-10T16:48:34,817  INFO AbstractQNetsimEngine:356 SIMULATION (QNetsimEngine) AT 12:00:00 : #links=0 #nodes=0
2026-07-10T16:48:34,817  INFO QSim:552 SIMULATION (NEW QSim) AT 12:00:00 : #Veh=1 lost=0 simT=21690.0s realT=1s; (s/r): 21690.0
2026-07-10T16:48:35,066  INFO AbstractQNetsimEngine:356 SIMULATION (QNetsimEngine) AT 13:00:00 : #links=1 #nodes=0
2026-07-10T16:48:35,066  INFO QSim:552 SIMULATION (NEW QSim) AT 13:00:00 : #Veh=1 lost=0 simT=25290.0s realT=1s; (s/r): 25290.0
2026-07-10T16:48:35,175  INFO AbstractController$9:237 ### ITERATION 10 fires after mobsim event
2026-07-10T16:48:35,175  INFO ControlerListenerManagerImpl:269 calling notifyAfterMobsim on org.matsim.analysis.LegTimesControlerListener with priority 0.0
2026-07-10T16:48:35,175  INFO Gbl:196 Thread performance: Thread=class org.matsim.core.events.SimStepParallelEventsManagerImpl$ProcessEventsRunnable0  cpu-time=0.1875sec
2026-07-10T16:48:35,177  INFO LegTimesControlerListener:73 [10] average leg duration is: 1774 seconds = 00:29:34
2026-07-10T16:48:35,177  INFO ControlerListenerManagerImpl:269 calling notifyAfterMobsim on org.matsim.core.events.MobsimScopeEventHandling with priority 0.0
2026-07-10T16:48:35,177  INFO ControlerListenerManagerImpl:269 calling notifyAfterMobsim on org.matsim.core.scoring.EventsToActivities$1 with priority 0.0
2026-07-10T16:48:35,178  INFO ControlerListenerManagerImpl:272 [it.10] all ControlerAfterMobsimListeners called.
2026-07-10T16:48:35,178  INFO AbstractController$4:162 ### ITERATION 10 fires scoring event
2026-07-10T16:48:35,178  INFO ControlerListenerManagerImpl:197 calling notifyScoring on org.matsim.core.scoring.PlansScoringImpl with priority 0.0
2026-07-10T16:48:35,179  INFO NewScoreAssignerImpl:60 it: 10 msaStart: null
2026-07-10T16:48:35,179  INFO ControlerListenerManagerImpl:209 [it.10] all ControlerScoringListeners called.
2026-07-10T16:48:35,179  INFO AbstractController$5:170 ### ITERATION 10 fires iteration end event
2026-07-10T16:48:35,179  INFO ControlerListenerManagerImpl:172 calling notifyIterationEnds on org.matsim.core.controler.corelisteners.EventsHandlingImpl with priority 0.0
2026-07-10T16:48:35,183  INFO EventsManagerImpl:164 removing Event-Handler: org.matsim.core.events.algorithms.EventWriterXML
2026-07-10T16:48:35,184  INFO EventsManagerImpl:164 removing Event-Handler: org.matsim.core.events.algorithms.EventWriterXML
2026-07-10T16:48:35,184  INFO ControlerListenerManagerImpl:172 calling notifyIterationEnds on org.matsim.core.scoring.PlansScoringImpl with priority 0.0
2026-07-10T16:48:35,184  INFO ControlerListenerManagerImpl:180 calling notifyIterationEnds on org.matsim.counts.CountsControlerListener with priority 0.0
2026-07-10T16:48:35,184  INFO ControlerListenerManagerImpl:180 calling notifyIterationEnds on org.matsim.analysis.ModeChoiceCoverageControlerListener with priority 0.0
2026-07-10T16:48:35,185  INFO ModeChoiceCoverageControlerListener:144 -- mode choice coverage (1x) of mode car = 1.0
2026-07-10T16:48:35,185  INFO ModeChoiceCoverageControlerListener:144 -- mode choice coverage (5x) of mode car = 1.0
2026-07-10T16:48:35,185  INFO ModeChoiceCoverageControlerListener:144 -- mode choice coverage (10x) of mode car = 1.0
2026-07-10T16:48:35,294  INFO ControlerListenerManagerImpl:180 calling notifyIterationEnds on org.matsim.analysis.ModeStatsControlerListener with priority 0.0
2026-07-10T16:48:35,295  INFO ModeStatsControlerListener:133 Mode shares over all 201.0 trips found. MainModeIdentifier: class org.matsim.core.router.DefaultAnalysisMainModeIdentifier
2026-07-10T16:48:35,295  INFO ModeStatsControlerListener:140 -- mode share of mode car = 1.0
2026-07-10T16:48:35,375  INFO ControlerListenerManagerImpl:180 calling notifyIterationEnds on org.matsim.analysis.ScoreStatsControlerListener with priority 0.0
2026-07-10T16:48:35,375  INFO ScoreStatsControlerListener:154 -- avg. score of the executed plan of each agent: 64.44943685967088
2026-07-10T16:48:35,376  INFO ScoreStatsControlerListener:155 -- avg. score of the worst plan of each agent: 63.40048019673833
2026-07-10T16:48:35,376  INFO ScoreStatsControlerListener:156 -- avg. of the avg. plan score per agent: 64.00640911422674
2026-07-10T16:48:35,376  INFO ScoreStatsControlerListener:157 -- avg. score of the best plan of each agent: 64.45511911260378
2026-07-10T16:48:35,417  INFO ControlerListenerManagerImpl:180 calling notifyIterationEnds on org.matsim.analysis.IterationTravelStatsControlerListener with priority 0.0
2026-07-10T16:48:35,423  INFO TravelDistanceStats:115 -- average leg distance per plan (executed plans only): 44776.119402985074 meters
2026-07-10T16:48:35,423  INFO TravelDistanceStats:116 average leg distance per Person (executed plans only): 90000.0 meters (statistic on all 201 legs which have a finite distance)
2026-07-10T16:48:35,423  INFO TravelDistanceStats:117 -- average trip distance per plan (executed plans only): 44776.119402985074 meters
2026-07-10T16:48:35,423  INFO TravelDistanceStats:118 average trip distance per Person (executed plans only): 90000.0 meters (statistic on all 201 trips which have a finite distance)
2026-07-10T16:48:35,423  INFO TravelDistanceStats:119 (TravelDistanceStats takes an average over all legs where the simulation reports travelled (network) distances
2026-07-10T16:48:35,423  INFO TravelDistanceStats:120 (and teleported legs whose route contains a distance.)
2026-07-10T16:48:35,543  INFO ActivityWriter:39 Writing all Activities to activitiescsv
2026-07-10T16:48:35,548  INFO ActivityWriter:59 ...done
2026-07-10T16:48:35,548  INFO ControlerListenerManagerImpl:180 calling notifyIterationEnds on org.matsim.analysis.LegTimesControlerListener with priority 0.0
2026-07-10T16:48:35,549  INFO EventsManagerImpl:164 removing Event-Handler: org.matsim.analysis.CalcLegTimes
2026-07-10T16:48:35,549  INFO EventsManagerImpl:164 removing Event-Handler: org.matsim.analysis.CalcLegTimes
2026-07-10T16:48:35,549  INFO ControlerListenerManagerImpl:180 calling notifyIterationEnds on org.matsim.analysis.LegHistogramListener with priority 0.0
2026-07-10T16:48:35,551  INFO LegHistogramListener:78 number of legs:	2412	100%
2026-07-10T16:48:35,552  INFO LegHistogramListener:85 number of car legs:	2412	100.0%
2026-07-10T16:48:35,675  INFO ControlerListenerManagerImpl:180 calling notifyIterationEnds on org.matsim.analysis.LinkStatsControlerListener with priority 0.0
2026-07-10T16:48:35,675  INFO ControlerListenerManagerImpl:184 [it.10] all ControlerIterationEndsListeners called.
2026-07-10T16:48:35,743  INFO AbstractController:184 ### ITERATION 10 ENDS
2026-07-10T16:48:35,743  INFO AbstractController:185 ###################################################
2026-07-10T16:48:35,743  INFO MatsimRuntimeModifications:80 S H U T D O W N   ---   start shutdown.
2026-07-10T16:48:35,745  INFO ControlerListenerManagerImpl:128 calling notifyShutdown on org.matsim.core.controler.corelisteners.EventsHandlingImpl with priority 0.0
2026-07-10T16:48:35,745  INFO ControlerListenerManagerImpl:128 calling notifyShutdown on org.matsim.core.controler.corelisteners.DumpDataAtEndImpl with priority 0.0
2026-07-10T16:48:35,748  INFO Counter:70 [PopulationWriter] dumped person # 1
2026-07-10T16:48:35,749  INFO Counter:70 [PopulationWriter] dumped person # 2
2026-07-10T16:48:35,749  INFO Counter:70 [PopulationWriter] dumped person # 4
2026-07-10T16:48:35,749  INFO Counter:70 [PopulationWriter] dumped person # 8
2026-07-10T16:48:35,749  INFO Counter:70 [PopulationWriter] dumped person # 16
2026-07-10T16:48:35,749  INFO Counter:70 [PopulationWriter] dumped person # 32
2026-07-10T16:48:35,749  INFO Counter:70 [PopulationWriter] dumped person # 64
2026-07-10T16:48:35,750  INFO Counter:70 [ParallelPopulationWriterV6] dumped person # 1
2026-07-10T16:48:35,750  INFO Counter:70 [ParallelPopulationWriterV6] dumped person # 2
2026-07-10T16:48:35,750  INFO Counter:70 [ParallelPopulationWriterV6] dumped person # 4
2026-07-10T16:48:35,751  INFO Counter:70 [ParallelPopulationWriterV6] dumped person # 8
2026-07-10T16:48:35,751  INFO Counter:70 [ParallelPopulationWriterV6] dumped person # 16
2026-07-10T16:48:35,751  INFO Counter:70 [ParallelPopulationWriterV6] dumped person # 32
2026-07-10T16:48:35,754  INFO Counter:70 [ParallelPopulationWriterV6] dumped person # 64
2026-07-10T16:48:35,755  INFO Counter:75 [ParallelPopulationWriterV6] dumped person # 100
2026-07-10T16:48:35,756  INFO PopulationWriter:150 Population written to: ./output/output_plans.xml.gz
2026-07-10T16:48:35,757  INFO Counter:75 [PopulationWriter] dumped person # 100
2026-07-10T16:48:35,760  INFO NetworkWriter:70 Writing network to file: ./output/output_network.xml.gz...
2026-07-10T16:48:35,765  INFO NetworkWriter:73 done.
2026-07-10T16:48:35,773  INFO Config:461 setting context to [file:/C:/Users/DavidBerling/Masterarbeit%20Lokal/WP2/Matsim-example-project-TU-Kurs/scenarios/equil/]
2026-07-10T16:48:35,777  INFO Config:461 setting context to [file:/C:/Users/DavidBerling/Masterarbeit%20Lokal/WP2/Matsim-example-project-TU-Kurs/scenarios/equil/]
2026-07-10T16:48:35,781  INFO Config:461 setting context to [file:/C:/Users/DavidBerling/Masterarbeit%20Lokal/WP2/Matsim-example-project-TU-Kurs/scenarios/equil/]
2026-07-10T16:48:35,783  INFO Config:461 setting context to [file:/C:/Users/DavidBerling/Masterarbeit%20Lokal/WP2/Matsim-example-project-TU-Kurs/scenarios/equil/]
2026-07-10T16:48:35,785  INFO Config:461 setting context to [file:/C:/Users/DavidBerling/Masterarbeit%20Lokal/WP2/Matsim-example-project-TU-Kurs/scenarios/equil/]
2026-07-10T16:48:35,787  INFO Config:461 setting context to [file:/C:/Users/DavidBerling/Masterarbeit%20Lokal/WP2/Matsim-example-project-TU-Kurs/scenarios/equil/]
2026-07-10T16:48:35,789  INFO Config:461 setting context to [file:/C:/Users/DavidBerling/Masterarbeit%20Lokal/WP2/Matsim-example-project-TU-Kurs/scenarios/equil/]
2026-07-10T16:48:35,791  INFO Config:461 setting context to [file:/C:/Users/DavidBerling/Masterarbeit%20Lokal/WP2/Matsim-example-project-TU-Kurs/scenarios/equil/]
2026-07-10T16:48:35,793  INFO Config:461 setting context to [file:/C:/Users/DavidBerling/Masterarbeit%20Lokal/WP2/Matsim-example-project-TU-Kurs/scenarios/equil/]
2026-07-10T16:48:35,795  INFO Config:461 setting context to [file:/C:/Users/DavidBerling/Masterarbeit%20Lokal/WP2/Matsim-example-project-TU-Kurs/scenarios/equil/]
2026-07-10T16:48:35,797  INFO Config:461 setting context to [file:/C:/Users/DavidBerling/Masterarbeit%20Lokal/WP2/Matsim-example-project-TU-Kurs/scenarios/equil/]
2026-07-10T16:48:35,799  INFO Config:461 setting context to [file:/C:/Users/DavidBerling/Masterarbeit%20Lokal/WP2/Matsim-example-project-TU-Kurs/scenarios/equil/]
2026-07-10T16:48:35,801  INFO Config:461 setting context to [file:/C:/Users/DavidBerling/Masterarbeit%20Lokal/WP2/Matsim-example-project-TU-Kurs/scenarios/equil/]
2026-07-10T16:48:35,805  INFO Config:461 setting context to [file:/C:/Users/DavidBerling/Masterarbeit%20Lokal/WP2/Matsim-example-project-TU-Kurs/scenarios/equil/]
2026-07-10T16:48:35,808  INFO Config:461 setting context to [file:/C:/Users/DavidBerling/Masterarbeit%20Lokal/WP2/Matsim-example-project-TU-Kurs/scenarios/equil/]
2026-07-10T16:48:35,811  INFO Config:461 setting context to [file:/C:/Users/DavidBerling/Masterarbeit%20Lokal/WP2/Matsim-example-project-TU-Kurs/scenarios/equil/]
2026-07-10T16:48:35,814  INFO Config:461 setting context to [file:/C:/Users/DavidBerling/Masterarbeit%20Lokal/WP2/Matsim-example-project-TU-Kurs/scenarios/equil/]
2026-07-10T16:48:35,815  INFO Config:461 setting context to [file:/C:/Users/DavidBerling/Masterarbeit%20Lokal/WP2/Matsim-example-project-TU-Kurs/scenarios/equil/]
2026-07-10T16:48:35,826  INFO Config:461 setting context to [file:/C:/Users/DavidBerling/Masterarbeit%20Lokal/WP2/Matsim-example-project-TU-Kurs/scenarios/equil/]
2026-07-10T16:48:35,828  INFO Config:461 setting context to [file:/C:/Users/DavidBerling/Masterarbeit%20Lokal/WP2/Matsim-example-project-TU-Kurs/scenarios/equil/]
2026-07-10T16:48:35,830  INFO Config:461 setting context to [file:/C:/Users/DavidBerling/Masterarbeit%20Lokal/WP2/Matsim-example-project-TU-Kurs/scenarios/equil/]
2026-07-10T16:48:35,832  INFO Config:461 setting context to [file:/C:/Users/DavidBerling/Masterarbeit%20Lokal/WP2/Matsim-example-project-TU-Kurs/scenarios/equil/]
2026-07-10T16:48:35,834  INFO Config:461 setting context to [file:/C:/Users/DavidBerling/Masterarbeit%20Lokal/WP2/Matsim-example-project-TU-Kurs/scenarios/equil/]
2026-07-10T16:48:35,835  INFO Config:461 setting context to [file:/C:/Users/DavidBerling/Masterarbeit%20Lokal/WP2/Matsim-example-project-TU-Kurs/scenarios/equil/]
2026-07-10T16:48:35,837  INFO Config:461 setting context to [file:/C:/Users/DavidBerling/Masterarbeit%20Lokal/WP2/Matsim-example-project-TU-Kurs/scenarios/equil/]
2026-07-10T16:48:35,846  INFO MatsimVehicleWriter:49 about to write vehicles to: ./output/output_vehicles.xml.gz
2026-07-10T16:48:35,846  INFO VehicleWriterV2:64 about to write vehicles to: ./output/output_vehicles.xml.gz
2026-07-10T16:48:35,851  INFO MatsimVehicleWriter:49 about to write vehicles to: ./output/output_allVehicles.xml.gz
2026-07-10T16:48:35,851  INFO VehicleWriterV2:64 about to write vehicles to: ./output/output_allVehicles.xml.gz
2026-07-10T16:48:35,856  INFO HouseholdsWriterV10:66 about to write  households to: ./output/output_households.xml.gz
2026-07-10T16:48:35,857  INFO Counter:75 [HouseholdsWriter] wrote household # 0
2026-07-10T16:48:35,860  INFO CountsWriterV2:45 Write Counts to ./output/output_counts.xml.gz
2026-07-10T16:48:35,881  INFO ControlerListenerManagerImpl:135 calling notifyShutdown on org.matsim.analysis.ModeChoiceCoverageControlerListener with priority 0.0
2026-07-10T16:48:35,881  INFO ControlerListenerManagerImpl:135 calling notifyShutdown on org.matsim.analysis.ScoreStatsControlerListener with priority 0.0
2026-07-10T16:48:35,882  INFO ControlerListenerManagerImpl:135 calling notifyShutdown on org.matsim.analysis.IterationTravelStatsControlerListener with priority 0.0
2026-07-10T16:48:35,882  INFO PersonWriter:36 Writing all Persons to personscsv
2026-07-10T16:48:35,889  INFO PersonWriter:54 ...done
2026-07-10T16:48:35,889  INFO ControlerListenerManagerImpl:135 calling notifyShutdown on org.matsim.analysis.LinkStatsControlerListener with priority 0.0
2026-07-10T16:48:35,902  INFO ControlerListenerManagerImpl:138 all ControlerShutdownListeners called.
2026-07-10T16:48:35,902  INFO MatsimRuntimeModifications:103 S H U T D O W N   ---   shutdown completed.
2026-07-10T16:48:35,902  INFO OutputDirectoryLogging:173 closing the logfile, i.e. messages sent to the logger after this message are not written to the logfile.
