person_id,runtime_cohort,leg_mode,planned_origin_type,planned_destination_type,planned_departure_time,route_distance,realized_departure_time,elapsed_to_48h_seconds,last_event_before_stuck,last_event_time,last_link_id,last_car_movement,last_car_movement_time,last_car_movement_link,pt_reached_stop,pt_boarded,pt_left_vehicle,pt_on_vehicle_at_cutoff,waiting_stop,destination_stop,transit_vehicle,transit_line,transit_route,already_stuck_at_43h,root_cause
"1004849",regional_background,pt,"education","home",48093.000,844.847,88486.000,84314.000,waitingForPt,88486.000,"6916.8",<none>,,"",true,false,false,false,"6916.8","6880.1","","","",true,PT_NEVER_BOARDED
"100498",munich_resident,pt,"work","home",4008.000,30159.034,61608.000,111192.000,waitingForPt,61608.000,"9673.2",<none>,,"",true,false,false,false,"9673.2","107967.2","","","",true,PT_NEVER_BOARDED
"1006808",regional_background,pt,"education","home",44730.000,1822.340,79202.000,93598.000,waitingForPt,79202.000,"102231.2",<none>,,"",true,true,true,false,"102231.2","167868.2","tr_896","XXX---162192_3","XXX---162192_3_1",true,PT_BOARDED_NOT_ARRIVED
"1010592",regional_background,pt,"work","home",35554.000,1039.722,111030.000,61770.000,waitingForPt,111030.000,"140276",<none>,,"",true,false,false,false,"140276","102549.3","","","",true,PT_NEVER_BOARDED
"1012711",regional_background,pt,"education","home",43440.000,67759.079,51675.000,121125.000,waitingForPt,51675.000,"142500.1",<none>,,"",true,true,true,false,"142500.1","102028.7","tr_42215","XXX---2272008_0","XXX---2272008_0_6",true,PT_BOARDED_NOT_ARRIVED
"1013398",regional_background,pt,"work","home",37560.000,27220.537,51730.000,121070.000,waitingForPt,51730.000,"12958.1",<none>,,"",true,true,true,false,"12958.1","106128.1","tr_21075","XXX---2268550_3","XXX---2268550_3_4",true,PT_BOARDED_NOT_ARRIVED
"1014852",regional_background,pt,"education","home",2316.000,29408.153,96950.000,75850.000,waitingForPt,96950.000,"104292.2",<none>,,"",true,false,false,false,"104292.2","102028.2","","","",true,PT_NEVER_BOARDED
"1019154",regional_background,pt,"work","home",34200.000,9138.436,86220.000,86580.000,waitingForPt,86220.000,"102065",<none>,,"",true,true,true,false,"102065","61924","tr_392","XXX---161788_2","XXX---161788_2_164",true,PT_BOARDED_NOT_ARRIVED
"1020689",regional_background,pt,"education","home",47101.000,7944.485,64678.000,108122.000,waitingForPt,64678.000,"21925.1",<none>,,"",true,false,false,false,"21925.1","3666.3","","","",true,PT_NEVER_BOARDED
"1028356",regional_background,pt,"education","home",41555.000,25735.406,47056.000,125744.000,waitingForPt,47056.000,"4088",<none>,,"",true,false,false,false,"4088","167837","","","",true,PT_NEVER_BOARDED
"1039354",regional_background,pt,"home","work",27060.000,49012.440,28187.000,144613.000,waitingForPt,28187.000,"101674.11",<none>,,"",true,true,true,false,"101674.11","106130.5","tr_183","XXX---161788_2","XXX---161788_2_47",true,PT_BOARDED_NOT_ARRIVED
"103983",munich_resident,pt,"education","home",48240.000,1806.907,88402.000,84398.000,waitingForPt,88402.000,"106091",<none>,,"",true,true,true,false,"106091","106653","tr_40386","XXX---2271998_1","XXX---2271998_1_5",true,PT_BOARDED_NOT_ARRIVED
"1044188",regional_background,pt,"education","home",69420.000,45834.879,107966.000,64834.000,waitingForPt,107966.000,"142500.1",<none>,,"",true,true,true,false,"142500.1","102334.2","tr_1241","XXX---162308_101","XXX---162308_101_0",true,PT_BOARDED_NOT_ARRIVED
"105053",munich_resident,pt,"work","home",2135.000,3925.949,33921.000,138879.000,waitingForPt,33921.000,"108742",<none>,,"",true,false,false,false,"108742","106051","","","",true,PT_NEVER_BOARDED
"1055531",regional_background,walk,"education","home",80890.000,48001.884,122234.000,50566.000,departure,122234.000,"43753",<none>,,"",false,false,false,false,"","","","","",true,PT_NEVER_BOARDED
"1057331",regional_background,pt,"education","home",38400.000,40310.477,49334.000,123466.000,waitingForPt,49334.000,"103537",<none>,,"",true,true,true,false,"103537","168871","tr_38575","XXX---2270886_3","XXX---2270886_3_5",true,PT_BOARDED_NOT_ARRIVED
"1057995",regional_background,pt,"education","home",55740.000,22896.411,59202.000,113598.000,waitingForPt,59202.000,"102023",<none>,,"",true,true,true,false,"102023","168810","tr_2029","XXX---162443_106","XXX---162443_106_24",true,PT_BOARDED_NOT_ARRIVED
"1062052",regional_background,pt,"education","home",25920.000,11228.276,61896.000,110904.000,waitingForPt,61896.000,"104298.1",<none>,,"",true,true,true,false,"104298.1","104838","tr_16825","XXX---2255012_3","XXX---2255012_3_24",true,PT_BOARDED_NOT_ARRIVED
"1065610",regional_background,pt,"work","home",12565.000,32575.200,74518.000,98282.000,waitingForPt,74518.000,"9673.2",<none>,,"",true,false,false,false,"9673.2","106077.8","","","",true,PT_NEVER_BOARDED
"1068544",regional_background,pt,"education","home",29125.000,873.884,30809.000,141991.000,waitingForPt,30809.000,"101742.1",<none>,,"",true,false,false,false,"101742.1","104818.1","","","",true,PT_NEVER_BOARDED
"1073012",regional_background,car,"work","home",77458.000,17344.916,86332.000,86468.000,entered link,133698.000,"16208",entered link,133698.000,"16208",false,false,false,false,"","","","","",true,CAR_NO_PROGRESS_OR_NETWORK_CLUSTER
"1075404",regional_background,pt,"education","home",34440.000,21539.695,41531.000,131269.000,waitingForPt,41531.000,"149427",<none>,,"",true,true,true,false,"149427","140338","tr_3417","XXX---162461_109","XXX---162461_109_15",true,PT_BOARDED_NOT_ARRIVED
"107998",munich_resident,car,"work","home",2464.000,4867.791,95727.000,77073.000,entered link,119918.000,"16208",entered link,119918.000,"16208",false,false,false,false,"","","","","",true,CAR_NO_PROGRESS_OR_NETWORK_CLUSTER
"1088332",regional_background,pt,"work","home",18540.000,10093.767,91100.000,81700.000,waitingForPt,91100.000,"106060.1",<none>,,"",true,true,true,false,"106060.1","5485.1","tr_40038","XXX---2271997_1","XXX---2271997_1_14",true,PT_BOARDED_NOT_ARRIVED
"1090153",regional_background,pt,"work","home",10300.000,5623.458,65087.000,107713.000,waitingForPt,65087.000,"108994.1",<none>,,"",true,false,false,false,"108994.1","106273.2","","","",true,PT_NEVER_BOARDED
"109045",munich_resident,pt,"work","home",50319.000,2975.253,55168.000,117632.000,waitingForPt,55168.000,"9565",<none>,,"",true,false,false,false,"9565","9573","","","",true,PT_NEVER_BOARDED
"1090480",regional_background,car,"home","work",50185.000,19301.685,50185.000,122615.000,entered link,133765.000,"419626",entered link,133765.000,"419626",false,false,false,false,"","","","","",true,CAR_NO_PROGRESS_OR_NETWORK_CLUSTER
"1091069",regional_background,pt,"work","home",17940.000,5300.049,92559.000,80241.000,waitingForPt,92559.000,"107995.1",<none>,,"",true,true,true,false,"107995.1","109954.1","tr_39638","XXX---2271996_1","XXX---2271996_1_9",true,PT_BOARDED_NOT_ARRIVED
"1092363",regional_background,pt,"work","home",31080.000,14093.446,85840.000,86960.000,waitingForPt,85840.000,"108497.1",<none>,,"",true,true,true,false,"108497.1","5797.3","tr_39478","XXX---2271996_1","XXX---2271996_1_1",true,PT_BOARDED_NOT_ARRIVED
"109533",munich_resident,car,"work","home",62906.000,9352.941,62906.000,109894.000,entered link,131183.000,"419626",entered link,131183.000,"419626",false,false,false,false,"","","","","",true,CAR_NO_PROGRESS_OR_NETWORK_CLUSTER
"1095498",regional_background,walk,"education","home",49655.000,96962.771,63897.000,108903.000,departure,63897.000,"245851",<none>,,"",false,false,false,false,"","","","","",true,PT_NEVER_BOARDED
"1098520",regional_background,pt,"work","home",15440.000,2728.361,67040.000,105760.000,waitingForPt,67040.000,"106138",<none>,,"",true,false,false,false,"106138","106056.1","","","",true,PT_NEVER_BOARDED
"1099539",regional_background,pt,"work","home",18349.000,5630.191,92303.000,80497.000,waitingForPt,92303.000,"108428",<none>,,"",true,false,false,false,"108428","106281","","","",true,PT_NEVER_BOARDED
"1102701",regional_background,pt,"work","home",10877.000,6550.114,66225.000,106575.000,waitingForPt,66225.000,"108541",<none>,,"",true,false,false,false,"108541","106051","","","",true,PT_NEVER_BOARDED
"1108860",regional_background,car,"work","home",70101.000,19810.920,73615.000,99185.000,entered link,135655.000,"419626",entered link,135655.000,"419626",false,false,false,false,"","","","","",true,CAR_NO_PROGRESS_OR_NETWORK_CLUSTER
"1109552",regional_background,car,"work","home",58388.000,21670.804,58388.000,114412.000,entered link,120480.000,"419626",entered link,120480.000,"419626",false,false,false,false,"","","","","",true,CAR_NO_PROGRESS_OR_NETWORK_CLUSTER
"1112198",regional_background,car,"home","work",48576.000,24155.153,48576.000,124224.000,entered link,134608.000,"16208",entered link,134608.000,"16208",false,false,false,false,"","","","","",true,CAR_NO_PROGRESS_OR_NETWORK_CLUSTER
"1116438",regional_background,pt,"work","home",5895.000,9606.863,78543.000,94257.000,waitingForPt,78543.000,"109045.2",<none>,,"",true,false,false,false,"109045.2","106054","","","",true,PT_NEVER_BOARDED
"1118219",regional_background,pt,"work","home",11397.000,10135.928,70507.000,102293.000,waitingForPt,70507.000,"106077.7",<none>,,"",true,false,false,false,"106077.7","5713.1","","","",true,PT_NEVER_BOARDED
"1119889",regional_background,car,"home","work",65863.000,17567.118,65863.000,106937.000,entered link,118087.000,"453133",entered link,118087.000,"453133",false,false,false,false,"","","","","",true,CAR_NO_PROGRESS_OR_NETWORK_CLUSTER
"1120236",regional_background,car,"home","work",66491.000,20020.362,66491.000,106309.000,entered link,119572.000,"453133",entered link,119572.000,"453133",false,false,false,false,"","","","","",true,CAR_NO_PROGRESS_OR_NETWORK_CLUSTER
"112721",munich_resident,pt,"work","home",5775.000,8072.356,61991.000,110809.000,waitingForPt,61991.000,"109389",<none>,,"",true,false,false,false,"109389","106050","","","",true,PT_NEVER_BOARDED
"1127956",regional_background,car,"work","home",64911.000,14725.546,64911.000,107889.000,entered link,132872.000,"419626",entered link,132872.000,"419626",false,false,false,false,"","","","","",true,CAR_NO_PROGRESS_OR_NETWORK_CLUSTER
"1131513",regional_background,pt,"education","home",59657.000,5427.497,63211.000,109589.000,waitingForPt,63211.000,"9964.2",<none>,,"",true,true,true,false,"9964.2","157723.1","tr_1502","XXX---162424_106","XXX---162424_106_135",true,PT_BOARDED_NOT_ARRIVED
"1132671",regional_background,car,"education","home",46827.000,33024.471,76897.000,95903.000,entered link,127625.000,"419626",entered link,127625.000,"419626",false,false,false,false,"","","","","",true,CAR_NO_PROGRESS_OR_NETWORK_CLUSTER
"1137136",regional_background,car,"education","home",3856.000,22016.226,156528.000,16272.000,entered link,156789.000,"419626",entered link,156789.000,"419626",false,false,false,false,"","","","","",true,CAR_NO_PROGRESS_OR_NETWORK_CLUSTER
"113840",munich_resident,car,"work","home",45691.000,20160.404,45691.000,127109.000,entered link,172780.000,"412257",entered link,172780.000,"412257",false,false,false,false,"","","","","",true,CAR_NO_PROGRESS_OR_NETWORK_CLUSTER
"1140858",regional_background,pt,"work","home",9467.000,3889.077,71216.000,101584.000,waitingForPt,71216.000,"108879",<none>,,"",true,false,false,false,"108879","106053","","","",true,PT_NEVER_BOARDED
"11464",regional_background,pt,"work","home",30400.000,10142.785,31706.000,141094.000,waitingForPt,31706.000,"168633",<none>,,"",true,false,false,false,"168633","169016","","","",true,PT_NEVER_BOARDED
"1146460",regional_background,car,"education","home",65096.000,41562.892,86649.000,86151.000,entered link,132057.000,"419626",entered link,132057.000,"419626",false,false,false,false,"","","","","",true,CAR_NO_PROGRESS_OR_NETWORK_CLUSTER
"1153751",regional_background,pt,"work","home",10166.000,5975.168,67288.000,105512.000,waitingForPt,67288.000,"108287.1",<none>,,"",true,false,false,false,"108287.1","108202.1","","","",true,PT_NEVER_BOARDED
"1153921",regional_background,pt,"work","home",4407.000,2150.143,59702.000,113098.000,waitingForPt,59702.000,"106258.1",<none>,,"",true,false,false,false,"106258.1","106382.2","","","",true,PT_NEVER_BOARDED
"1155807",regional_background,pt,"work","home",17280.000,9139.113,91880.000,80920.000,waitingForPt,91880.000,"108495",<none>,,"",true,true,true,false,"108495","6106","tr_39638","XXX---2271996_1","XXX---2271996_1_9",true,PT_BOARDED_NOT_ARRIVED
"1157698",regional_background,pt,"work","home",25560.000,844.732,86697.000,86103.000,waitingForPt,86697.000,"5973",<none>,,"",true,true,true,false,"5973","6082","tr_3075","XXX---162458_109","XXX---162458_109_28",true,PT_BOARDED_NOT_ARRIVED
"1162599",regional_background,pt,"work","home",24445.000,6012.449,99815.000,72985.000,waitingForPt,99815.000,"13324",<none>,,"",true,false,false,false,"13324","12795.12","","","",true,PT_NEVER_BOARDED
"116473",munich_resident,car,"work","home",82105.000,12961.819,90851.000,81949.000,entered link,116728.000,"453133",entered link,116728.000,"453133",false,false,false,false,"","","","","",true,CAR_NO_PROGRESS_OR_NETWORK_CLUSTER
"116689",munich_resident,car,"home","work",67063.000,7032.571,67063.000,105737.000,entered link,120048.000,"16208",entered link,120048.000,"16208",false,false,false,false,"","","","","",true,CAR_NO_PROGRESS_OR_NETWORK_CLUSTER
"116735",munich_resident,car,"work","home",8364.000,21415.544,121389.000,51411.000,entered link,125260.000,"453133",entered link,125260.000,"453133",false,false,false,false,"","","","","",true,CAR_NO_PROGRESS_OR_NETWORK_CLUSTER
"117266",munich_resident,car,"work","home",4723.000,37948.966,97492.000,75308.000,entered link,118789.000,"453133",entered link,118789.000,"453133",false,false,false,false,"","","","","",true,CAR_NO_PROGRESS_OR_NETWORK_CLUSTER
"1172917",regional_background,pt,"work","home",39897.000,12816.831,49141.000,123659.000,waitingForPt,49141.000,"22112",<none>,,"",true,false,false,false,"22112","22144.6","","","",true,PT_NEVER_BOARDED
"1174029",regional_background,pt,"work","home",47700.000,13022.383,54609.000,118191.000,waitingForPt,54609.000,"167868.8",<none>,,"",true,true,true,false,"167868.8","168197.1","tr_9188","XXX---2233222_3","XXX---2233222_3_22",true,PT_BOARDED_NOT_ARRIVED
"1185004",regional_background,walk,"work","home",63520.000,98535.881,63520.000,109280.000,departure,63520.000,"417890",<none>,,"",false,false,false,false,"","","","","",true,PT_NEVER_BOARDED
"118819",munich_resident,car,"work","home",65124.000,7909.002,65124.000,107676.000,entered link,144042.000,"419626",entered link,144042.000,"419626",false,false,false,false,"","","","","",true,CAR_NO_PROGRESS_OR_NETWORK_CLUSTER
"1191459",regional_background,pt,"education","home",12969.000,29408.153,78693.000,94107.000,waitingForPt,78693.000,"104292.2",<none>,,"",true,false,false,false,"104292.2","102028.2","","","",true,PT_NEVER_BOARDED
"1191874",regional_background,pt,"education","home",41183.000,22150.823,48095.000,124705.000,waitingForPt,48095.000,"69490.2",<none>,,"",true,false,false,false,"69490.2","65628","","","",true,PT_NEVER_BOARDED
"1192681",regional_background,pt,"education","home",41621.000,18355.568,52036.000,120764.000,waitingForPt,52036.000,"65517.1",<none>,,"",true,false,false,false,"65517.1","65505","","","",true,PT_NEVER_BOARDED
"1193493",regional_background,walk,"work","home",61369.000,111675.815,61369.000,111431.000,departure,61369.000,"191647",<none>,,"",false,false,false,false,"","","","","",true,PT_NEVER_BOARDED
"1198684",regional_background,pt,"education","home",49557.000,29087.206,54346.000,118454.000,waitingForPt,54346.000,"175693.1",<none>,,"",true,false,false,false,"175693.1","156131.1","","","",true,PT_NEVER_BOARDED
"1201990",regional_background,pt,"work","home",40800.000,28607.147,60500.000,112300.000,waitingForPt,60500.000,"127244",<none>,,"",true,true,true,false,"127244","128023","tr_13393","XXX---2249910_3","XXX---2249910_3_0",true,PT_BOARDED_NOT_ARRIVED
"1215193",regional_background,pt,"education","home",60410.000,6897.739,61743.000,111057.000,waitingForPt,61743.000,"69726",<none>,,"",true,false,false,false,"69726","69738","","","",true,PT_NEVER_BOARDED
"1216978",regional_background,pt,"education","home",38609.000,21369.152,45323.000,127477.000,waitingForPt,45323.000,"176004",<none>,,"",true,false,false,false,"176004","69546.3","","","",true,PT_NEVER_BOARDED
"1220803",regional_background,pt,"education","home",38145.000,22368.277,52316.000,120484.000,waitingForPt,52316.000,"102105.1",<none>,,"",true,true,true,false,"102105.1","69546.3","tr_6125","XXX---2167616_3","XXX---2167616_3_2",true,PT_BOARDED_NOT_ARRIVED
"1228380",regional_background,pt,"education","home",49384.000,8925.612,63743.000,109057.000,waitingForPt,63743.000,"102243.2",<none>,,"",true,true,true,false,"102243.2","70654","tr_1131","XXX---162195_2","XXX---162195_2_14",true,PT_BOARDED_NOT_ARRIVED
"1229293",regional_background,pt,"home","education",57163.000,11024.518,57341.000,115459.000,waitingForPt,57341.000,"70881.2",<none>,,"",true,true,true,false,"70881.2","181967.1","tr_5457","XXX---1989749_3","XXX---1989749_3_0",true,PT_BOARDED_NOT_ARRIVED
"1229363",regional_background,pt,"education","home",57600.000,6489.177,71863.000,100937.000,waitingForPt,71863.000,"102532",<none>,,"",true,true,true,false,"102532","156780","tr_1421","XXX---162424_106","XXX---162424_106_82",true,PT_BOARDED_NOT_ARRIVED
"1229490",regional_background,pt,"education","home",40839.000,2756.723,42616.000,130184.000,waitingForPt,42616.000,"84679.1",<none>,,"",true,false,false,false,"84679.1","163082","","","",true,PT_NEVER_BOARDED
"123160",munich_resident,pt,"work","home",1488.000,6941.512,59831.000,112969.000,waitingForPt,59831.000,"108831",<none>,,"",true,false,false,false,"108831","106047.3","","","",true,PT_NEVER_BOARDED
"1237091",regional_background,pt,"education","home",52140.000,4168.346,63705.000,109095.000,waitingForPt,63705.000,"70789.1",<none>,,"",true,true,true,false,"70789.1","156844.1","tr_39029","XXX---2271035_3","XXX---2271035_3_16",true,PT_BOARDED_NOT_ARRIVED
"1237110",regional_background,pt,"work","home",35419.000,5309.763,83213.000,89587.000,waitingForPt,83213.000,"107753",<none>,,"",true,false,false,false,"107753","106951","","","",true,PT_NEVER_BOARDED
"124222",munich_resident,car,"work","home",67389.000,5879.590,67389.000,105411.000,entered link,121608.000,"16208",entered link,121608.000,"16208",false,false,false,false,"","","","","",true,CAR_NO_PROGRESS_OR_NETWORK_CLUSTER
"1243416",regional_background,pt,"work","home",35659.000,7972.396,72470.000,100330.000,waitingForPt,72470.000,"175700",<none>,,"",true,false,false,false,"175700","102104","","","",true,PT_NEVER_BOARDED
"1244281",regional_background,walk,"work","home",65862.000,81262.645,79228.000,93572.000,departure,79228.000,"168241",<none>,,"",false,false,false,false,"","","","","",true,PT_NEVER_BOARDED
"124751",munich_resident,car,"work","home",62598.000,9077.210,63167.000,109633.000,entered link,126229.000,"419626",entered link,126229.000,"419626",false,false,false,false,"","","","","",true,CAR_NO_PROGRESS_OR_NETWORK_CLUSTER
"125894",munich_resident,pt,"work","home",5280.000,1964.109,57444.000,115356.000,waitingForPt,57444.000,"106051",<none>,,"",true,true,true,false,"106051","106264","tr_3483","XXX---162462_109","XXX---162462_109_1",true,PT_BOARDED_NOT_ARRIVED
"1259561",regional_background,pt,"home","work",80700.000,5491.665,80733.000,92067.000,waitingForPt,80733.000,"106077.7",<none>,,"",true,true,true,false,"106077.7","106104.3","tr_58683","XXX---232602_2","XXX---232602_2_2",true,PT_BOARDED_NOT_ARRIVED
"1262543",regional_background,pt,"work","home",33780.000,9658.651,50770.000,122030.000,waitingForPt,50770.000,"22821.1",<none>,,"",true,true,true,false,"22821.1","101743","tr_17081","XXX---2255041_3","XXX---2255041_3_4",true,PT_BOARDED_NOT_ARRIVED
"1262775",regional_background,pt,"education","home",28728.000,2412.661,38743.000,134057.000,waitingForPt,38743.000,"128163.2",<none>,,"",true,false,false,false,"128163.2","127378.2","","","",true,PT_NEVER_BOARDED
"1267257",regional_background,pt,"work","home",45497.000,3491.703,53965.000,118835.000,waitingForPt,53965.000,"136313",<none>,,"",true,false,false,false,"136313","136319.2","","","",true,PT_NEVER_BOARDED
"1268291",regional_background,pt,"work","home",3027.000,5527.924,71332.000,101468.000,waitingForPt,71332.000,"157646",<none>,,"",true,false,false,false,"157646","22807","","","",true,PT_NEVER_BOARDED
"1277754",regional_background,walk,"education","home",84145.000,84599.057,84145.000,88655.000,departure,84145.000,"322370",<none>,,"",false,false,false,false,"","","","","",true,PT_NEVER_BOARDED
"1296861",regional_background,pt,"education","home",48540.000,3283.317,69527.000,103273.000,waitingForPt,69527.000,"101847",<none>,,"",true,true,true,false,"101847","164899.1","tr_2436","XXX---162452_106_3","XXX---162452_106_3_9",true,PT_BOARDED_NOT_ARRIVED
"1298999",regional_background,pt,"education","home",55620.000,24513.426,57309.000,115491.000,waitingForPt,57309.000,"127280",<none>,,"",true,true,true,false,"127280","128584.1","tr_13801","XXX---2249919_0","XXX---2249919_0_0",true,PT_BOARDED_NOT_ARRIVED
"1303856",regional_background,pt,"work","home",24928.000,1069.505,96523.000,76277.000,waitingForPt,96523.000,"22874",<none>,,"",true,false,false,false,"22874","22820.2","","","",true,PT_NEVER_BOARDED
"130541",munich_resident,pt,"work","home",6782.000,6460.828,38507.000,134293.000,waitingForPt,38507.000,"106054",<none>,,"",true,false,false,false,"106054","107752","","","",true,PT_NEVER_BOARDED
"1308591",regional_background,car,"education","home",60545.000,74338.516,92069.000,80731.000,entered link,135029.000,"419626",entered link,135029.000,"419626",false,false,false,false,"","","","","",true,CAR_NO_PROGRESS_OR_NETWORK_CLUSTER
"1311438",regional_background,pt,"education","home",54420.000,3907.444,63444.000,109356.000,waitingForPt,63444.000,"140573.1",<none>,,"",true,true,true,false,"140573.1","128550","tr_35143","XXX---2269731_3","XXX---2269731_3_29",true,PT_BOARDED_NOT_ARRIVED
"131483",munich_resident,car,"work","home",68653.000,29485.958,68653.000,104147.000,entered link,161809.000,"16208",entered link,161809.000,"16208",false,false,false,false,"","","","","",true,CAR_NO_PROGRESS_OR_NETWORK_CLUSTER
"1322138",regional_background,pt,"education","home",48180.000,8543.217,58959.000,113841.000,waitingForPt,58959.000,"101829.3",<none>,,"",true,true,true,false,"101829.3","164892","tr_2425","XXX---162452_106_3","XXX---162452_106_3_3",true,PT_BOARDED_NOT_ARRIVED
"1322279",regional_background,pt,"education","home",50940.000,7271.330,72459.000,100341.000,waitingForPt,72459.000,"101829.3",<none>,,"",true,true,true,false,"101829.3","128848","tr_2430","XXX---162452_106_3","XXX---162452_106_3_8",true,PT_BOARDED_NOT_ARRIVED
"1323523",regional_background,car,"education","home",67180.000,84749.141,142736.000,30064.000,entered link,143902.000,"419626",entered link,143902.000,"419626",false,false,false,false,"","","","","",true,CAR_NO_PROGRESS_OR_NETWORK_CLUSTER
"1327907",regional_background,car,"work","home",61530.000,35516.627,61530.000,111270.000,entered link,123468.000,"419626",entered link,123468.000,"419626",false,false,false,false,"","","","","",true,CAR_NO_PROGRESS_OR_NETWORK_CLUSTER
"1329596",regional_background,pt,"work","home",4051.000,2728.361,53730.000,119070.000,waitingForPt,53730.000,"106138",<none>,,"",true,false,false,false,"106138","106056.1","","","",true,PT_NEVER_BOARDED
"1334706",regional_background,pt,"education","home",47625.000,10067.492,62898.000,109902.000,waitingForPt,62898.000,"22538",<none>,,"",true,false,false,false,"22538","102475","","","",true,PT_NEVER_BOARDED
"1335900",regional_background,car,"home","work",77215.000,21886.896,77215.000,95585.000,entered link,126028.000,"16208",entered link,126028.000,"16208",false,false,false,false,"","","","","",true,CAR_NO_PROGRESS_OR_NETWORK_CLUSTER
"1338396",regional_background,car,"education","home",77100.000,77346.481,134982.000,37818.000,entered link,142169.000,"419626",entered link,142169.000,"419626",false,false,false,false,"","","","","",true,CAR_NO_PROGRESS_OR_NETWORK_CLUSTER
"133934",munich_resident,car,"work","home",75934.000,19866.292,75934.000,96866.000,entered link,128498.000,"16208",entered link,128498.000,"16208",false,false,false,false,"","","","","",true,CAR_NO_PROGRESS_OR_NETWORK_CLUSTER
"1341191",regional_background,car,"work","home",12430.000,29264.631,99749.000,73051.000,entered link,119374.000,"453133",entered link,119374.000,"453133",false,false,false,false,"","","","","",true,CAR_NO_PROGRESS_OR_NETWORK_CLUSTER
"1348537",regional_background,car,"work","home",9332.000,24505.711,113123.000,59677.000,entered link,121633.000,"453133",entered link,121633.000,"453133",false,false,false,false,"","","","","",true,CAR_NO_PROGRESS_OR_NETWORK_CLUSTER
"1351786",regional_background,car,"home","work",68341.000,39228.910,68341.000,104459.000,entered link,118618.000,"16208",entered link,118618.000,"16208",false,false,false,false,"","","","","",true,CAR_NO_PROGRESS_OR_NETWORK_CLUSTER
"1352588",regional_background,pt,"work","home",22266.000,4038.991,106520.000,66280.000,waitingForPt,106520.000,"109557.1",<none>,,"",true,false,false,false,"109557.1","106130.21","","","",true,PT_NEVER_BOARDED
"1352929",regional_background,pt,"work","home",24558.000,1102.322,84543.000,88257.000,waitingForPt,84543.000,"11108.1",<none>,,"",true,true,true,false,"11108.1","11412","tr_3256","XXX---162460_109","XXX---162460_109_13",true,PT_BOARDED_NOT_ARRIVED
"1352940",regional_background,car,"work","home",1737.000,50514.891,112225.000,60575.000,entered link,121453.000,"453133",entered link,121453.000,"453133",false,false,false,false,"","","","","",true,CAR_NO_PROGRESS_OR_NETWORK_CLUSTER
"1353294",regional_background,pt,"education","home",52059.000,3463.537,62938.000,109862.000,waitingForPt,62938.000,"20814.1",<none>,,"",true,true,true,false,"20814.1","20984","tr_7321","XXX---2183238_3","XXX---2183238_3_11",true,PT_BOARDED_NOT_ARRIVED
"1354347",regional_background,car,"work","home",75316.000,36214.483,93929.000,78871.000,entered link,117448.000,"453133",entered link,117448.000,"453133",false,false,false,false,"","","","","",true,CAR_NO_PROGRESS_OR_NETWORK_CLUSTER
"135467",munich_resident,pt,"work","home",6540.000,5005.225,65261.000,107539.000,waitingForPt,65261.000,"6892.4",<none>,,"",true,true,true,false,"6892.4","7309","tr_2595","XXX---162455_109","XXX---162455_109_5",true,PT_BOARDED_NOT_ARRIVED
"1356822",regional_background,pt,"work","home",16440.000,8608.634,73040.000,99760.000,waitingForPt,73040.000,"106060",<none>,,"",true,true,true,false,"106060","106117.4","tr_40051","XXX---2271997_1","XXX---2271997_1_15",true,PT_BOARDED_NOT_ARRIVED
"1357825",regional_background,car,"work","home",80244.000,27484.560,128472.000,44328.000,entered link,140680.000,"419626",entered link,140680.000,"419626",false,false,false,false,"","","","","",true,CAR_NO_PROGRESS_OR_NETWORK_CLUSTER
"1357832",regional_background,car,"work","home",1442.000,35786.706,82220.000,90580.000,entered link,172798.000,"318877",entered link,172798.000,"318877",false,false,false,false,"","","","","",true,CAR_NO_PROGRESS_OR_NETWORK_CLUSTER
"137976",munich_resident,pt,"work","home",15411.000,4175.684,67568.000,105232.000,waitingForPt,67568.000,"107981",<none>,,"",true,false,false,false,"107981","108202.1","","","",true,PT_NEVER_BOARDED
"1410507",regional_background,pt,"work","home",12652.000,16621.476,82315.000,90485.000,waitingForPt,82315.000,"71057",<none>,,"",true,false,false,false,"71057","84680.4","","","",true,PT_NEVER_BOARDED
"1413097",regional_background,walk,"work","home",73298.000,103443.662,73298.000,99502.000,departure,73298.000,"145709",<none>,,"",false,false,false,false,"","","","","",true,PT_NEVER_BOARDED
"1415258",regional_background,walk,"work","home",56992.000,157505.633,56992.000,115808.000,departure,56992.000,"294789",<none>,,"",false,false,false,false,"","","","","",true,PT_NEVER_BOARDED
"1420635",regional_background,pt,"work","home",24300.000,1516.607,57348.000,115452.000,waitingForPt,57348.000,"69779.1",<none>,,"",true,true,true,false,"69779.1","156095","tr_38942","XXX---2271027_3","XXX---2271027_3_12",true,PT_BOARDED_NOT_ARRIVED
"1423976",regional_background,pt,"work","home",62700.000,637.535,70991.000,101809.000,waitingForPt,70991.000,"101695",<none>,,"",true,true,true,false,"101695","127832","tr_112","XXX---161788_2","XXX---161788_2_19",true,PT_BOARDED_NOT_ARRIVED
"142582",munich_resident,pt,"education","home",14283.000,2415.957,74249.000,98551.000,waitingForPt,74249.000,"106480.1",<none>,,"",true,false,false,false,"106480.1","106384","","","",true,PT_NEVER_BOARDED
"1427757",regional_background,pt,"work","home",62700.000,637.535,63284.000,109516.000,waitingForPt,63284.000,"101695",<none>,,"",true,true,true,false,"101695","127832","tr_113","XXX---161788_2","XXX---161788_2_20",true,PT_BOARDED_NOT_ARRIVED
"1433921",regional_background,pt,"work","home",21780.000,5605.123,73908.000,98892.000,waitingForPt,73908.000,"101826",<none>,,"",true,true,true,false,"101826","127782","tr_115","XXX---161788_2","XXX---161788_2_21",true,PT_BOARDED_NOT_ARRIVED
"1444384",regional_background,pt,"work","home",16595.000,4147.101,58221.000,114579.000,waitingForPt,58221.000,"12112",<none>,,"",true,false,false,false,"12112","11744.5","","","",true,PT_NEVER_BOARDED
"1454504",regional_background,pt,"home","work",21720.000,11038.155,21720.000,151080.000,waitingForPt,21720.000,"101803.3",<none>,,"",true,false,false,false,"101803.3","102460.2","","","",true,PT_NEVER_BOARDED
"1474804",regional_background,pt,"work","home",23100.000,2751.346,63133.000,109667.000,waitingForPt,63133.000,"164945",<none>,,"",true,true,true,false,"164945","145996","tr_6985","XXX---2183223_3","XXX---2183223_3_8",true,PT_BOARDED_NOT_ARRIVED
"147901",munich_resident,car,"work","home",6614.000,9330.657,99450.000,73350.000,entered link,164294.000,"16208",entered link,164294.000,"16208",false,false,false,false,"","","","","",true,CAR_NO_PROGRESS_OR_NETWORK_CLUSTER
"1482361",regional_background,pt,"work","home",12294.000,14517.692,103945.000,68855.000,waitingForPt,103945.000,"128130",<none>,,"",true,false,false,false,"128130","128362.2","","","",true,PT_NEVER_BOARDED
"149994",munich_resident,pt,"work","home",10404.000,4381.362,86803.000,85997.000,waitingForPt,86803.000,"149451",<none>,,"",true,false,false,false,"149451","108550","","","",true,PT_NEVER_BOARDED
"1505154",regional_background,pt,"other","home",16835.000,8977.690,86545.000,86255.000,waitingForPt,86545.000,"169021",<none>,,"",true,false,false,false,"169021","4171","","","",true,PT_NEVER_BOARDED
"150942",munich_resident,car,"work","home",81559.000,9913.176,81559.000,91241.000,entered link,118042.000,"453133",entered link,118042.000,"453133",false,false,false,false,"","","","","",true,CAR_NO_PROGRESS_OR_NETWORK_CLUSTER
"151112",munich_resident,pt,"work","home",22380.000,10101.853,76340.000,96460.000,waitingForPt,76340.000,"106062",<none>,,"",true,true,true,false,"106062","109217","tr_3267","XXX---162460_109","XXX---162460_109_16",true,PT_BOARDED_NOT_ARRIVED
"151285",munich_resident,car,"work","home",85680.000,12361.007,85680.000,87120.000,entered link,125748.000,"453133",entered link,125748.000,"453133",false,false,false,false,"","","","","",true,CAR_NO_PROGRESS_OR_NETWORK_CLUSTER
"1514017",regional_background,pt,"other","home",64560.000,5581.764,72873.000,99927.000,waitingForPt,72873.000,"3555",<none>,,"",true,true,true,false,"3555","4340","tr_37353","XXX---2270104_3","XXX---2270104_3_0",true,PT_BOARDED_NOT_ARRIVED
"1515580",regional_background,pt,"other","home",69590.000,13766.355,76324.000,96476.000,waitingForPt,76324.000,"168843",<none>,,"",true,false,false,false,"168843","4166.1","","","",true,PT_NEVER_BOARDED
"1521951",regional_background,pt,"other","home",76765.000,6901.956,81636.000,91164.000,waitingForPt,81636.000,"3799",<none>,,"",true,false,false,false,"3799","4180","","","",true,PT_NEVER_BOARDED
"15278",regional_background,pt,"work","home",21141.000,2322.433,62416.000,110384.000,waitingForPt,62416.000,"4363.1",<none>,,"",true,false,false,false,"4363.1","3548.1","","","",true,PT_NEVER_BOARDED
"1538046",unresolved_background,pt,"work","other",56659.000,38217.528,63651.000,109149.000,waitingForPt,63651.000,"102275.1",<none>,,"",true,true,true,false,"102275.1","176005","tr_1304","XXX---162424_106","XXX---162424_106_10",true,PT_BOARDED_NOT_ARRIVED
"1544",regional_background,walk,"education","home",83774.000,88423.519,83774.000,89026.000,departure,83774.000,"43753",<none>,,"",false,false,false,false,"","","","","",true,PT_NEVER_BOARDED
"1561957",regional_background,pt,"other","home",67560.000,1658.696,69304.000,103496.000,waitingForPt,69304.000,"175309",<none>,,"",true,true,true,false,"175309","168051","tr_34616","XXX---2269694_3","XXX---2269694_3_2",true,PT_BOARDED_NOT_ARRIVED
"157375",munich_resident,pt,"work","home",31019.000,8291.867,82588.000,90212.000,waitingForPt,82588.000,"107823",<none>,,"",true,false,false,false,"107823","106092.1","","","",true,PT_NEVER_BOARDED
"157720",munich_resident,pt,"work","home",3600.000,16390.444,40692.000,132108.000,waitingForPt,40692.000,"106055",<none>,,"",true,true,true,false,"106055","108142","tr_3623","XXX---162462_109","XXX---162462_109_26",true,PT_BOARDED_NOT_ARRIVED
"1590808",regional_background,pt,"other","home",74280.000,3245.602,75911.000,96889.000,waitingForPt,75911.000,"3958.3",<none>,,"",true,true,true,false,"3958.3","4203","tr_9984","XXX---2249603_3","XXX---2249603_3_5",true,PT_BOARDED_NOT_ARRIVED
"159312",munich_resident,car,"work","home",59464.000,12910.267,59464.000,113336.000,entered link,121230.000,"419626",entered link,121230.000,"419626",false,false,false,false,"","","","","",true,CAR_NO_PROGRESS_OR_NETWORK_CLUSTER
"160394",munich_resident,car,"work","home",69005.000,13379.604,156796.000,16004.000,entered link,157058.000,"419626",entered link,157058.000,"419626",false,false,false,false,"","","","","",true,CAR_NO_PROGRESS_OR_NETWORK_CLUSTER
"1615986",regional_background,pt,"other","home",73881.000,3454.653,76087.000,96713.000,waitingForPt,76087.000,"3620",<none>,,"",true,false,false,false,"3620","4138","","","",true,PT_NEVER_BOARDED
"162226",munich_resident,pt,"work","home",2676.000,1597.764,54215.000,118585.000,waitingForPt,54215.000,"108810",<none>,,"",true,false,false,false,"108810","108466","","","",true,PT_NEVER_BOARDED
"1643679",unresolved_background,pt,"other","other",65040.000,1181.764,79291.000,93509.000,waitingForPt,79291.000,"102229",<none>,,"",true,true,true,false,"102229","167865","tr_896","XXX---162192_3","XXX---162192_3_1",true,PT_BOARDED_NOT_ARRIVED
"1647487",regional_background,pt,"other","home",64500.000,3262.437,76804.000,95996.000,waitingForPt,76804.000,"102028.10",<none>,,"",true,true,true,false,"102028.10","102040","tr_896","XXX---162192_3","XXX---162192_3_1",true,PT_BOARDED_NOT_ARRIVED
"165001",munich_resident,car,"work","home",53946.000,22062.830,53946.000,118854.000,entered link,134323.000,"419626",entered link,134323.000,"419626",false,false,false,false,"","","","","",true,CAR_NO_PROGRESS_OR_NETWORK_CLUSTER
"165598",munich_resident,car,"work","home",66946.000,6031.806,66946.000,105854.000,entered link,130483.000,"419626",entered link,130483.000,"419626",false,false,false,false,"","","","","",true,CAR_NO_PROGRESS_OR_NETWORK_CLUSTER
"1667747",unresolved_background,car,"work","other",64279.000,21904.984,64279.000,108521.000,entered link,128042.000,"419626",entered link,128042.000,"419626",false,false,false,false,"","","","","",true,CAR_NO_PROGRESS_OR_NETWORK_CLUSTER
"167017",munich_resident,car,"work","home",68998.000,5240.157,68998.000,103802.000,entered link,138898.000,"16208",entered link,138898.000,"16208",false,false,false,false,"","","","","",true,CAR_NO_PROGRESS_OR_NETWORK_CLUSTER
"1673388",regional_background,pt,"shopping","home",53539.000,5783.703,56416.000,116384.000,waitingForPt,56416.000,"3965",<none>,,"",true,false,false,false,"3965","4325","","","",true,PT_NEVER_BOARDED
"1677860",regional_background,pt,"other","home",40444.000,3544.063,77140.000,95660.000,waitingForPt,77140.000,"3701",<none>,,"",true,false,false,false,"3701","3829","","","",true,PT_NEVER_BOARDED
"1680189",unresolved_background,car,"work","other",63081.000,4066.166,63081.000,109719.000,entered link,119138.000,"16208",entered link,119138.000,"16208",false,false,false,false,"","","","","",true,CAR_NO_PROGRESS_OR_NETWORK_CLUSTER
"1682446",unresolved_background,car,"work","other",58153.000,12070.832,58153.000,114647.000,entered link,141802.000,"16208",entered link,141802.000,"16208",false,false,false,false,"","","","","",true,CAR_NO_PROGRESS_OR_NETWORK_CLUSTER
"1695114",munich_resident,car,"other","home",86327.000,7173.015,86327.000,86473.000,entered link,133828.000,"16208",entered link,133828.000,"16208",false,false,false,false,"","","","","",true,CAR_NO_PROGRESS_OR_NETWORK_CLUSTER
"1696280",munich_resident,car,"other","home",73539.000,8619.279,147012.000,25788.000,entered link,147548.000,"419626",entered link,147548.000,"419626",false,false,false,false,"","","","","",true,CAR_NO_PROGRESS_OR_NETWORK_CLUSTER
"1697752",unresolved_background,car,"work","other",66805.000,8157.375,66805.000,105995.000,entered link,151106.000,"16208",entered link,151106.000,"16208",false,false,false,false,"","","","","",true,CAR_NO_PROGRESS_OR_NETWORK_CLUSTER
"1701119",munich_resident,car,"shopping","home",73910.000,4696.351,121341.000,51459.000,entered link,135258.000,"16208",entered link,135258.000,"16208",false,false,false,false,"","","","","",true,CAR_NO_PROGRESS_OR_NETWORK_CLUSTER
"170193",munich_resident,pt,"work","home",31140.000,5258.880,86228.000,86572.000,waitingForPt,86228.000,"5974",<none>,,"",true,true,true,false,"5974","108497","tr_21956","XXX---2268559_3","XXX---2268559_3_1",true,PT_BOARDED_NOT_ARRIVED
"1704031",munich_resident,car,"other","home",55690.000,12502.283,55690.000,117110.000,entered link,137078.000,"16208",entered link,137078.000,"16208",false,false,false,false,"","","","","",true,CAR_NO_PROGRESS_OR_NETWORK_CLUSTER
"1707405",munich_resident,car,"other","home",61537.000,10443.697,153340.000,19460.000,entered link,153550.000,"419626",entered link,153550.000,"419626",false,false,false,false,"","","","","",true,CAR_NO_PROGRESS_OR_NETWORK_CLUSTER
"171070",munich_resident,pt,"work","home",7980.000,6824.014,60103.000,112697.000,waitingForPt,60103.000,"106435",<none>,,"",true,false,false,false,"106435","108564.2","","","",true,PT_NEVER_BOARDED
"1712399",munich_resident,car,"home","other",69946.000,12510.080,69946.000,102854.000,entered link,163280.000,"419626",entered link,163280.000,"419626",false,false,false,false,"","","","","",true,CAR_NO_PROGRESS_OR_NETWORK_CLUSTER
"1714884",munich_resident,pt,"other","home",7502.000,6256.053,81670.000,91130.000,waitingForPt,81670.000,"180825",<none>,,"",true,false,false,false,"180825","108466","","","",true,PT_NEVER_BOARDED
"1716188",munich_resident,car,"other","home",73663.000,17195.972,85755.000,87045.000,entered link,123172.000,"453133",entered link,123172.000,"453133",false,false,false,false,"","","","","",true,CAR_NO_PROGRESS_OR_NETWORK_CLUSTER
"1718325",munich_resident,car,"other","home",69144.000,10784.009,83835.000,88965.000,entered link,119869.000,"453133",entered link,119869.000,"453133",false,false,false,false,"","","","","",true,CAR_NO_PROGRESS_OR_NETWORK_CLUSTER
"1720621",munich_resident,car,"home","other",56279.000,10466.018,56279.000,116521.000,entered link,146569.000,"16208",entered link,146569.000,"16208",false,false,false,false,"","","","","",true,CAR_NO_PROGRESS_OR_NETWORK_CLUSTER
"1722556",munich_resident,car,"home","other",63678.000,20266.738,63678.000,109122.000,entered link,115486.000,"453133",entered link,115486.000,"453133",false,false,false,false,"","","","","",true,CAR_NO_PROGRESS_OR_NETWORK_CLUSTER
"1730570",munich_resident,pt,"other","home",1667.000,3134.642,57359.000,115441.000,waitingForPt,57359.000,"108672",<none>,,"",true,false,false,false,"108672","106051","","","",true,PT_NEVER_BOARDED
"1734081",munich_resident,pt,"other","home",1509.000,7366.851,77666.000,95134.000,waitingForPt,77666.000,"109366",<none>,,"",true,false,false,false,"109366","106050","","","",true,PT_NEVER_BOARDED
"1737759",munich_resident,car,"other","home",77994.000,5009.117,77994.000,94806.000,entered link,116404.000,"453133",entered link,116404.000,"453133",false,false,false,false,"","","","","",true,CAR_NO_PROGRESS_OR_NETWORK_CLUSTER
"173869",munich_resident,car,"work","home",60610.000,17103.894,60610.000,112190.000,entered link,129099.000,"419626",entered link,129099.000,"419626",false,false,false,false,"","","","","",true,CAR_NO_PROGRESS_OR_NETWORK_CLUSTER
"1745049",munich_resident,pt,"other","home",68280.000,2615.814,72983.000,99817.000,waitingForPt,72983.000,"106861",<none>,,"",true,true,true,false,"106861","109833","tr_2587","XXX---162455_109","XXX---162455_109_5",true,PT_BOARDED_NOT_ARRIVED
"1751728",munich_resident,car,"home","other",69679.000,10075.503,69679.000,103121.000,entered link,164089.000,"16208",entered link,164089.000,"16208",false,false,false,false,"","","","","",true,CAR_NO_PROGRESS_OR_NETWORK_CLUSTER
"1753421",munich_resident,car,"other","home",79138.000,11528.914,98853.000,73947.000,entered link,123658.000,"16208",entered link,123658.000,"16208",false,false,false,false,"","","","","",true,CAR_NO_PROGRESS_OR_NETWORK_CLUSTER
"1753741",munich_resident,car,"other","home",65707.000,9518.815,130856.000,41944.000,entered link,137598.000,"16208",entered link,137598.000,"16208",false,false,false,false,"","","","","",true,CAR_NO_PROGRESS_OR_NETWORK_CLUSTER
"1758228",munich_resident,pt,"shopping","home",29754.000,1616.762,32900.000,139900.000,waitingForPt,32900.000,"107019",<none>,,"",true,false,false,false,"107019","107077","","","",true,PT_NEVER_BOARDED
"1758315",unresolved_background,car,"other","other",66772.000,10658.154,66772.000,106028.000,entered link,170809.000,"16208",entered link,170809.000,"16208",false,false,false,false,"","","","","",true,CAR_NO_PROGRESS_OR_NETWORK_CLUSTER
"176057",munich_resident,car,"work","home",72100.000,14272.372,72100.000,100700.000,entered link,166280.000,"419626",entered link,166280.000,"419626",false,false,false,false,"","","","","",true,CAR_NO_PROGRESS_OR_NETWORK_CLUSTER
"1761114",munich_resident,car,"shopping","home",48029.000,5270.497,99441.000,73359.000,entered link,122908.000,"16208",entered link,122908.000,"16208",false,false,false,false,"","","","","",true,CAR_NO_PROGRESS_OR_NETWORK_CLUSTER
"1767099",munich_resident,car,"shopping","home",43109.000,7605.478,70649.000,102151.000,entered link,135862.000,"419626",entered link,135862.000,"419626",false,false,false,false,"","","","","",true,CAR_NO_PROGRESS_OR_NETWORK_CLUSTER
"1769683",munich_resident,car,"other","home",60734.000,11092.512,98837.000,73963.000,entered link,139514.000,"419626",entered link,139514.000,"419626",false,false,false,false,"","","","","",true,CAR_NO_PROGRESS_OR_NETWORK_CLUSTER
"1774793",unresolved_background,car,"work","other",54196.000,28532.336,54196.000,118604.000,entered link,172787.000,"400953",entered link,172787.000,"400953",false,false,false,false,"","","","","",true,CAR_NO_PROGRESS_OR_NETWORK_CLUSTER
"1777253",munich_resident,car,"other","home",64793.000,8108.338,122136.000,50664.000,entered link,140473.000,"419626",entered link,140473.000,"419626",false,false,false,false,"","","","","",true,CAR_NO_PROGRESS_OR_NETWORK_CLUSTER
"1777645",munich_resident,pt,"other","home",5700.000,3901.915,74004.000,98796.000,waitingForPt,74004.000,"106053",<none>,,"",true,true,true,false,"106053","107257","tr_3250","XXX---162460_109","XXX---162460_109_11",true,PT_BOARDED_NOT_ARRIVED
"178570",munich_resident,pt,"work","home",6940.000,4400.130,67727.000,105073.000,waitingForPt,67727.000,"107493.2",<none>,,"",true,false,false,false,"107493.2","106385.2","","","",true,PT_NEVER_BOARDED
"1789736",munich_resident,car,"other","home",25483.000,8246.639,106540.000,66260.000,entered link,139584.000,"419626",entered link,139584.000,"419626",false,false,false,false,"","","","","",true,CAR_NO_PROGRESS_OR_NETWORK_CLUSTER
"1790850",munich_resident,car,"shopping","home",41360.000,12860.171,72145.000,100655.000,entered link,129398.000,"419626",entered link,129398.000,"419626",false,false,false,false,"","","","","",true,CAR_NO_PROGRESS_OR_NETWORK_CLUSTER
"1791467",munich_resident,car,"other","home",59803.000,8676.690,152383.000,20417.000,entered link,152597.000,"419626",entered link,152597.000,"419626",false,false,false,false,"","","","","",true,CAR_NO_PROGRESS_OR_NETWORK_CLUSTER
"1793006",munich_resident,car,"other","home",67741.000,15445.547,98472.000,74328.000,entered link,118708.000,"453133",entered link,118708.000,"453133",false,false,false,false,"","","","","",true,CAR_NO_PROGRESS_OR_NETWORK_CLUSTER
"1796709",munich_resident,car,"home","other",59511.000,23488.392,59511.000,113289.000,entered link,148808.000,"419626",entered link,148808.000,"419626",false,false,false,false,"","","","","",true,CAR_NO_PROGRESS_OR_NETWORK_CLUSTER
"1797918",munich_resident,car,"other","home",69219.000,6889.693,165619.000,7181.000,entered link,165813.000,"419626",entered link,165813.000,"419626",false,false,false,false,"","","","","",true,CAR_NO_PROGRESS_OR_NETWORK_CLUSTER
"1799065",munich_resident,car,"other","home",68457.000,9953.144,116083.000,56717.000,entered link,146306.000,"16208",entered link,146306.000,"16208",false,false,false,false,"","","","","",true,CAR_NO_PROGRESS_OR_NETWORK_CLUSTER
"1799974",munich_resident,pt,"other","home",4399.000,9633.772,73359.000,99441.000,waitingForPt,73359.000,"108522",<none>,,"",true,false,false,false,"108522","106467","","","",true,PT_NEVER_BOARDED
"180115",munich_resident,pt,"work","home",17100.000,2601.680,55710.000,117090.000,waitingForPt,55710.000,"107474.2",<none>,,"",true,true,true,false,"107474.2","107966.1","tr_40332","XXX---2271998_1","XXX---2271998_1_4",true,PT_BOARDED_NOT_ARRIVED
"180180",munich_resident,car,"work","home",60360.000,9828.821,60360.000,112440.000,entered link,139808.000,"16208",entered link,139808.000,"16208",false,false,false,false,"","","","","",true,CAR_NO_PROGRESS_OR_NETWORK_CLUSTER
"1802517",munich_resident,car,"other","home",84250.000,9834.381,91320.000,81480.000,entered link,126948.000,"453133",entered link,126948.000,"453133",false,false,false,false,"","","","","",true,CAR_NO_PROGRESS_OR_NETWORK_CLUSTER
"1803575",munich_resident,pt,"other","home",4860.000,3278.535,87639.000,85161.000,waitingForPt,87639.000,"106214",<none>,,"",true,true,true,false,"106214","108460","tr_3074","XXX---162458_109","XXX---162458_109_28",true,PT_BOARDED_NOT_ARRIVED
"1806445",munich_resident,car,"other","home",63230.000,12435.320,98943.000,73857.000,entered link,118915.000,"453133",entered link,118915.000,"453133",false,false,false,false,"","","","","",true,CAR_NO_PROGRESS_OR_NETWORK_CLUSTER
"1807548",unresolved_background,car,"other","other",48530.000,16441.999,48530.000,124270.000,entered link,124822.000,"419626",entered link,124822.000,"419626",false,false,false,false,"","","","","",true,CAR_NO_PROGRESS_OR_NETWORK_CLUSTER
"180837",munich_resident,pt,"work","home",30060.000,1478.806,86424.000,86376.000,waitingForPt,86424.000,"106049.1",<none>,,"",true,true,true,false,"106049.1","106268","tr_2967","XXX---162458_109","XXX---162458_109_4",true,PT_BOARDED_NOT_ARRIVED
"1821530",unresolved_background,car,"work","other",58477.000,10824.414,58477.000,114323.000,entered link,141370.000,"419626",entered link,141370.000,"419626",false,false,false,false,"","","","","",true,CAR_NO_PROGRESS_OR_NETWORK_CLUSTER
"1822764",munich_resident,car,"home","other",68377.000,6123.650,68377.000,104423.000,entered link,138638.000,"16208",entered link,138638.000,"16208",false,false,false,false,"","","","","",true,CAR_NO_PROGRESS_OR_NETWORK_CLUSTER
"1825760",munich_resident,car,"other","home",79489.000,7134.247,97778.000,75022.000,entered link,122860.000,"16208",entered link,122860.000,"16208",false,false,false,false,"","","","","",true,CAR_NO_PROGRESS_OR_NETWORK_CLUSTER
"1826810",unresolved_background,car,"other","other",70728.000,8090.174,70728.000,102072.000,entered link,129668.000,"16208",entered link,129668.000,"16208",false,false,false,false,"","","","","",true,CAR_NO_PROGRESS_OR_NETWORK_CLUSTER
"1828574",munich_resident,car,"other","home",80099.000,8158.627,94750.000,78050.000,entered link,149648.000,"419626",entered link,149648.000,"419626",false,false,false,false,"","","","","",true,CAR_NO_PROGRESS_OR_NETWORK_CLUSTER
"1829736",munich_resident,car,"shopping","home",71838.000,3833.701,100982.000,71818.000,entered link,137208.000,"16208",entered link,137208.000,"16208",false,false,false,false,"","","","","",true,CAR_NO_PROGRESS_OR_NETWORK_CLUSTER
"1831069",unresolved_background,car,"other","other",76539.000,10034.184,76539.000,96261.000,entered link,116359.000,"453133",entered link,116359.000,"453133",false,false,false,false,"","","","","",true,CAR_NO_PROGRESS_OR_NETWORK_CLUSTER
"1831730",munich_resident,pt,"other","home",11047.000,2807.775,75404.000,97396.000,waitingForPt,75404.000,"108342",<none>,,"",true,false,false,false,"108342","106079.2","","","",true,PT_NEVER_BOARDED
"183497",munich_resident,car,"work","home",53877.000,19434.939,53877.000,118923.000,entered link,150217.000,"16208",entered link,150217.000,"16208",false,false,false,false,"","","","","",true,CAR_NO_PROGRESS_OR_NETWORK_CLUSTER
"1836058",munich_resident,car,"other","home",62377.000,10468.555,95473.000,77327.000,entered link,120937.000,"16208",entered link,120937.000,"16208",false,false,false,false,"","","","","",true,CAR_NO_PROGRESS_OR_NETWORK_CLUSTER
"1836200",munich_resident,pt,"other","home",10792.000,1987.388,80557.000,92243.000,waitingForPt,80557.000,"106145",<none>,,"",true,false,false,false,"106145","106056.1","","","",true,PT_NEVER_BOARDED
"1836688",munich_resident,car,"other","home",58747.000,17910.184,86628.000,86172.000,entered link,142368.000,"419626",entered link,142368.000,"419626",false,false,false,false,"","","","","",true,CAR_NO_PROGRESS_OR_NETWORK_CLUSTER
"1842126",munich_resident,car,"other","home",59751.000,7633.027,108371.000,64429.000,entered link,130578.000,"16208",entered link,130578.000,"16208",false,false,false,false,"","","","","",true,CAR_NO_PROGRESS_OR_NETWORK_CLUSTER
"1844603",munich_resident,car,"other","home",55507.000,8881.693,100668.000,72132.000,entered link,142887.000,"419626",entered link,142887.000,"419626",false,false,false,false,"","","","","",true,CAR_NO_PROGRESS_OR_NETWORK_CLUSTER
"1849752",munich_resident,car,"home","other",68752.000,16103.564,68752.000,104048.000,entered link,131988.000,"419626",entered link,131988.000,"419626",false,false,false,false,"","","","","",true,CAR_NO_PROGRESS_OR_NETWORK_CLUSTER
"1849755",munich_resident,car,"other","home",73236.000,15620.449,119244.000,53556.000,entered link,123739.000,"453133",entered link,123739.000,"453133",false,false,false,false,"","","","","",true,CAR_NO_PROGRESS_OR_NETWORK_CLUSTER
"1849939",unresolved_background,car,"work","other",76741.000,23338.285,76741.000,96059.000,entered link,125638.000,"16208",entered link,125638.000,"16208",false,false,false,false,"","","","","",true,CAR_NO_PROGRESS_OR_NETWORK_CLUSTER
"1853769",munich_resident,pt,"shopping","home",69735.000,6885.986,71423.000,101377.000,waitingForPt,71423.000,"109040.1",<none>,,"",true,false,false,false,"109040.1","109343","","","",true,PT_NEVER_BOARDED
"185905",munich_resident,car,"work","home",59755.000,19646.113,59755.000,113045.000,entered link,150128.000,"419626",entered link,150128.000,"419626",false,false,false,false,"","","","","",true,CAR_NO_PROGRESS_OR_NETWORK_CLUSTER
"1864277",unresolved_background,car,"other","other",69416.000,15357.931,69416.000,103384.000,entered link,132476.000,"419626",entered link,132476.000,"419626",false,false,false,false,"","","","","",true,CAR_NO_PROGRESS_OR_NETWORK_CLUSTER
"1866867",munich_resident,car,"home","other",68069.000,10357.089,68069.000,104731.000,entered link,126548.000,"16208",entered link,126548.000,"16208",false,false,false,false,"","","","","",true,CAR_NO_PROGRESS_OR_NETWORK_CLUSTER
"1873519",munich_resident,pt,"other","home",5602.000,4412.295,88445.000,84355.000,waitingForPt,88445.000,"142509.5",<none>,,"",true,false,false,false,"142509.5","106046","","","",true,PT_NEVER_BOARDED
"1874200",munich_resident,pt,"other","home",6390.000,13035.671,77464.000,95336.000,waitingForPt,77464.000,"107408",<none>,,"",true,false,false,false,"107408","108970","","","",true,PT_NEVER_BOARDED
"1876980",munich_resident,car,"other","home",10715.000,7046.431,96725.000,76075.000,entered link,122073.000,"419626",entered link,122073.000,"419626",false,false,false,false,"","","","","",true,CAR_NO_PROGRESS_OR_NETWORK_CLUSTER
"1877026",munich_resident,car,"other","home",62584.000,13691.837,96584.000,76216.000,entered link,122302.000,"16208",entered link,122302.000,"16208",false,false,false,false,"","","","","",true,CAR_NO_PROGRESS_OR_NETWORK_CLUSTER
"1879119",unresolved_background,car,"other","other",80209.000,12150.354,80209.000,92591.000,entered link,129170.000,"419626",entered link,129170.000,"419626",false,false,false,false,"","","","","",true,CAR_NO_PROGRESS_OR_NETWORK_CLUSTER
"1879742",unresolved_background,car,"work","other",51359.000,8239.146,51359.000,121441.000,entered link,127057.000,"16208",entered link,127057.000,"16208",false,false,false,false,"","","","","",true,CAR_NO_PROGRESS_OR_NETWORK_CLUSTER
"1879874",munich_resident,car,"home","other",57072.000,11573.996,57072.000,115728.000,entered link,141604.000,"16208",entered link,141604.000,"16208",false,false,false,false,"","","","","",true,CAR_NO_PROGRESS_OR_NETWORK_CLUSTER
"1880236",munich_resident,pt,"other","home",5366.000,6521.013,71487.000,101313.000,waitingForPt,71487.000,"107837",<none>,,"",true,false,false,false,"107837","107351.1","","","",true,PT_NEVER_BOARDED
"1885936",munich_resident,pt,"shopping","home",11911.000,1407.132,68932.000,103868.000,waitingForPt,68932.000,"106690.1",<none>,,"",true,false,false,false,"106690.1","106214","","","",true,PT_NEVER_BOARDED
"1888068",unresolved_background,car,"other","other",56398.000,12937.720,56398.000,116402.000,entered link,138958.000,"419626",entered link,138958.000,"419626",false,false,false,false,"","","","","",true,CAR_NO_PROGRESS_OR_NETWORK_CLUSTER
"1888242",unresolved_background,car,"work","other",44835.000,23142.059,44835.000,127965.000,entered link,127554.000,"419626",entered link,127554.000,"419626",false,false,false,false,"","","","","",true,CAR_NO_PROGRESS_OR_NETWORK_CLUSTER
"1888353",unresolved_background,car,"work","other",60340.000,5890.311,60340.000,112460.000,entered link,140977.000,"16208",entered link,140977.000,"16208",false,false,false,false,"","","","","",true,CAR_NO_PROGRESS_OR_NETWORK_CLUSTER
"1889493",unresolved_background,car,"other","other",67276.000,9346.640,67276.000,105524.000,entered link,129926.000,"419626",entered link,129926.000,"419626",false,false,false,false,"","","","","",true,CAR_NO_PROGRESS_OR_NETWORK_CLUSTER
"189028",munich_resident,pt,"education","home",69600.000,156.780,108140.000,64660.000,waitingForPt,108140.000,"106437",<none>,,"",true,true,true,false,"106437","109957","tr_1241","XXX---162308_101","XXX---162308_101_0",true,PT_BOARDED_NOT_ARRIVED
"1892098",munich_resident,pt,"other","home",9127.000,1898.707,76652.000,96148.000,waitingForPt,76652.000,"108233",<none>,,"",true,false,false,false,"108233","106079.2","","","",true,PT_NEVER_BOARDED
"1892121",munich_resident,pt,"other","home",11029.000,5565.263,69124.000,103676.000,waitingForPt,69124.000,"106343.1",<none>,,"",true,false,false,false,"106343.1","108747","","","",true,PT_NEVER_BOARDED
"1894322",unresolved_background,car,"work","other",60364.000,13189.247,60364.000,112436.000,entered link,143366.000,"419626",entered link,143366.000,"419626",false,false,false,false,"","","","","",true,CAR_NO_PROGRESS_OR_NETWORK_CLUSTER
"1894396",munich_resident,car,"other","home",880.000,10150.727,101143.000,71657.000,entered link,119662.000,"453133",entered link,119662.000,"453133",false,false,false,false,"","","","","",true,CAR_NO_PROGRESS_OR_NETWORK_CLUSTER
"1898052",munich_resident,pt,"other","home",4590.000,3089.503,87346.000,85454.000,waitingForPt,87346.000,"108392",<none>,,"",true,false,false,false,"108392","106079.2","","","",true,PT_NEVER_BOARDED
"1899113",munich_resident,car,"other","home",75614.000,13670.158,95872.000,76928.000,entered link,121375.000,"16208",entered link,121375.000,"16208",false,false,false,false,"","","","","",true,CAR_NO_PROGRESS_OR_NETWORK_CLUSTER
"1900563",munich_resident,pt,"other","home",17520.000,4526.051,83626.000,89174.000,waitingForPt,83626.000,"107075.1",<none>,,"",true,true,true,false,"107075.1","107064","tr_39841","XXX---2271997_1","XXX---2271997_1_3",true,PT_BOARDED_NOT_ARRIVED
"190519",munich_resident,pt,"work","home",7812.000,6794.967,61381.000,111419.000,waitingForPt,61381.000,"109003",<none>,,"",true,false,false,false,"109003","106054","","","",true,PT_NEVER_BOARDED
"1908517",munich_resident,car,"other","home",82728.000,11679.270,99041.000,73759.000,entered link,123604.000,"453133",entered link,123604.000,"453133",false,false,false,false,"","","","","",true,CAR_NO_PROGRESS_OR_NETWORK_CLUSTER
"1909987",munich_resident,car,"other","home",62571.000,19906.269,93423.000,79377.000,entered link,131228.000,"16208",entered link,131228.000,"16208",false,false,false,false,"","","","","",true,CAR_NO_PROGRESS_OR_NETWORK_CLUSTER
"1911606",unresolved_background,car,"other","other",61358.000,13080.925,61358.000,111442.000,entered link,143605.000,"16208",entered link,143605.000,"16208",false,false,false,false,"","","","","",true,CAR_NO_PROGRESS_OR_NETWORK_CLUSTER
"1911841",munich_resident,car,"other","home",5852.000,4952.973,149226.000,23574.000,entered link,149384.000,"419626",entered link,149384.000,"419626",false,false,false,false,"","","","","",true,CAR_NO_PROGRESS_OR_NETWORK_CLUSTER
"1915484",munich_resident,car,"other","home",53934.000,13630.667,153263.000,19537.000,entered link,153626.000,"16208",entered link,153626.000,"16208",false,false,false,false,"","","","","",true,CAR_NO_PROGRESS_OR_NETWORK_CLUSTER
"1918467",munich_resident,car,"other","home",70582.000,8410.863,91060.000,81740.000,entered link,122128.000,"453133",entered link,122128.000,"453133",false,false,false,false,"","","","","",true,CAR_NO_PROGRESS_OR_NETWORK_CLUSTER
"193235",munich_resident,car,"work","home",61959.000,21074.767,61959.000,110841.000,entered link,156608.000,"419626",entered link,156608.000,"419626",false,false,false,false,"","","","","",true,CAR_NO_PROGRESS_OR_NETWORK_CLUSTER
"1932811",munich_resident,car,"shopping","home",58638.000,4275.730,71201.000,101599.000,entered link,119658.000,"16208",entered link,119658.000,"16208",false,false,false,false,"","","","","",true,CAR_NO_PROGRESS_OR_NETWORK_CLUSTER
"1933412",unresolved_background,car,"work","other",65799.000,7266.680,65799.000,107001.000,entered link,149076.000,"16208",entered link,149076.000,"16208",false,false,false,false,"","","","","",true,CAR_NO_PROGRESS_OR_NETWORK_CLUSTER
"1939773",munich_resident,car,"other","home",16453.000,5438.302,103265.000,69535.000,entered link,138378.000,"16208",entered link,138378.000,"16208",false,false,false,false,"","","","","",true,CAR_NO_PROGRESS_OR_NETWORK_CLUSTER
"1940018",munich_resident,car,"other","home",60579.000,7695.001,60579.000,112221.000,entered link,125853.000,"419626",entered link,125853.000,"419626",false,false,false,false,"","","","","",true,CAR_NO_PROGRESS_OR_NETWORK_CLUSTER
"1942900",munich_resident,car,"home","other",70021.000,5493.246,70021.000,102779.000,entered link,121218.000,"16208",entered link,121218.000,"16208",false,false,false,false,"","","","","",true,CAR_NO_PROGRESS_OR_NETWORK_CLUSTER
"1949903",unresolved_background,car,"work","other",60179.000,18423.910,60179.000,112621.000,entered link,143027.000,"419626",entered link,143027.000,"419626",false,false,false,false,"","","","","",true,CAR_NO_PROGRESS_OR_NETWORK_CLUSTER
"1950947",munich_resident,car,"other","home",74079.000,22408.063,109851.000,62949.000,entered link,130343.000,"419626",entered link,130343.000,"419626",false,false,false,false,"","","","","",true,CAR_NO_PROGRESS_OR_NETWORK_CLUSTER
"195118",munich_resident,car,"work","home",80647.000,13026.980,80647.000,92153.000,entered link,116062.000,"453133",entered link,116062.000,"453133",false,false,false,false,"","","","","",true,CAR_NO_PROGRESS_OR_NETWORK_CLUSTER
"1955769",munich_resident,car,"home","other",75172.000,13170.373,75172.000,97628.000,entered link,117493.000,"453133",entered link,117493.000,"453133",false,false,false,false,"","","","","",true,CAR_NO_PROGRESS_OR_NETWORK_CLUSTER
"195673",munich_resident,pt,"work","home",4620.000,2243.487,59083.000,113717.000,waitingForPt,59083.000,"106214",<none>,,"",true,true,true,false,"106214","108810","tr_3482","XXX---162462_109","XXX---162462_109_1",true,PT_BOARDED_NOT_ARRIVED
"1957681",munich_resident,car,"other","home",66905.000,17018.419,85266.000,87534.000,entered link,138007.000,"419626",entered link,138007.000,"419626",false,false,false,false,"","","","","",true,CAR_NO_PROGRESS_OR_NETWORK_CLUSTER
"195806",munich_resident,car,"work","home",6360.000,7841.932,132520.000,40280.000,entered link,141439.000,"419626",entered link,141439.000,"419626",false,false,false,false,"","","","","",true,CAR_NO_PROGRESS_OR_NETWORK_CLUSTER
"1958482",unresolved_background,car,"other","other",60478.000,16159.091,60478.000,112322.000,entered link,121943.000,"419626",entered link,121943.000,"419626",false,false,false,false,"","","","","",true,CAR_NO_PROGRESS_OR_NETWORK_CLUSTER
"195882",munich_resident,car,"work","home",79050.000,16707.887,79050.000,93750.000,entered link,132021.000,"419626",entered link,132021.000,"419626",false,false,false,false,"","","","","",true,CAR_NO_PROGRESS_OR_NETWORK_CLUSTER
"1959799",munich_resident,pt,"other","home",8065.000,4096.521,56664.000,116136.000,waitingForPt,56664.000,"106911",<none>,,"",true,false,false,false,"106911","106048","","","",true,PT_NEVER_BOARDED
"1960185",munich_resident,car,"other","home",56669.000,8429.384,93904.000,78896.000,entered link,135778.000,"16208",entered link,135778.000,"16208",false,false,false,false,"","","","","",true,CAR_NO_PROGRESS_OR_NETWORK_CLUSTER
"1966541",munich_resident,car,"home","other",57196.000,7230.784,57196.000,115604.000,entered link,136835.000,"419626",entered link,136835.000,"419626",false,false,false,false,"","","","","",true,CAR_NO_PROGRESS_OR_NETWORK_CLUSTER
"1971151",munich_resident,car,"other","home",63085.000,14629.567,107846.000,64954.000,entered link,139548.000,"16208",entered link,139548.000,"16208",false,false,false,false,"","","","","",true,CAR_NO_PROGRESS_OR_NETWORK_CLUSTER
"1973081",munich_resident,car,"other","home",74325.000,15064.845,83724.000,89076.000,entered link,161563.000,"16208",entered link,161563.000,"16208",false,false,false,false,"","","","","",true,CAR_NO_PROGRESS_OR_NETWORK_CLUSTER
"1979016",unresolved_background,car,"work","other",65516.000,22428.254,65516.000,107284.000,entered link,133496.000,"419626",entered link,133496.000,"419626",false,false,false,false,"","","","","",true,CAR_NO_PROGRESS_OR_NETWORK_CLUSTER
"199105",munich_resident,car,"work","home",57582.000,13675.326,57582.000,115218.000,entered link,144182.000,"419626",entered link,144182.000,"419626",false,false,false,false,"","","","","",true,CAR_NO_PROGRESS_OR_NETWORK_CLUSTER
"1998970",unresolved_background,car,"work","other",67299.000,7713.825,67299.000,105501.000,entered link,124147.000,"419626",entered link,124147.000,"419626",false,false,false,false,"","","","","",true,CAR_NO_PROGRESS_OR_NETWORK_CLUSTER
"1999088",munich_resident,car,"home","other",69444.000,12292.495,69444.000,103356.000,entered link,119788.000,"16208",entered link,119788.000,"16208",false,false,false,false,"","","","","",true,CAR_NO_PROGRESS_OR_NETWORK_CLUSTER
"2000319",munich_resident,car,"other","home",70406.000,9164.226,90767.000,82033.000,entered link,172791.000,"330505",entered link,172791.000,"330505",false,false,false,false,"","","","","",true,CAR_NO_PROGRESS_OR_NETWORK_CLUSTER
"2001376",munich_resident,car,"other","home",75833.000,3454.101,168289.000,4511.000,entered link,168409.000,"419626",entered link,168409.000,"419626",false,false,false,false,"","","","","",true,CAR_NO_PROGRESS_OR_NETWORK_CLUSTER
"200399",munich_resident,car,"work","home",69078.000,9196.124,167515.000,5285.000,entered link,167678.000,"16208",entered link,167678.000,"16208",false,false,false,false,"","","","","",true,CAR_NO_PROGRESS_OR_NETWORK_CLUSTER
"2005557",unresolved_background,car,"other","other",73995.000,10713.531,73995.000,98805.000,entered link,140265.000,"419626",entered link,140265.000,"419626",false,false,false,false,"","","","","",true,CAR_NO_PROGRESS_OR_NETWORK_CLUSTER
"2009198",munich_resident,car,"other","home",70579.000,7349.784,79396.000,93404.000,entered link,137114.000,"419626",entered link,137114.000,"419626",false,false,false,false,"","","","","",true,CAR_NO_PROGRESS_OR_NETWORK_CLUSTER
"2016100",unresolved_background,car,"other","other",66505.000,9452.296,66505.000,106295.000,entered link,146240.000,"419626",entered link,146240.000,"419626",false,false,false,false,"","","","","",true,CAR_NO_PROGRESS_OR_NETWORK_CLUSTER
"2017368",munich_resident,car,"home","other",72141.000,13943.957,72141.000,100659.000,entered link,125768.000,"16208",entered link,125768.000,"16208",false,false,false,false,"","","","","",true,CAR_NO_PROGRESS_OR_NETWORK_CLUSTER
"202024",munich_resident,pt,"education","home",2884.000,376.200,54534.000,118266.000,waitingForPt,54534.000,"106158",<none>,,"",true,false,false,false,"106158","106047.3","","","",true,PT_NEVER_BOARDED
"2022635",munich_resident,car,"home","other",52851.000,17147.982,52851.000,119949.000,entered link,133151.000,"419626",entered link,133151.000,"419626",false,false,false,false,"","","","","",true,CAR_NO_PROGRESS_OR_NETWORK_CLUSTER
"2025887",unresolved_background,car,"other","other",71277.000,6713.065,71277.000,101523.000,entered link,122648.000,"16208",entered link,122648.000,"16208",false,false,false,false,"","","","","",true,CAR_NO_PROGRESS_OR_NETWORK_CLUSTER
"2030213",munich_resident,car,"other","home",58645.000,10071.017,58645.000,114155.000,entered link,139374.000,"419626",entered link,139374.000,"419626",false,false,false,false,"","","","","",true,CAR_NO_PROGRESS_OR_NETWORK_CLUSTER
"203137",munich_resident,pt,"work","home",6814.000,1728.692,62917.000,109883.000,waitingForPt,62917.000,"107469",<none>,,"",true,false,false,false,"107469","106355.1","","","",true,PT_NEVER_BOARDED
"2032606",munich_resident,car,"home","other",49890.000,13821.747,49890.000,122910.000,entered link,135517.000,"419626",entered link,135517.000,"419626",false,false,false,false,"","","","","",true,CAR_NO_PROGRESS_OR_NETWORK_CLUSTER
"2033330",unresolved_background,car,"other","other",69545.000,7314.348,69545.000,103255.000,entered link,126007.000,"419626",entered link,126007.000,"419626",false,false,false,false,"","","","","",true,CAR_NO_PROGRESS_OR_NETWORK_CLUSTER
"2037918",unresolved_background,car,"other","other",72690.000,12846.549,72690.000,100110.000,entered link,135448.000,"419626",entered link,135448.000,"419626",false,false,false,false,"","","","","",true,CAR_NO_PROGRESS_OR_NETWORK_CLUSTER
"2038096",munich_resident,car,"home","other",56923.000,6937.009,56923.000,115877.000,entered link,137728.000,"16208",entered link,137728.000,"16208",false,false,false,false,"","","","","",true,CAR_NO_PROGRESS_OR_NETWORK_CLUSTER
"2039658",munich_resident,pt,"other","home",53907.000,7175.187,54252.000,118548.000,waitingForPt,54252.000,"108933",<none>,,"",true,false,false,false,"108933","106104.2","","","",true,PT_NEVER_BOARDED
"2040436",munich_resident,pt,"other","home",3691.000,3459.416,70532.000,102268.000,waitingForPt,70532.000,"108605",<none>,,"",true,false,false,false,"108605","108564.2","","","",true,PT_NEVER_BOARDED
"2043566",unresolved_background,car,"other","other",59746.000,11759.645,59746.000,113054.000,entered link,125898.000,"16208",entered link,125898.000,"16208",false,false,false,false,"","","","","",true,CAR_NO_PROGRESS_OR_NETWORK_CLUSTER
"2047168",munich_resident,pt,"other","home",13336.000,3694.046,68083.000,104717.000,waitingForPt,68083.000,"106467",<none>,,"",true,false,false,false,"106467","107350","","","",true,PT_NEVER_BOARDED
"2048210",munich_resident,pt,"other","home",4550.000,5216.492,75161.000,97639.000,waitingForPt,75161.000,"107547",<none>,,"",true,false,false,false,"107547","108850","","","",true,PT_NEVER_BOARDED
"2049798",munich_resident,pt,"other","home",12298.000,2381.594,88559.000,84241.000,waitingForPt,88559.000,"108342",<none>,,"",true,false,false,false,"108342","106433","","","",true,PT_NEVER_BOARDED
"2053967",munich_resident,car,"other","home",57946.000,5961.409,75357.000,97443.000,entered link,122749.000,"419626",entered link,122749.000,"419626",false,false,false,false,"","","","","",true,CAR_NO_PROGRESS_OR_NETWORK_CLUSTER
"2054566",munich_resident,car,"home","other",60453.000,9226.945,60453.000,112347.000,entered link,142618.000,"16208",entered link,142618.000,"16208",false,false,false,false,"","","","","",true,CAR_NO_PROGRESS_OR_NETWORK_CLUSTER
"2055689",unresolved_background,car,"other","other",54202.000,6768.542,54202.000,118598.000,entered link,133048.000,"16208",entered link,133048.000,"16208",false,false,false,false,"","","","","",true,CAR_NO_PROGRESS_OR_NETWORK_CLUSTER
"2056071",munich_resident,car,"other","home",70498.000,17875.415,98934.000,73866.000,entered link,119086.000,"453133",entered link,119086.000,"453133",false,false,false,false,"","","","","",true,CAR_NO_PROGRESS_OR_NETWORK_CLUSTER
"2059783",munich_resident,pt,"other","home",1993.000,4466.987,68756.000,104044.000,waitingForPt,68756.000,"108276",<none>,,"",true,false,false,false,"108276","106079.2","","","",true,PT_NEVER_BOARDED
"2063569",munich_resident,car,"other","home",65879.000,14268.258,146244.000,26556.000,entered link,146669.000,"419626",entered link,146669.000,"419626",false,false,false,false,"","","","","",true,CAR_NO_PROGRESS_OR_NETWORK_CLUSTER
"2064955",munich_resident,car,"other","home",67570.000,19037.558,67923.000,104877.000,entered link,131681.000,"419626",entered link,131681.000,"419626",false,false,false,false,"","","","","",true,CAR_NO_PROGRESS_OR_NETWORK_CLUSTER
"2067111",munich_resident,car,"shopping","home",53306.000,17403.974,82811.000,89989.000,entered link,137464.000,"419626",entered link,137464.000,"419626",false,false,false,false,"","","","","",true,CAR_NO_PROGRESS_OR_NETWORK_CLUSTER
"2076384",munich_resident,car,"other","home",83950.000,11106.412,116775.000,56025.000,entered link,133958.000,"16208",entered link,133958.000,"16208",false,false,false,false,"","","","","",true,CAR_NO_PROGRESS_OR_NETWORK_CLUSTER
"2077942",munich_resident,car,"shopping","home",58903.000,9199.005,71777.000,101023.000,entered link,127785.000,"419626",entered link,127785.000,"419626",false,false,false,false,"","","","","",true,CAR_NO_PROGRESS_OR_NETWORK_CLUSTER
"2082556",munich_resident,pt,"other","home",4639.000,1944.820,69858.000,102942.000,waitingForPt,69858.000,"106208",<none>,,"",true,false,false,false,"106208","106053","","","",true,PT_NEVER_BOARDED
"2083314",munich_resident,car,"other","home",67718.000,12982.511,94262.000,78538.000,entered link,120268.000,"16208",entered link,120268.000,"16208",false,false,false,false,"","","","","",true,CAR_NO_PROGRESS_OR_NETWORK_CLUSTER
"2085925",munich_resident,car,"home","other",71493.000,20950.544,71493.000,101307.000,entered link,166040.000,"419626",entered link,166040.000,"419626",false,false,false,false,"","","","","",true,CAR_NO_PROGRESS_OR_NETWORK_CLUSTER
"2088010",munich_resident,car,"home","other",76107.000,17823.298,76107.000,96693.000,entered link,122254.000,"453133",entered link,122254.000,"453133",false,false,false,false,"","","","","",true,CAR_NO_PROGRESS_OR_NETWORK_CLUSTER
"2089199",munich_resident,car,"shopping","home",55992.000,8166.451,85597.000,87203.000,entered link,158536.000,"16208",entered link,158536.000,"16208",false,false,false,false,"","","","","",true,CAR_NO_PROGRESS_OR_NETWORK_CLUSTER
"2096908",munich_resident,car,"other","home",68350.000,14407.618,154890.000,17910.000,entered link,155426.000,"16208",entered link,155426.000,"16208",false,false,false,false,"","","","","",true,CAR_NO_PROGRESS_OR_NETWORK_CLUSTER
"210288",munich_resident,car,"work","home",63488.000,15957.011,63488.000,109312.000,entered link,148897.000,"16208",entered link,148897.000,"16208",false,false,false,false,"","","","","",true,CAR_NO_PROGRESS_OR_NETWORK_CLUSTER
"2103385",munich_resident,car,"other","home",80411.000,6680.137,101845.000,70955.000,entered link,138889.000,"419626",entered link,138889.000,"419626",false,false,false,false,"","","","","",true,CAR_NO_PROGRESS_OR_NETWORK_CLUSTER
"2103565",munich_resident,pt,"other","home",67125.000,13279.825,68093.000,104707.000,waitingForPt,68093.000,"12799.4",<none>,,"",true,true,true,false,"12799.4","106108.2","tr_34055","XXX---2268802_3","XXX---2268802_3_1",true,PT_BOARDED_NOT_ARRIVED
"2104731",munich_resident,car,"home","other",59849.000,5722.332,59849.000,112951.000,entered link,127588.000,"16208",entered link,127588.000,"16208",false,false,false,false,"","","","","",true,CAR_NO_PROGRESS_OR_NETWORK_CLUSTER
"2107",regional_background,pt,"education","home",48390.000,67759.079,63825.000,108975.000,waitingForPt,63825.000,"142500.1",<none>,,"",true,true,true,false,"142500.1","102028.7","tr_43935","XXX---2272016_0","XXX---2272016_0_0",true,PT_BOARDED_NOT_ARRIVED
"2107668",munich_resident,car,"other","home",54733.000,15684.204,85805.000,86995.000,entered link,120940.000,"453133",entered link,120940.000,"453133",false,false,false,false,"","","","","",true,CAR_NO_PROGRESS_OR_NETWORK_CLUSTER
"2113951",munich_resident,car,"shopping","home",3725.000,6864.333,104082.000,68718.000,entered link,138508.000,"16208",entered link,138508.000,"16208",false,false,false,false,"","","","","",true,CAR_NO_PROGRESS_OR_NETWORK_CLUSTER
"2115685",unresolved_background,car,"other","other",59908.000,20369.177,59908.000,112892.000,entered link,166760.000,"419626",entered link,166760.000,"419626",false,false,false,false,"","","","","",true,CAR_NO_PROGRESS_OR_NETWORK_CLUSTER
"2118815",munich_resident,car,"home","other",66624.000,17567.600,66624.000,106176.000,entered link,134101.000,"419626",entered link,134101.000,"419626",false,false,false,false,"","","","","",true,CAR_NO_PROGRESS_OR_NETWORK_CLUSTER
"212373",munich_resident,car,"work","home",48986.000,19707.651,48986.000,123814.000,entered link,130413.000,"419626",entered link,130413.000,"419626",false,false,false,false,"","","","","",true,CAR_NO_PROGRESS_OR_NETWORK_CLUSTER
"212389",munich_resident,pt,"work","home",5640.000,7087.920,54744.000,118056.000,waitingForPt,54744.000,"106055",<none>,,"",true,true,true,false,"106055","109252","tr_2799","XXX---162456_109","XXX---162456_109_11",true,PT_BOARDED_NOT_ARRIVED
"2125694",unresolved_background,car,"other","other",56408.000,10923.028,56408.000,116392.000,entered link,147169.000,"16208",entered link,147169.000,"16208",false,false,false,false,"","","","","",true,CAR_NO_PROGRESS_OR_NETWORK_CLUSTER
"2130164",munich_resident,car,"other","home",68173.000,10571.005,70944.000,101856.000,entered link,116628.000,"453133",entered link,116628.000,"453133",false,false,false,false,"","","","","",true,CAR_NO_PROGRESS_OR_NETWORK_CLUSTER
"213420",munich_resident,car,"work","home",66456.000,6773.968,66456.000,106344.000,entered link,132788.000,"16208",entered link,132788.000,"16208",false,false,false,false,"","","","","",true,CAR_NO_PROGRESS_OR_NETWORK_CLUSTER
"2134406",unresolved_background,car,"other","other",69515.000,18944.346,69515.000,103285.000,entered link,167979.000,"419626",entered link,167979.000,"419626",false,false,false,false,"","","","","",true,CAR_NO_PROGRESS_OR_NETWORK_CLUSTER
"2134947",unresolved_background,car,"other","other",64830.000,9057.393,64830.000,107970.000,entered link,132605.000,"419626",entered link,132605.000,"419626",false,false,false,false,"","","","","",true,CAR_NO_PROGRESS_OR_NETWORK_CLUSTER
"2137182",munich_resident,pt,"other","home",2399.000,8383.663,91303.000,81497.000,waitingForPt,91303.000,"107826",<none>,,"",true,false,false,false,"107826","106480","","","",true,PT_NEVER_BOARDED
"2139801",munich_resident,pt,"other","home",71763.000,1357.479,73134.000,99666.000,waitingForPt,73134.000,"109243",<none>,,"",true,false,false,false,"109243","106109","","","",true,PT_NEVER_BOARDED
"2141910",munich_resident,pt,"other","home",6413.000,7366.851,69219.000,103581.000,waitingForPt,69219.000,"109366",<none>,,"",true,false,false,false,"109366","106050","","","",true,PT_NEVER_BOARDED
"2144084",munich_resident,car,"home","other",68779.000,16782.889,68779.000,104021.000,entered link,124468.000,"16208",entered link,124468.000,"16208",false,false,false,false,"","","","","",true,CAR_NO_PROGRESS_OR_NETWORK_CLUSTER
"214611",munich_resident,pt,"work","home",7414.000,2125.878,79340.000,93460.000,waitingForPt,79340.000,"109345",<none>,,"",true,false,false,false,"109345","108775","","","",true,PT_NEVER_BOARDED
"2146122",munich_resident,car,"other","home",57430.000,10185.683,82825.000,89975.000,entered link,172788.000,"271999",entered link,172788.000,"271999",false,false,false,false,"","","","","",true,CAR_NO_PROGRESS_OR_NETWORK_CLUSTER
"214880",munich_resident,pt,"work","home",5431.000,6476.137,58508.000,114292.000,waitingForPt,58508.000,"107945",<none>,,"",true,false,false,false,"107945","106047.3","","","",true,PT_NEVER_BOARDED
"2149554",munich_resident,car,"home","other",48259.000,17293.226,48259.000,124541.000,entered link,124892.000,"419626",entered link,124892.000,"419626",false,false,false,false,"","","","","",true,CAR_NO_PROGRESS_OR_NETWORK_CLUSTER
"2149722",unresolved_background,car,"other","other",64287.000,16277.630,64287.000,108513.000,entered link,161600.000,"419626",entered link,161600.000,"419626",false,false,false,false,"","","","","",true,CAR_NO_PROGRESS_OR_NETWORK_CLUSTER
"2150076",munich_resident,car,"other","home",76655.000,13561.626,108982.000,63818.000,entered link,129487.000,"16208",entered link,129487.000,"16208",false,false,false,false,"","","","","",true,CAR_NO_PROGRESS_OR_NETWORK_CLUSTER
"2153801",munich_resident,car,"home","other",71270.000,5914.437,71270.000,101530.000,entered link,123428.000,"16208",entered link,123428.000,"16208",false,false,false,false,"","","","","",true,CAR_NO_PROGRESS_OR_NETWORK_CLUSTER
"2153827",munich_resident,pt,"other","home",10458.000,3953.513,86869.000,85931.000,waitingForPt,86869.000,"109917",<none>,,"",true,false,false,false,"109917","106948.1","","","",true,PT_NEVER_BOARDED
"2169187",munich_resident,car,"home","other",68165.000,9868.412,68165.000,104635.000,entered link,124959.000,"419626",entered link,124959.000,"419626",false,false,false,false,"","","","","",true,CAR_NO_PROGRESS_OR_NETWORK_CLUSTER
"2169766",munich_resident,car,"other","home",78042.000,21437.161,111555.000,61245.000,entered link,132528.000,"16208",entered link,132528.000,"16208",false,false,false,false,"","","","","",true,CAR_NO_PROGRESS_OR_NETWORK_CLUSTER
"2171583",munich_resident,pt,"other","home",9492.000,4717.637,75079.000,97721.000,waitingForPt,75079.000,"106691",<none>,,"",true,false,false,false,"106691","107350","","","",true,PT_NEVER_BOARDED
"2172352",munich_resident,car,"other","home",57919.000,19530.463,103570.000,69230.000,entered link,120130.000,"453133",entered link,120130.000,"453133",false,false,false,false,"","","","","",true,CAR_NO_PROGRESS_OR_NETWORK_CLUSTER
"2174569",munich_resident,pt,"other","home",11207.000,11065.475,70035.000,102765.000,waitingForPt,70035.000,"109251.1",<none>,,"",true,false,false,false,"109251.1","107257","","","",true,PT_NEVER_BOARDED
"2177112",munich_resident,pt,"other","home",70333.000,5116.215,73680.000,99120.000,waitingForPt,73680.000,"106688",<none>,,"",true,false,false,false,"106688","106831","","","",true,PT_NEVER_BOARDED
"2181335",munich_resident,pt,"other","home",3840.000,9526.657,73332.000,99468.000,waitingForPt,73332.000,"106053",<none>,,"",true,true,true,false,"106053","107418","tr_2652","XXX---162455_109","XXX---162455_109_15",true,PT_BOARDED_NOT_ARRIVED
"2181703",munich_resident,car,"home","other",72324.000,9735.551,72324.000,100476.000,entered link,122778.000,"16208",entered link,122778.000,"16208",false,false,false,false,"","","","","",true,CAR_NO_PROGRESS_OR_NETWORK_CLUSTER
"2185077",munich_resident,car,"other","home",54241.000,14838.015,54241.000,118559.000,entered link,136428.000,"16208",entered link,136428.000,"16208",false,false,false,false,"","","","","",true,CAR_NO_PROGRESS_OR_NETWORK_CLUSTER
"2191539",unresolved_background,car,"work","other",64366.000,16257.607,64366.000,108434.000,entered link,150008.000,"419626",entered link,150008.000,"419626",false,false,false,false,"","","","","",true,CAR_NO_PROGRESS_OR_NETWORK_CLUSTER
"2194097",munich_resident,car,"other","home",72421.000,12062.945,77895.000,94905.000,entered link,122148.000,"453133",entered link,122148.000,"453133",false,false,false,false,"","","","","",true,CAR_NO_PROGRESS_OR_NETWORK_CLUSTER
"2197843",munich_resident,car,"home","other",58407.000,9697.352,58407.000,114393.000,entered link,141508.000,"419626",entered link,141508.000,"419626",false,false,false,false,"","","","","",true,CAR_NO_PROGRESS_OR_NETWORK_CLUSTER
"2198562",munich_resident,pt,"other","home",52423.000,2661.542,55588.000,117212.000,waitingForPt,55588.000,"12817.3",<none>,,"",true,false,false,false,"12817.3","12795.6","","","",true,PT_NEVER_BOARDED
"2206990",munich_resident,pt,"other","home",9834.000,6456.540,87347.000,85453.000,waitingForPt,87347.000,"108544",<none>,,"",true,false,false,false,"108544","106276","","","",true,PT_NEVER_BOARDED
"2208562",unresolved_background,car,"other","other",54049.000,15662.776,54049.000,118751.000,entered link,135991.000,"419626",entered link,135991.000,"419626",false,false,false,false,"","","","","",true,CAR_NO_PROGRESS_OR_NETWORK_CLUSTER
"2209873",munich_resident,car,"shopping","home",50106.000,6413.476,87209.000,85591.000,entered link,138214.000,"419626",entered link,138214.000,"419626",false,false,false,false,"","","","","",true,CAR_NO_PROGRESS_OR_NETWORK_CLUSTER
"221471",munich_resident,car,"work","home",61840.000,9846.137,61840.000,110960.000,entered link,118098.000,"16208",entered link,118098.000,"16208",false,false,false,false,"","","","","",true,CAR_NO_PROGRESS_OR_NETWORK_CLUSTER
"2215602",unresolved_background,car,"other","other",62948.000,17690.714,62948.000,109852.000,entered link,147697.000,"16208",entered link,147697.000,"16208",false,false,false,false,"","","","","",true,CAR_NO_PROGRESS_OR_NETWORK_CLUSTER
"2215862",unresolved_background,car,"other","other",56050.000,18801.923,56050.000,116750.000,entered link,140956.000,"419626",entered link,140956.000,"419626",false,false,false,false,"","","","","",true,CAR_NO_PROGRESS_OR_NETWORK_CLUSTER
"2216147",unresolved_background,car,"other","other",69957.000,12947.433,69957.000,102843.000,entered link,120698.000,"16208",entered link,120698.000,"16208",false,false,false,false,"","","","","",true,CAR_NO_PROGRESS_OR_NETWORK_CLUSTER
"2216477",unresolved_background,car,"other","other",64807.000,24739.672,64807.000,107993.000,entered link,128501.000,"419626",entered link,128501.000,"419626",false,false,false,false,"","","","","",true,CAR_NO_PROGRESS_OR_NETWORK_CLUSTER
"2218524",munich_resident,car,"home","other",69762.000,9050.790,69762.000,103038.000,entered link,128758.000,"16208",entered link,128758.000,"16208",false,false,false,false,"","","","","",true,CAR_NO_PROGRESS_OR_NETWORK_CLUSTER
"2225491",munich_resident,car,"other","home",64681.000,18849.431,89085.000,83715.000,entered link,138820.000,"419626",entered link,138820.000,"419626",false,false,false,false,"","","","","",true,CAR_NO_PROGRESS_OR_NETWORK_CLUSTER
"2226614",munich_resident,car,"home","other",71323.000,10868.327,71323.000,101477.000,entered link,117588.000,"453133",entered link,117588.000,"453133",false,false,false,false,"","","","","",true,CAR_NO_PROGRESS_OR_NETWORK_CLUSTER
"2228440",unresolved_background,car,"work","other",62708.000,14243.472,62708.000,110092.000,entered link,125363.000,"419626",entered link,125363.000,"419626",false,false,false,false,"","","","","",true,CAR_NO_PROGRESS_OR_NETWORK_CLUSTER
"2229242",munich_resident,car,"home","other",78534.000,10132.427,78534.000,94266.000,entered link,126418.000,"16208",entered link,126418.000,"16208",false,false,false,false,"","","","","",true,CAR_NO_PROGRESS_OR_NETWORK_CLUSTER
"2232750",munich_resident,car,"other","home",73489.000,6007.018,114875.000,57925.000,entered link,132877.000,"16208",entered link,132877.000,"16208",false,false,false,false,"","","","","",true,CAR_NO_PROGRESS_OR_NETWORK_CLUSTER
"2237460",munich_resident,pt,"other","home",13121.000,1459.704,73060.000,99740.000,waitingForPt,73060.000,"109548.1",<none>,,"",true,false,false,false,"109548.1","109664","","","",true,PT_NEVER_BOARDED
"2239729",munich_resident,car,"other","home",295.000,7146.158,74553.000,98247.000,entered link,129687.000,"419626",entered link,129687.000,"419626",false,false,false,false,"","","","","",true,CAR_NO_PROGRESS_OR_NETWORK_CLUSTER
"2240708",munich_resident,pt,"other","home",84660.000,8550.320,87052.000,85748.000,waitingForPt,87052.000,"106108",<none>,,"",true,true,true,false,"106108","106946","tr_3608","XXX---162462_109","XXX---162462_109_26",true,PT_BOARDED_NOT_ARRIVED
"2243117",munich_resident,car,"other","home",84592.000,13462.727,119601.000,53199.000,entered link,123820.000,"453133",entered link,123820.000,"453133",false,false,false,false,"","","","","",true,CAR_NO_PROGRESS_OR_NETWORK_CLUSTER
"2243864",munich_resident,car,"home","other",61627.000,15141.835,61627.000,111173.000,entered link,170089.000,"16208",entered link,170089.000,"16208",false,false,false,false,"","","","","",true,CAR_NO_PROGRESS_OR_NETWORK_CLUSTER
"2244347",munich_resident,car,"other","home",73254.000,7512.869,76388.000,96412.000,entered link,123921.000,"419626",entered link,123921.000,"419626",false,false,false,false,"","","","","",true,CAR_NO_PROGRESS_OR_NETWORK_CLUSTER
"2245776",unresolved_background,car,"work","other",44484.000,15399.877,44484.000,128316.000,entered link,126567.000,"419626",entered link,126567.000,"419626",false,false,false,false,"","","","","",true,CAR_NO_PROGRESS_OR_NETWORK_CLUSTER
"2247415",unresolved_background,car,"work","other",62252.000,17571.606,62252.000,110548.000,entered link,166520.000,"419626",entered link,166520.000,"419626",false,false,false,false,"","","","","",true,CAR_NO_PROGRESS_OR_NETWORK_CLUSTER
"2247820",munich_resident,car,"other","home",45862.000,15230.063,125891.000,46909.000,entered link,136168.000,"16208",entered link,136168.000,"16208",false,false,false,false,"","","","","",true,CAR_NO_PROGRESS_OR_NETWORK_CLUSTER
"2255933",munich_resident,car,"other","home",62573.000,11283.101,154306.000,18494.000,entered link,154680.000,"419626",entered link,154680.000,"419626",false,false,false,false,"","","","","",true,CAR_NO_PROGRESS_OR_NETWORK_CLUSTER
"2261602",munich_resident,car,"other","home",77065.000,13351.670,106196.000,66604.000,entered link,128122.000,"16208",entered link,128122.000,"16208",false,false,false,false,"","","","","",true,CAR_NO_PROGRESS_OR_NETWORK_CLUSTER
"226253",munich_resident,pt,"education","home",4455.000,1425.190,60122.000,112678.000,waitingForPt,60122.000,"106150",<none>,,"",true,false,false,false,"106150","106056.1","","","",true,PT_NEVER_BOARDED
"2262808",munich_resident,pt,"shopping","home",72521.000,1293.957,72907.000,99893.000,waitingForPt,72907.000,"109702.1",<none>,,"",true,false,false,false,"109702.1","109676.1","","","",true,PT_NEVER_BOARDED
"2263266",munich_resident,car,"home","other",73963.000,13503.324,73963.000,98837.000,entered link,123948.000,"16208",entered link,123948.000,"16208",false,false,false,false,"","","","","",true,CAR_NO_PROGRESS_OR_NETWORK_CLUSTER
"2266134",munich_resident,pt,"other","home",73920.000,9070.806,78685.000,94115.000,waitingForPt,78685.000,"106061",<none>,,"",true,true,true,false,"106061","107343","tr_2778","XXX---162456_109","XXX---162456_109_11",true,PT_BOARDED_NOT_ARRIVED
"2269452",munich_resident,car,"other","home",78763.000,4944.486,78763.000,94037.000,entered link,132398.000,"16208",entered link,132398.000,"16208",false,false,false,false,"","","","","",true,CAR_NO_PROGRESS_OR_NETWORK_CLUSTER
"2275110",munich_resident,car,"home","other",68633.000,6995.291,68633.000,104167.000,entered link,128551.000,"16208",entered link,128551.000,"16208",false,false,false,false,"","","","","",true,CAR_NO_PROGRESS_OR_NETWORK_CLUSTER
"2280581",munich_resident,car,"other","home",2401.000,6756.317,95730.000,77070.000,entered link,121161.000,"419626",entered link,121161.000,"419626",false,false,false,false,"","","","","",true,CAR_NO_PROGRESS_OR_NETWORK_CLUSTER
"2285589",munich_resident,car,"shopping","home",61790.000,11763.928,154336.000,18464.000,entered link,154541.000,"419626",entered link,154541.000,"419626",false,false,false,false,"","","","","",true,CAR_NO_PROGRESS_OR_NETWORK_CLUSTER
"2289834",munich_resident,pt,"other","home",1216.000,4096.521,61653.000,111147.000,waitingForPt,61653.000,"106911",<none>,,"",true,false,false,false,"106911","106048","","","",true,PT_NEVER_BOARDED
"2289873",unresolved_background,car,"work","other",69494.000,11466.970,69494.000,103306.000,entered link,126521.000,"419626",entered link,126521.000,"419626",false,false,false,false,"","","","","",true,CAR_NO_PROGRESS_OR_NETWORK_CLUSTER
"2289920",munich_resident,car,"other","home",81239.000,8508.738,112505.000,60295.000,entered link,142456.000,"16208",entered link,142456.000,"16208",false,false,false,false,"","","","","",true,CAR_NO_PROGRESS_OR_NETWORK_CLUSTER
"2294894",munich_resident,car,"other","home",52691.000,4873.084,75235.000,97565.000,entered link,134800.000,"16208",entered link,134800.000,"16208",false,false,false,false,"","","","","",true,CAR_NO_PROGRESS_OR_NETWORK_CLUSTER
"2296343",munich_resident,pt,"other","home",11740.000,2590.595,71930.000,100870.000,waitingForPt,71930.000,"108318",<none>,,"",true,false,false,false,"108318","108522","","","",true,PT_NEVER_BOARDED
"2298886",munich_resident,car,"other","home",78824.000,15831.254,111109.000,61691.000,entered link,132268.000,"16208",entered link,132268.000,"16208",false,false,false,false,"","","","","",true,CAR_NO_PROGRESS_OR_NETWORK_CLUSTER
"2304735",munich_resident,pt,"other","home",5640.000,1350.729,84792.000,88008.000,waitingForPt,84792.000,"106053",<none>,,"",true,true,true,false,"106053","106530.1","tr_3457","XXX---162461_109","XXX---162461_109_23",true,PT_BOARDED_NOT_ARRIVED
"2307933",munich_resident,car,"other","home",84934.000,11493.465,119513.000,53287.000,entered link,134868.000,"16208",entered link,134868.000,"16208",false,false,false,false,"","","","","",true,CAR_NO_PROGRESS_OR_NETWORK_CLUSTER
"2308466",munich_resident,pt,"other","home",20280.000,1805.719,87989.000,84811.000,waitingForPt,87989.000,"106090",<none>,,"",true,true,true,false,"106090","106551","tr_39359","XXX---2271995_1","XXX---2271995_1_7",true,PT_BOARDED_NOT_ARRIVED
"231814",munich_resident,pt,"work","home",4036.000,3274.459,55530.000,117270.000,waitingForPt,55530.000,"106737",<none>,,"",true,false,false,false,"106737","106056.1","","","",true,PT_NEVER_BOARDED
"2318151",munich_resident,pt,"other","home",2123.000,8309.956,85701.000,87099.000,waitingForPt,85701.000,"106127.1",<none>,,"",true,false,false,false,"106127.1","106050","","","",true,PT_NEVER_BOARDED
"2320796",unresolved_background,car,"work","other",49298.000,5267.927,49298.000,123502.000,entered link,127068.000,"16208",entered link,127068.000,"16208",false,false,false,false,"","","","","",true,CAR_NO_PROGRESS_OR_NETWORK_CLUSTER
"2324028",unresolved_background,car,"other","other",60488.000,7207.550,60488.000,112312.000,entered link,172799.000,"126126",entered link,172799.000,"126126",false,false,false,false,"","","","","",true,CAR_NO_PROGRESS_OR_NETWORK_CLUSTER
"232567",munich_resident,car,"work","home",65466.000,19654.466,65466.000,107334.000,entered link,154610.000,"419626",entered link,154610.000,"419626",false,false,false,false,"","","","","",true,CAR_NO_PROGRESS_OR_NETWORK_CLUSTER
"2329536",munich_resident,car,"other","home",2945.000,7629.246,118794.000,54006.000,entered link,148936.000,"16208",entered link,148936.000,"16208",false,false,false,false,"","","","","",true,CAR_NO_PROGRESS_OR_NETWORK_CLUSTER
"2330575",munich_resident,car,"home","other",52153.000,18917.657,52153.000,120647.000,entered link,133081.000,"419626",entered link,133081.000,"419626",false,false,false,false,"","","","","",true,CAR_NO_PROGRESS_OR_NETWORK_CLUSTER
"2337010",munich_resident,car,"other","home",58920.000,12411.134,82433.000,90367.000,entered link,118573.000,"453133",entered link,118573.000,"453133",false,false,false,false,"","","","","",true,CAR_NO_PROGRESS_OR_NETWORK_CLUSTER
"2341859",unresolved_background,car,"other","other",75793.000,12329.831,75793.000,97007.000,entered link,127848.000,"16208",entered link,127848.000,"16208",false,false,false,false,"","","","","",true,CAR_NO_PROGRESS_OR_NETWORK_CLUSTER
"2347559",munich_resident,pt,"other","home",29523.000,996.009,72660.000,100140.000,waitingForPt,72660.000,"106665",<none>,,"",true,false,false,false,"106665","183120","","","",true,PT_NEVER_BOARDED
"2356048",unresolved_background,car,"other","other",68300.000,4966.417,68300.000,104500.000,entered link,127415.000,"419626",entered link,127415.000,"419626",false,false,false,false,"","","","","",true,CAR_NO_PROGRESS_OR_NETWORK_CLUSTER
"2359653",unresolved_background,car,"other","other",64405.000,13417.370,64405.000,108395.000,entered link,150368.000,"419626",entered link,150368.000,"419626",false,false,false,false,"","","","","",true,CAR_NO_PROGRESS_OR_NETWORK_CLUSTER
"2365369",munich_resident,car,"other","home",4512.000,4177.442,95015.000,77785.000,entered link,141026.000,"16208",entered link,141026.000,"16208",false,false,false,false,"","","","","",true,CAR_NO_PROGRESS_OR_NETWORK_CLUSTER
"2367645",munich_resident,car,"other","home",2281.000,3275.985,104424.000,68376.000,entered link,127458.000,"16208",entered link,127458.000,"16208",false,false,false,false,"","","","","",true,CAR_NO_PROGRESS_OR_NETWORK_CLUSTER
"2370702",munich_resident,car,"other","home",86128.000,17691.215,117589.000,55211.000,entered link,134446.000,"419626",entered link,134446.000,"419626",false,false,false,false,"","","","","",true,CAR_NO_PROGRESS_OR_NETWORK_CLUSTER
"2372548",munich_resident,car,"other","home",74254.000,23953.268,101191.000,71609.000,entered link,123910.000,"453133",entered link,123910.000,"453133",false,false,false,false,"","","","","",true,CAR_NO_PROGRESS_OR_NETWORK_CLUSTER
"2377546",munich_resident,car,"other","home",61944.000,24282.789,111060.000,61740.000,entered link,120985.000,"453133",entered link,120985.000,"453133",false,false,false,false,"","","","","",true,CAR_NO_PROGRESS_OR_NETWORK_CLUSTER
"237862",munich_resident,car,"work","home",62749.000,11199.845,62749.000,110051.000,entered link,131441.000,"419626",entered link,131441.000,"419626",false,false,false,false,"","","","","",true,CAR_NO_PROGRESS_OR_NETWORK_CLUSTER
"2381696",munich_resident,car,"other","home",57634.000,10139.373,161033.000,11767.000,entered link,161224.000,"16208",entered link,161224.000,"16208",false,false,false,false,"","","","","",true,CAR_NO_PROGRESS_OR_NETWORK_CLUSTER
"2384045",munich_resident,car,"shopping","home",42171.000,13389.756,87490.000,85310.000,entered link,138681.000,"419626",entered link,138681.000,"419626",false,false,false,false,"","","","","",true,CAR_NO_PROGRESS_OR_NETWORK_CLUSTER
"2388921",munich_resident,car,"home","other",58326.000,14187.999,58326.000,114474.000,entered link,159217.000,"16208",entered link,159217.000,"16208",false,false,false,false,"","","","","",true,CAR_NO_PROGRESS_OR_NETWORK_CLUSTER
"239030",munich_resident,car,"work","home",78511.000,7358.586,78511.000,94289.000,entered link,115774.000,"453133",entered link,115774.000,"453133",false,false,false,false,"","","","","",true,CAR_NO_PROGRESS_OR_NETWORK_CLUSTER
"2392005",munich_resident,car,"other","home",66806.000,6381.054,88869.000,83931.000,entered link,135721.000,"419626",entered link,135721.000,"419626",false,false,false,false,"","","","","",true,CAR_NO_PROGRESS_OR_NETWORK_CLUSTER
"2393048",munich_resident,pt,"other","home",3419.000,6476.137,75279.000,97521.000,waitingForPt,75279.000,"107945",<none>,,"",true,false,false,false,"107945","106047.3","","","",true,PT_NEVER_BOARDED
"2393432",munich_resident,car,"home","other",76961.000,15112.466,76961.000,95839.000,entered link,130849.000,"419626",entered link,130849.000,"419626",false,false,false,false,"","","","","",true,CAR_NO_PROGRESS_OR_NETWORK_CLUSTER
"2394445",munich_resident,car,"other","home",46676.000,7362.279,67746.000,105054.000,entered link,127286.000,"419626",entered link,127286.000,"419626",false,false,false,false,"","","","","",true,CAR_NO_PROGRESS_OR_NETWORK_CLUSTER
"23981",regional_background,pt,"work","home",44954.000,12946.425,59715.000,113085.000,waitingForPt,59715.000,"156744.1",<none>,,"",true,false,false,false,"156744.1","70637.3","","","",true,PT_NEVER_BOARDED
"2401544",munich_resident,car,"other","home",52930.000,5293.314,124283.000,48517.000,entered link,137671.000,"419626",entered link,137671.000,"419626",false,false,false,false,"","","","","",true,CAR_NO_PROGRESS_OR_NETWORK_CLUSTER
"2403856",munich_resident,car,"other","home",55658.000,12807.319,81622.000,91178.000,entered link,121147.000,"453133",entered link,121147.000,"453133",false,false,false,false,"","","","","",true,CAR_NO_PROGRESS_OR_NETWORK_CLUSTER
"2406675",munich_resident,pt,"other","home",7445.000,583.252,63706.000,109094.000,waitingForPt,63706.000,"106399",<none>,,"",true,false,false,false,"106399","107347.2","","","",true,PT_NEVER_BOARDED
"2410473",munich_resident,car,"other","home",76260.000,6124.580,133798.000,39002.000,entered link,147299.000,"419626",entered link,147299.000,"419626",false,false,false,false,"","","","","",true,CAR_NO_PROGRESS_OR_NETWORK_CLUSTER
"2410544",unresolved_background,car,"work","other",46191.000,4324.602,46191.000,126609.000,entered link,119268.000,"16208",entered link,119268.000,"16208",false,false,false,false,"","","","","",true,CAR_NO_PROGRESS_OR_NETWORK_CLUSTER
"2414074",munich_resident,pt,"other","home",69900.000,5441.539,74646.000,98154.000,waitingForPt,74646.000,"11627.4",<none>,,"",true,true,true,false,"11627.4","62663.2","tr_30128","XXX---2268730_3","XXX---2268730_3_0",true,PT_BOARDED_NOT_ARRIVED
"2414570",munich_resident,car,"other","home",70112.000,6513.661,83207.000,89593.000,entered link,137988.000,"16208",entered link,137988.000,"16208",false,false,false,false,"","","","","",true,CAR_NO_PROGRESS_OR_NETWORK_CLUSTER
"2415133",munich_resident,car,"other","home",67521.000,18516.380,111477.000,61323.000,entered link,121192.000,"453133",entered link,121192.000,"453133",false,false,false,false,"","","","","",true,CAR_NO_PROGRESS_OR_NETWORK_CLUSTER
"2418625",munich_resident,car,"other","home",60992.000,21377.911,111820.000,60980.000,entered link,121282.000,"453133",entered link,121282.000,"453133",false,false,false,false,"","","","","",true,CAR_NO_PROGRESS_OR_NETWORK_CLUSTER
"242248",munich_resident,pt,"work","home",4878.000,2431.583,58355.000,114445.000,waitingForPt,58355.000,"106127.1",<none>,,"",true,false,false,false,"106127.1","109351","","","",true,PT_NEVER_BOARDED
"2429449",munich_resident,car,"other","home",81680.000,9887.553,104226.000,68574.000,entered link,127126.000,"16208",entered link,127126.000,"16208",false,false,false,false,"","","","","",true,CAR_NO_PROGRESS_OR_NETWORK_CLUSTER
"2430283",unresolved_background,car,"other","other",52537.000,20088.846,52537.000,120263.000,entered link,134239.000,"419626",entered link,134239.000,"419626",false,false,false,false,"","","","","",true,CAR_NO_PROGRESS_OR_NETWORK_CLUSTER
"2431027",unresolved_background,car,"other","other",64217.000,15024.552,64217.000,108583.000,entered link,150848.000,"419626",entered link,150848.000,"419626",false,false,false,false,"","","","","",true,CAR_NO_PROGRESS_OR_NETWORK_CLUSTER
"2433196",munich_resident,pt,"other","home",8416.000,17112.623,70699.000,102101.000,waitingForPt,70699.000,"108387",<none>,,"",true,false,false,false,"108387","106384","","","",true,PT_NEVER_BOARDED
"2437547",munich_resident,car,"other","home",73556.000,8153.785,80855.000,91945.000,entered link,133178.000,"16208",entered link,133178.000,"16208",false,false,false,false,"","","","","",true,CAR_NO_PROGRESS_OR_NETWORK_CLUSTER
"2446191",munich_resident,car,"home","other",58671.000,13980.627,58671.000,114129.000,entered link,172798.000,"425201",entered link,172798.000,"425201",false,false,false,false,"","","","","",true,CAR_NO_PROGRESS_OR_NETWORK_CLUSTER
"2458129",munich_resident,car,"home","other",79680.000,3321.921,79680.000,93120.000,entered link,130708.000,"16208",entered link,130708.000,"16208",false,false,false,false,"","","","","",true,CAR_NO_PROGRESS_OR_NETWORK_CLUSTER
"2460984",munich_resident,car,"other","home",75923.000,8428.723,115802.000,56998.000,entered link,145696.000,"16208",entered link,145696.000,"16208",false,false,false,false,"","","","","",true,CAR_NO_PROGRESS_OR_NETWORK_CLUSTER
"246226",munich_resident,car,"work","home",73358.000,6743.750,73358.000,99442.000,entered link,130273.000,"419626",entered link,130273.000,"419626",false,false,false,false,"","","","","",true,CAR_NO_PROGRESS_OR_NETWORK_CLUSTER
"246466",munich_resident,pt,"work","home",9500.000,9575.913,89424.000,83376.000,waitingForPt,89424.000,"106360",<none>,,"",true,false,false,false,"106360","107825","","","",true,PT_NEVER_BOARDED
"2467175",munich_resident,car,"other","home",76915.000,3989.998,76915.000,95885.000,entered link,129148.000,"16208",entered link,129148.000,"16208",false,false,false,false,"","","","","",true,CAR_NO_PROGRESS_OR_NETWORK_CLUSTER
"2468922",unresolved_background,car,"other","other",60361.000,6474.246,60361.000,112439.000,entered link,139678.000,"16208",entered link,139678.000,"16208",false,false,false,false,"","","","","",true,CAR_NO_PROGRESS_OR_NETWORK_CLUSTER
"2469934",munich_resident,car,"other","home",76527.000,10784.694,171239.000,1561.000,entered link,171500.000,"419626",entered link,171500.000,"419626",false,false,false,false,"","","","","",true,VERY_LATE_DEPARTURE
"2474123",munich_resident,car,"other","home",59365.000,14277.568,96001.000,76799.000,entered link,121504.000,"16208",entered link,121504.000,"16208",false,false,false,false,"","","","","",true,CAR_NO_PROGRESS_OR_NETWORK_CLUSTER
"2477229",munich_resident,pt,"other","home",62400.000,513.140,67697.000,105103.000,waitingForPt,67697.000,"12015.2",<none>,,"",true,true,true,false,"12015.2","11832.1","tr_30530","XXX---2268736_3","XXX---2268736_3_2",true,PT_BOARDED_NOT_ARRIVED
"2477301",munich_resident,car,"other","home",76721.000,11738.050,110057.000,62743.000,entered link,131358.000,"16208",entered link,131358.000,"16208",false,false,false,false,"","","","","",true,CAR_NO_PROGRESS_OR_NETWORK_CLUSTER
"247753",munich_resident,pt,"work","home",2796.000,7791.275,70226.000,102574.000,waitingForPt,70226.000,"108858.1",<none>,,"",true,false,false,false,"108858.1","106186.1","","","",true,PT_NEVER_BOARDED
"2481779",munich_resident,car,"home","shopping",49324.000,9293.268,49324.000,123476.000,entered link,128432.000,"419626",entered link,128432.000,"419626",false,false,false,false,"","","","","",true,CAR_NO_PROGRESS_OR_NETWORK_CLUSTER
"2486442",munich_resident,car,"other","home",69056.000,7909.991,96068.000,76732.000,entered link,117997.000,"453133",entered link,117997.000,"453133",false,false,false,false,"","","","","",true,CAR_NO_PROGRESS_OR_NETWORK_CLUSTER
"2487029",munich_resident,car,"home","other",50480.000,9906.999,50480.000,122320.000,entered link,133355.000,"419626",entered link,133355.000,"419626",false,false,false,false,"","","","","",true,CAR_NO_PROGRESS_OR_NETWORK_CLUSTER
"2491596",munich_resident,car,"other","home",62077.000,13744.630,91799.000,81001.000,entered link,122344.000,"453133",entered link,122344.000,"453133",false,false,false,false,"","","","","",true,CAR_NO_PROGRESS_OR_NETWORK_CLUSTER
"249358",munich_resident,car,"work","home",63123.000,5484.242,63123.000,109677.000,entered link,123020.000,"419626",entered link,123020.000,"419626",false,false,false,false,"","","","","",true,CAR_NO_PROGRESS_OR_NETWORK_CLUSTER
"2497027",munich_resident,car,"home","other",68768.000,10299.089,68768.000,104032.000,entered link,120438.000,"16208",entered link,120438.000,"16208",false,false,false,false,"","","","","",true,CAR_NO_PROGRESS_OR_NETWORK_CLUSTER
"2500709",munich_resident,car,"other","home",28014.000,10701.174,110547.000,62253.000,entered link,120895.000,"453133",entered link,120895.000,"453133",false,false,false,false,"","","","","",true,CAR_NO_PROGRESS_OR_NETWORK_CLUSTER
"2501140",munich_resident,car,"home","other",70782.000,13233.841,70782.000,102018.000,entered link,118870.000,"453133",entered link,118870.000,"453133",false,false,false,false,"","","","","",true,CAR_NO_PROGRESS_OR_NETWORK_CLUSTER
"2504382",munich_resident,car,"home","shopping",69531.000,8552.215,69531.000,103269.000,entered link,135378.000,"419626",entered link,135378.000,"419626",false,false,false,false,"","","","","",true,CAR_NO_PROGRESS_OR_NETWORK_CLUSTER
"2506183",munich_resident,car,"other","home",6937.000,13149.724,103021.000,69779.000,entered link,124027.000,"453133",entered link,124027.000,"453133",false,false,false,false,"","","","","",true,CAR_NO_PROGRESS_OR_NETWORK_CLUSTER
"2512387",munich_resident,pt,"other","home",16500.000,8928.913,74836.000,97964.000,waitingForPt,74836.000,"106092",<none>,,"",true,true,true,false,"106092","107834","tr_40474","XXX---2271999_1","XXX---2271999_1_0",true,PT_BOARDED_NOT_ARRIVED
"2515206",munich_resident,car,"other","home",71252.000,16062.587,107707.000,65093.000,entered link,139792.000,"419626",entered link,139792.000,"419626",false,false,false,false,"","","","","",true,CAR_NO_PROGRESS_OR_NETWORK_CLUSTER
"2516857",munich_resident,car,"other","home",64700.000,8292.016,97301.000,75499.000,entered link,122671.000,"16208",entered link,122671.000,"16208",false,false,false,false,"","","","","",true,CAR_NO_PROGRESS_OR_NETWORK_CLUSTER
"2518279",munich_resident,car,"home","shopping",62514.000,7961.981,62514.000,110286.000,entered link,118748.000,"16208",entered link,118748.000,"16208",false,false,false,false,"","","","","",true,CAR_NO_PROGRESS_OR_NETWORK_CLUSTER
"2518819",unresolved_background,car,"other","other",66177.000,7988.004,66177.000,106623.000,entered link,150021.000,"16208",entered link,150021.000,"16208",false,false,false,false,"","","","","",true,CAR_NO_PROGRESS_OR_NETWORK_CLUSTER
"2519037",munich_resident,car,"other","home",9389.000,15465.359,161612.000,11188.000,entered link,162238.000,"419626",entered link,162238.000,"419626",false,false,false,false,"","","","","",true,CAR_NO_PROGRESS_OR_NETWORK_CLUSTER
"2520249",munich_resident,car,"other","home",69498.000,6207.528,71225.000,101575.000,entered link,116988.000,"453133",entered link,116988.000,"453133",false,false,false,false,"","","","","",true,CAR_NO_PROGRESS_OR_NETWORK_CLUSTER
"2525819",munich_resident,car,"home","shopping",55572.000,11519.349,55572.000,117228.000,entered link,141869.000,"419626",entered link,141869.000,"419626",false,false,false,false,"","","","","",true,CAR_NO_PROGRESS_OR_NETWORK_CLUSTER
"2528436",munich_resident,car,"other","home",45462.000,6657.510,83405.000,89395.000,entered link,135793.000,"419626",entered link,135793.000,"419626",false,false,false,false,"","","","","",true,CAR_NO_PROGRESS_OR_NETWORK_CLUSTER
"2530186",unresolved_background,car,"other","other",62193.000,9941.685,62193.000,110607.000,entered link,144251.000,"419626",entered link,144251.000,"419626",false,false,false,false,"","","","","",true,CAR_NO_PROGRESS_OR_NETWORK_CLUSTER
"253121",munich_resident,car,"work","home",86439.000,14878.639,86439.000,86361.000,entered link,127978.000,"16208",entered link,127978.000,"16208",false,false,false,false,"","","","","",true,CAR_NO_PROGRESS_OR_NETWORK_CLUSTER
"2532938",munich_resident,car,"home","other",76207.000,19756.539,76207.000,96593.000,entered link,136336.000,"419626",entered link,136336.000,"419626",false,false,false,false,"","","","","",true,CAR_NO_PROGRESS_OR_NETWORK_CLUSTER
"2534227",munich_resident,car,"home","other",80005.000,8365.075,80005.000,92795.000,entered link,159376.000,"16208",entered link,159376.000,"16208",false,false,false,false,"","","","","",true,CAR_NO_PROGRESS_OR_NETWORK_CLUSTER
"2539531",unresolved_background,car,"other","other",54195.000,11986.642,54195.000,118605.000,entered link,136198.000,"419626",entered link,136198.000,"419626",false,false,false,false,"","","","","",true,CAR_NO_PROGRESS_OR_NETWORK_CLUSTER
"2539776",munich_resident,car,"other","home",49651.000,14997.021,118920.000,53880.000,entered link,135239.000,"419626",entered link,135239.000,"419626",false,false,false,false,"","","","","",true,CAR_NO_PROGRESS_OR_NETWORK_CLUSTER
"2539930",munich_resident,car,"home","other",47195.000,15716.811,47195.000,125605.000,entered link,134344.000,"16208",entered link,134344.000,"16208",false,false,false,false,"","","","","",true,CAR_NO_PROGRESS_OR_NETWORK_CLUSTER
"2540874",unresolved_background,car,"other","other",63103.000,10339.877,63103.000,109697.000,entered link,125690.000,"419626",entered link,125690.000,"419626",false,false,false,false,"","","","","",true,CAR_NO_PROGRESS_OR_NETWORK_CLUSTER
"2542581",unresolved_background,car,"other","other",52415.000,4517.931,52415.000,120385.000,entered link,130968.000,"16208",entered link,130968.000,"16208",false,false,false,false,"","","","","",true,CAR_NO_PROGRESS_OR_NETWORK_CLUSTER
"2544757",munich_resident,car,"other","home",70616.000,9814.039,70616.000,102184.000,entered link,129928.000,"16208",entered link,129928.000,"16208",false,false,false,false,"","","","","",true,CAR_NO_PROGRESS_OR_NETWORK_CLUSTER
"2551596",munich_resident,pt,"other","home",1515.000,7582.288,75386.000,97414.000,waitingForPt,75386.000,"109273.1",<none>,,"",true,false,false,false,"109273.1","106273.2","","","",true,PT_NEVER_BOARDED
"2553805",munich_resident,car,"other","home",56952.000,14171.217,95286.000,77514.000,entered link,129798.000,"16208",entered link,129798.000,"16208",false,false,false,false,"","","","","",true,CAR_NO_PROGRESS_OR_NETWORK_CLUSTER
"2554304",munich_resident,car,"other","home",83169.000,10419.042,169936.000,2864.000,entered link,170398.000,"419626",entered link,170398.000,"419626",false,false,false,false,"","","","","",true,VERY_LATE_DEPARTURE
"2556544",munich_resident,car,"other","home",55789.000,11849.385,82403.000,90397.000,entered link,118663.000,"453133",entered link,118663.000,"453133",false,false,false,false,"","","","","",true,CAR_NO_PROGRESS_OR_NETWORK_CLUSTER
"2557116",unresolved_background,car,"other","other",82613.000,7432.346,82613.000,90187.000,entered link,172800.000,"168300",entered link,172800.000,"168300",false,false,false,false,"","","","","",true,CAR_NO_PROGRESS_OR_NETWORK_CLUSTER
"2560066",munich_resident,car,"other","home",84737.000,21070.868,100729.000,72071.000,entered link,123865.000,"453133",entered link,123865.000,"453133",false,false,false,false,"","","","","",true,CAR_NO_PROGRESS_OR_NETWORK_CLUSTER
"2563942",munich_resident,car,"other","home",61522.000,8132.924,113320.000,59480.000,entered link,163694.000,"16208",entered link,163694.000,"16208",false,false,false,false,"","","","","",true,CAR_NO_PROGRESS_OR_NETWORK_CLUSTER
"2564552",munich_resident,pt,"other","home",10480.000,1558.939,63653.000,109147.000,waitingForPt,63653.000,"106267",<none>,,"",true,false,false,false,"106267","106048","","","",true,PT_NEVER_BOARDED
"256605",munich_resident,car,"work","home",76662.000,11603.018,76662.000,96138.000,entered link,131878.000,"16208",entered link,131878.000,"16208",false,false,false,false,"","","","","",true,CAR_NO_PROGRESS_OR_NETWORK_CLUSTER
"2573088",munich_resident,car,"other","home",58677.000,12065.867,81660.000,91140.000,entered link,118285.000,"453133",entered link,118285.000,"453133",false,false,false,false,"","","","","",true,CAR_NO_PROGRESS_OR_NETWORK_CLUSTER
"2578679",munich_resident,pt,"other","home",4575.000,2992.146,73482.000,99318.000,waitingForPt,73482.000,"108467",<none>,,"",true,false,false,false,"108467","106053","","","",true,PT_NEVER_BOARDED
"2580984",unresolved_background,car,"work","other",66380.000,21913.050,66380.000,106420.000,entered link,130204.000,"419626",entered link,130204.000,"419626",false,false,false,false,"","","","","",true,CAR_NO_PROGRESS_OR_NETWORK_CLUSTER
"2582687",munich_resident,pt,"other","home",5669.000,354.585,57222.000,115578.000,waitingForPt,57222.000,"106049.2",<none>,,"",true,true,true,false,"106049.2","106157","tr_2872","XXX---162456_109","XXX---162456_109_24",true,PT_BOARDED_NOT_ARRIVED
"2583741",munich_resident,car,"other","home",61426.000,12280.103,75541.000,97259.000,entered link,115315.000,"453133",entered link,115315.000,"453133",false,false,false,false,"","","","","",true,CAR_NO_PROGRESS_OR_NETWORK_CLUSTER
"2585263",munich_resident,car,"other","home",66215.000,13610.918,146594.000,26206.000,entered link,146920.000,"16208",entered link,146920.000,"16208",false,false,false,false,"","","","","",true,CAR_NO_PROGRESS_OR_NETWORK_CLUSTER
"2586209",munich_resident,car,"other","home",62197.000,6137.070,88677.000,84123.000,entered link,138283.000,"419626",entered link,138283.000,"419626",false,false,false,false,"","","","","",true,CAR_NO_PROGRESS_OR_NETWORK_CLUSTER
"2588246",munich_resident,car,"home","other",56652.000,23255.455,56652.000,116148.000,entered link,143595.000,"419626",entered link,143595.000,"419626",false,false,false,false,"","","","","",true,CAR_NO_PROGRESS_OR_NETWORK_CLUSTER
"2589053",unresolved_background,car,"other","other",72685.000,15895.251,72685.000,100115.000,entered link,131877.000,"419626",entered link,131877.000,"419626",false,false,false,false,"","","","","",true,CAR_NO_PROGRESS_OR_NETWORK_CLUSTER
"259036",munich_resident,car,"work","home",64921.000,16063.321,64921.000,107879.000,entered link,128361.000,"419626",entered link,128361.000,"419626",false,false,false,false,"","","","","",true,CAR_NO_PROGRESS_OR_NETWORK_CLUSTER
"2590698",munich_resident,pt,"other","home",3049.000,9377.800,74282.000,98518.000,waitingForPt,74282.000,"108608",<none>,,"",true,false,false,false,"108608","106476","","","",true,PT_NEVER_BOARDED
"2591680",munich_resident,pt,"other","home",71400.000,1701.081,76127.000,96673.000,waitingForPt,76127.000,"109809",<none>,,"",true,true,true,false,"109809","109727","tr_2772","XXX---162456_109","XXX---162456_109_8",true,PT_BOARDED_NOT_ARRIVED
"2596478",munich_resident,car,"other","home",54811.000,21693.294,97013.000,75787.000,entered link,118492.000,"453133",entered link,118492.000,"453133",false,false,false,false,"","","","","",true,CAR_NO_PROGRESS_OR_NETWORK_CLUSTER
"2597237",munich_resident,pt,"other","home",10137.000,14374.009,55943.000,116857.000,waitingForPt,55943.000,"107252.1",<none>,,"",true,false,false,false,"107252.1","109091","","","",true,PT_NEVER_BOARDED
"2597311",munich_resident,car,"home","other",78656.000,9605.631,78656.000,94144.000,entered link,132658.000,"16208",entered link,132658.000,"16208",false,false,false,false,"","","","","",true,CAR_NO_PROGRESS_OR_NETWORK_CLUSTER
"2606263",munich_resident,pt,"other","home",78780.000,928.852,82332.000,90468.000,waitingForPt,82332.000,"106091",<none>,,"",true,true,true,false,"106091","106645","tr_2777","XXX---162456_109","XXX---162456_109_11",true,PT_BOARDED_NOT_ARRIVED
"2606877",munich_resident,car,"other","home",82282.000,11175.644,105663.000,67137.000,entered link,139028.000,"16208",entered link,139028.000,"16208",false,false,false,false,"","","","","",true,CAR_NO_PROGRESS_OR_NETWORK_CLUSTER
"2607085",unresolved_background,car,"other","other",50779.000,6495.630,50779.000,122021.000,entered link,125263.000,"16208",entered link,125263.000,"16208",false,false,false,false,"","","","","",true,CAR_NO_PROGRESS_OR_NETWORK_CLUSTER
"2615560",munich_resident,pt,"other","home",10904.000,4883.456,78060.000,94740.000,waitingForPt,78060.000,"108941",<none>,,"",true,false,false,false,"108941","106054","","","",true,PT_NEVER_BOARDED
"2616014",munich_resident,pt,"other","home",11274.000,1447.078,65187.000,107613.000,waitingForPt,65187.000,"106584",<none>,,"",true,false,false,false,"106584","107350","","","",true,PT_NEVER_BOARDED
"2616051",munich_resident,car,"shopping","home",36001.000,12268.770,69771.000,103029.000,entered link,132803.000,"419626",entered link,132803.000,"419626",false,false,false,false,"","","","","",true,CAR_NO_PROGRESS_OR_NETWORK_CLUSTER
"2617076",munich_resident,car,"other","home",62591.000,7314.432,103569.000,69231.000,entered link,126678.000,"16208",entered link,126678.000,"16208",false,false,false,false,"","","","","",true,CAR_NO_PROGRESS_OR_NETWORK_CLUSTER
"2619237",unresolved_background,car,"other","other",58375.000,5855.445,58375.000,114425.000,entered link,118878.000,"16208",entered link,118878.000,"16208",false,false,false,false,"","","","","",true,CAR_NO_PROGRESS_OR_NETWORK_CLUSTER
"261938",munich_resident,car,"work","home",58246.000,12613.242,58246.000,114554.000,entered link,127058.000,"419626",entered link,127058.000,"419626",false,false,false,false,"","","","","",true,CAR_NO_PROGRESS_OR_NETWORK_CLUSTER
"2623508",munich_resident,pt,"other","home",15243.000,4868.405,63598.000,109202.000,waitingForPt,63598.000,"108858.1",<none>,,"",true,false,false,false,"108858.1","107630.1","","","",true,PT_NEVER_BOARDED
"2623812",munich_resident,pt,"other","home",7497.000,1462.693,71543.000,101257.000,waitingForPt,71543.000,"106352",<none>,,"",true,false,false,false,"106352","106050","","","",true,PT_NEVER_BOARDED
"2625777",munich_resident,car,"other","home",14661.000,12118.791,168026.000,4774.000,entered link,168269.000,"419626",entered link,168269.000,"419626",false,false,false,false,"","","","","",true,CAR_NO_PROGRESS_OR_NETWORK_CLUSTER
"2628768",unresolved_background,car,"other","other",61659.000,29080.379,61659.000,111141.000,entered link,129785.000,"419626",entered link,129785.000,"419626",false,false,false,false,"","","","","",true,CAR_NO_PROGRESS_OR_NETWORK_CLUSTER
"2629877",munich_resident,car,"other","home",71792.000,15482.339,114769.000,58031.000,entered link,132568.000,"16208",entered link,132568.000,"16208",false,false,false,false,"","","","","",true,CAR_NO_PROGRESS_OR_NETWORK_CLUSTER
"2630438",munich_resident,car,"other","home",50571.000,14604.265,82502.000,90298.000,entered link,137324.000,"419626",entered link,137324.000,"419626",false,false,false,false,"","","","","",true,CAR_NO_PROGRESS_OR_NETWORK_CLUSTER
"2631556",munich_resident,pt,"other","home",5676.000,2640.054,72499.000,100301.000,waitingForPt,72499.000,"106174",<none>,,"",true,false,false,false,"106174","106082","","","",true,PT_NEVER_BOARDED
"2632288",unresolved_background,car,"other","other",75921.000,8661.025,75921.000,96879.000,entered link,128108.000,"16208",entered link,128108.000,"16208",false,false,false,false,"","","","","",true,CAR_NO_PROGRESS_OR_NETWORK_CLUSTER
"2638545",munich_resident,car,"other","home",62707.000,12863.294,62707.000,110093.000,entered link,130973.000,"419626",entered link,130973.000,"419626",false,false,false,false,"","","","","",true,CAR_NO_PROGRESS_OR_NETWORK_CLUSTER
"2639376",unresolved_background,car,"other","other",68942.000,5406.162,68942.000,103858.000,entered link,133568.000,"16208",entered link,133568.000,"16208",false,false,false,false,"","","","","",true,CAR_NO_PROGRESS_OR_NETWORK_CLUSTER
"2645158",munich_resident,car,"home","other",66739.000,11712.414,66739.000,106061.000,entered link,131372.000,"419626",entered link,131372.000,"419626",false,false,false,false,"","","","","",true,CAR_NO_PROGRESS_OR_NETWORK_CLUSTER
"2646134",munich_resident,car,"other","home",67231.000,10916.034,113616.000,59184.000,entered link,143666.000,"16208",entered link,143666.000,"16208",false,false,false,false,"","","","","",true,CAR_NO_PROGRESS_OR_NETWORK_CLUSTER
"2648032",munich_resident,car,"other","home",48549.000,8136.734,81576.000,91224.000,entered link,132008.000,"16208",entered link,132008.000,"16208",false,false,false,false,"","","","","",true,CAR_NO_PROGRESS_OR_NETWORK_CLUSTER
"2652148",munich_resident,pt,"other","home",15902.000,3036.840,83518.000,89282.000,waitingForPt,83518.000,"108345",<none>,,"",true,false,false,false,"108345","106433","","","",true,PT_NEVER_BOARDED
"2653268",munich_resident,car,"other","home",66543.000,9928.479,171989.000,811.000,entered link,172173.000,"419626",entered link,172173.000,"419626",false,false,false,false,"","","","","",true,VERY_LATE_DEPARTURE
"2653512",munich_resident,car,"other","home",68998.000,5334.383,148962.000,23838.000,entered link,149167.000,"419626",entered link,149167.000,"419626",false,false,false,false,"","","","","",true,CAR_NO_PROGRESS_OR_NETWORK_CLUSTER
"2654009",unresolved_background,car,"work","other",69162.000,9541.664,69162.000,103638.000,entered link,131748.000,"16208",entered link,131748.000,"16208",false,false,false,false,"","","","","",true,CAR_NO_PROGRESS_OR_NETWORK_CLUSTER
"2665863",munich_resident,car,"shopping","home",58659.000,8037.592,98850.000,73950.000,entered link,136818.000,"16208",entered link,136818.000,"16208",false,false,false,false,"","","","","",true,CAR_NO_PROGRESS_OR_NETWORK_CLUSTER
"2668628",unresolved_background,car,"other","other",65110.000,5023.974,65110.000,107690.000,entered link,133011.000,"419626",entered link,133011.000,"419626",false,false,false,false,"","","","","",true,CAR_NO_PROGRESS_OR_NETWORK_CLUSTER
"2669498",munich_resident,pt,"other","home",6747.000,3583.994,70196.000,102604.000,waitingForPt,70196.000,"108523",<none>,,"",true,false,false,false,"108523","106434","","","",true,PT_NEVER_BOARDED
"267070",munich_resident,car,"home","work",63302.000,18642.402,63302.000,109498.000,entered link,147968.000,"419626",entered link,147968.000,"419626",false,false,false,false,"","","","","",true,CAR_NO_PROGRESS_OR_NETWORK_CLUSTER
"2671027",munich_resident,pt,"other","home",72600.000,4703.748,73669.000,99131.000,waitingForPt,73669.000,"108019",<none>,,"",true,true,true,false,"108019","108330","tr_56175","XXX---2272106_3","XXX---2272106_3_1",true,PT_BOARDED_NOT_ARRIVED
"2676485",unresolved_background,pt,"work","other",52273.000,18705.091,54021.000,118779.000,waitingForPt,54021.000,"102458.2",<none>,,"",true,true,true,false,"102458.2","146068.1","tr_37146","XXX---2270082_3","XXX---2270082_3_18",true,PT_BOARDED_NOT_ARRIVED
"2679427",munich_resident,car,"other","home",54721.000,12866.669,126085.000,46715.000,entered link,140335.000,"419626",entered link,140335.000,"419626",false,false,false,false,"","","","","",true,CAR_NO_PROGRESS_OR_NETWORK_CLUSTER
"2679502",munich_resident,car,"shopping","home",38828.000,10422.938,53225.000,119575.000,entered link,132997.000,"419626",entered link,132997.000,"419626",false,false,false,false,"","","","","",true,CAR_NO_PROGRESS_OR_NETWORK_CLUSTER
"2681808",munich_resident,car,"home","other",62303.000,5680.621,62303.000,110497.000,entered link,130694.000,"419626",entered link,130694.000,"419626",false,false,false,false,"","","","","",true,CAR_NO_PROGRESS_OR_NETWORK_CLUSTER
"268252",munich_resident,pt,"work","home",9421.000,2551.186,62858.000,109942.000,waitingForPt,62858.000,"106530.1",<none>,,"",true,false,false,false,"106530.1","107257","","","",true,PT_NEVER_BOARDED
"268253",munich_resident,pt,"work","home",4998.000,5507.884,49220.000,123580.000,waitingForPt,49220.000,"107866",<none>,,"",true,false,false,false,"107866","106078","","","",true,PT_NEVER_BOARDED
"2686819",munich_resident,car,"other","home",80740.000,10936.663,103887.000,68913.000,entered link,126987.000,"419626",entered link,126987.000,"419626",false,false,false,false,"","","","","",true,CAR_NO_PROGRESS_OR_NETWORK_CLUSTER
"2691050",munich_resident,pt,"shopping","home",69844.000,11522.426,69939.000,102861.000,waitingForPt,69939.000,"106362",<none>,,"",true,false,false,false,"106362","109217","","","",true,PT_NEVER_BOARDED
"2699304",munich_resident,car,"other","home",63456.000,11474.969,148736.000,24064.000,entered link,149098.000,"419626",entered link,149098.000,"419626",false,false,false,false,"","","","","",true,CAR_NO_PROGRESS_OR_NETWORK_CLUSTER
"2701482",munich_resident,pt,"other","home",75669.000,1198.323,80401.000,92399.000,waitingForPt,80401.000,"109794.2",<none>,,"",true,true,true,false,"109794.2","106697","tr_2855","XXX---162456_109","XXX---162456_109_20",true,PT_BOARDED_NOT_ARRIVED
"2703435",munich_resident,pt,"other","home",2562.000,4779.513,80267.000,92533.000,waitingForPt,80267.000,"108467",<none>,,"",true,false,false,false,"108467","106360","","","",true,PT_NEVER_BOARDED
"2708206",munich_resident,car,"home","other",75895.000,9144.523,75895.000,96905.000,entered link,158176.000,"16208",entered link,158176.000,"16208",false,false,false,false,"","","","","",true,CAR_NO_PROGRESS_OR_NETWORK_CLUSTER
"2710504",munich_resident,car,"other","home",82721.000,38403.407,104787.000,68013.000,entered link,128112.000,"419626",entered link,128112.000,"419626",false,false,false,false,"","","","","",true,CAR_NO_PROGRESS_OR_NETWORK_CLUSTER
"2710554",munich_resident,car,"home","other",71464.000,10246.152,71464.000,101336.000,entered link,121998.000,"16208",entered link,121998.000,"16208",false,false,false,false,"","","","","",true,CAR_NO_PROGRESS_OR_NETWORK_CLUSTER
"271314",munich_resident,pt,"home","work",60060.000,9558.219,61511.000,111289.000,waitingForPt,61511.000,"143652",<none>,,"",true,true,true,false,"143652","136331.1","tr_790","XXX---162007_2_1158069900","XXX---162007_2_1158069900_5",true,PT_BOARDED_NOT_ARRIVED
"2713745",munich_resident,pt,"other","home",10163.000,8481.106,71940.000,100860.000,waitingForPt,71940.000,"109295",<none>,,"",true,false,false,false,"109295","106235","","","",true,PT_NEVER_BOARDED
"2715551",munich_resident,car,"other","home",53664.000,10825.335,89373.000,83427.000,entered link,116566.000,"453133",entered link,116566.000,"453133",false,false,false,false,"","","","","",true,CAR_NO_PROGRESS_OR_NETWORK_CLUSTER
"2715769",munich_resident,pt,"other","home",4180.000,5074.804,54515.000,118285.000,waitingForPt,54515.000,"108529",<none>,,"",true,false,false,false,"108529","106051","","","",true,PT_NEVER_BOARDED
"2717997",munich_resident,car,"shopping","home",61591.000,5145.101,147774.000,25026.000,entered link,148037.000,"419626",entered link,148037.000,"419626",false,false,false,false,"","","","","",true,CAR_NO_PROGRESS_OR_NETWORK_CLUSTER
"2719951",munich_resident,car,"home","shopping",70952.000,4607.735,70952.000,101848.000,entered link,121868.000,"16208",entered link,121868.000,"16208",false,false,false,false,"","","","","",true,CAR_NO_PROGRESS_OR_NETWORK_CLUSTER
"2721913",unresolved_background,car,"other","other",61948.000,21668.179,61948.000,110852.000,entered link,122143.000,"419626",entered link,122143.000,"419626",false,false,false,false,"","","","","",true,CAR_NO_PROGRESS_OR_NETWORK_CLUSTER
"2723072",munich_resident,pt,"other","home",26100.000,1791.338,75266.000,97534.000,waitingForPt,75266.000,"108614.3",<none>,,"",true,true,true,false,"108614.3","108566.4","tr_40595","XXX---2271999_1","XXX---2271999_1_4",true,PT_BOARDED_NOT_ARRIVED
"2723527",munich_resident,car,"other","home",61767.000,10605.945,99683.000,73117.000,entered link,119293.000,"453133",entered link,119293.000,"453133",false,false,false,false,"","","","","",true,CAR_NO_PROGRESS_OR_NETWORK_CLUSTER
"2726473",munich_resident,car,"home","other",55576.000,11826.674,55576.000,117224.000,entered link,123329.000,"419626",entered link,123329.000,"419626",false,false,false,false,"","","","","",true,CAR_NO_PROGRESS_OR_NETWORK_CLUSTER
"2727287",munich_resident,car,"other","home",80413.000,16559.917,100305.000,72495.000,entered link,123694.000,"453133",entered link,123694.000,"453133",false,false,false,false,"","","","","",true,CAR_NO_PROGRESS_OR_NETWORK_CLUSTER
"2727337",munich_resident,car,"other","home",13074.000,11518.628,114049.000,58751.000,entered link,119617.000,"453133",entered link,119617.000,"453133",false,false,false,false,"","","","","",true,CAR_NO_PROGRESS_OR_NETWORK_CLUSTER
"2731193",munich_resident,car,"other","home",76501.000,14149.054,103576.000,69224.000,entered link,124108.000,"453133",entered link,124108.000,"453133",false,false,false,false,"","","","","",true,CAR_NO_PROGRESS_OR_NETWORK_CLUSTER
"2732475",munich_resident,pt,"other","home",78300.000,2688.065,83053.000,89747.000,waitingForPt,83053.000,"106952.1",<none>,,"",true,true,true,false,"106952.1","107816","tr_2520","XXX---162455_109","XXX---162455_109_0",true,PT_BOARDED_NOT_ARRIVED
"2736893",munich_resident,pt,"other","home",10721.000,4631.419,70560.000,102240.000,waitingForPt,70560.000,"106908",<none>,,"",true,false,false,false,"106908","106048","","","",true,PT_NEVER_BOARDED
"2741053",unresolved_background,car,"other","other",54635.000,10080.412,54635.000,118165.000,entered link,121604.000,"419626",entered link,121604.000,"419626",false,false,false,false,"","","","","",true,CAR_NO_PROGRESS_OR_NETWORK_CLUSTER
"2741446",munich_resident,pt,"other","home",9041.000,3410.531,67389.000,105411.000,waitingForPt,67389.000,"106274.2",<none>,,"",true,false,false,false,"106274.2","108741","","","",true,PT_NEVER_BOARDED
"2746821",munich_resident,car,"other","home",76599.000,20627.425,84802.000,87998.000,entered link,120508.000,"453133",entered link,120508.000,"453133",false,false,false,false,"","","","","",true,CAR_NO_PROGRESS_OR_NETWORK_CLUSTER
"2746886",munich_resident,car,"other","home",64077.000,8584.922,64077.000,108723.000,entered link,128947.000,"419626",entered link,128947.000,"419626",false,false,false,false,"","","","","",true,CAR_NO_PROGRESS_OR_NETWORK_CLUSTER
"275371",munich_resident,pt,"work","home",11105.000,4096.521,49469.000,123331.000,waitingForPt,49469.000,"106911",<none>,,"",true,false,false,false,"106911","106048","","","",true,PT_NEVER_BOARDED
"2755635",munich_resident,pt,"other","home",517.000,6300.577,72271.000,100529.000,waitingForPt,72271.000,"108608",<none>,,"",true,false,false,false,"108608","106730","","","",true,PT_NEVER_BOARDED
"2756074",munich_resident,car,"other","home",50723.000,11991.237,55921.000,116879.000,entered link,143705.000,"419626",entered link,143705.000,"419626",false,false,false,false,"","","","","",true,CAR_NO_PROGRESS_OR_NETWORK_CLUSTER
"2758428",unresolved_background,car,"work","other",60492.000,6262.057,60492.000,112308.000,entered link,142927.000,"16208",entered link,142927.000,"16208",false,false,false,false,"","","","","",true,CAR_NO_PROGRESS_OR_NETWORK_CLUSTER
"2758517",munich_resident,car,"other","home",73415.000,11118.160,95548.000,77252.000,entered link,121126.000,"16208",entered link,121126.000,"16208",false,false,false,false,"","","","","",true,CAR_NO_PROGRESS_OR_NETWORK_CLUSTER
"2759123",munich_resident,car,"other","home",51269.000,14558.345,171613.000,1187.000,entered link,172795.000,"151778",entered link,172795.000,"151778",false,false,false,false,"","","","","",true,VERY_LATE_DEPARTURE
"2761102",munich_resident,pt,"other","home",5869.000,2537.667,84290.000,88510.000,waitingForPt,84290.000,"109500",<none>,,"",true,false,false,false,"109500","109664","","","",true,PT_NEVER_BOARDED
"2761460",munich_resident,pt,"other","home",2282.000,6402.854,71564.000,101236.000,waitingForPt,71564.000,"107220.1",<none>,,"",true,false,false,false,"107220.1","106278.2","","","",true,PT_NEVER_BOARDED
"2766627",munich_resident,car,"other","home",77353.000,10508.813,113096.000,59704.000,entered link,131710.000,"16208",entered link,131710.000,"16208",false,false,false,false,"","","","","",true,CAR_NO_PROGRESS_OR_NETWORK_CLUSTER
"2768751",munich_resident,car,"other","home",65561.000,14581.722,84671.000,88129.000,entered link,126497.000,"419626",entered link,126497.000,"419626",false,false,false,false,"","","","","",true,CAR_NO_PROGRESS_OR_NETWORK_CLUSTER
"277089",munich_resident,pt,"education","home",3163.000,1294.970,72395.000,100405.000,waitingForPt,72395.000,"106531.3",<none>,,"",true,false,false,false,"106531.3","106055","","","",true,PT_NEVER_BOARDED
"27726",regional_background,pt,"work","home",35071.000,3457.456,88807.000,83993.000,waitingForPt,88807.000,"3513",<none>,,"",true,false,false,false,"3513","4167","","","",true,PT_NEVER_BOARDED
"277567",munich_resident,car,"work","home",54407.000,17460.227,54407.000,118393.000,entered link,140818.000,"419626",entered link,140818.000,"419626",false,false,false,false,"","","","","",true,CAR_NO_PROGRESS_OR_NETWORK_CLUSTER
"2777413",unresolved_background,car,"work","other",45548.000,12752.646,45548.000,127252.000,entered link,128790.000,"419626",entered link,128790.000,"419626",false,false,false,false,"","","","","",true,CAR_NO_PROGRESS_OR_NETWORK_CLUSTER
"2778",regional_background,pt,"work","home",10403.000,12286.320,106763.000,66037.000,waitingForPt,106763.000,"175219.1",<none>,,"",true,false,false,false,"175219.1","102229.4","","","",true,PT_NEVER_BOARDED
"2779731",unresolved_background,car,"other","other",48946.000,19268.298,48946.000,123854.000,entered link,135658.000,"16208",entered link,135658.000,"16208",false,false,false,false,"","","","","",true,CAR_NO_PROGRESS_OR_NETWORK_CLUSTER
"2786619",munich_resident,car,"other","home",56960.000,5689.816,56960.000,115840.000,entered link,125759.000,"419626",entered link,125759.000,"419626",false,false,false,false,"","","","","",true,CAR_NO_PROGRESS_OR_NETWORK_CLUSTER
"278730",munich_resident,car,"work","home",52539.000,42516.961,52539.000,120261.000,entered link,148677.000,"419626",entered link,148677.000,"419626",false,false,false,false,"","","","","",true,CAR_NO_PROGRESS_OR_NETWORK_CLUSTER
"2787632",munich_resident,car,"other","home",68982.000,13879.854,98152.000,74648.000,entered link,123229.000,"16208",entered link,123229.000,"16208",false,false,false,false,"","","","","",true,CAR_NO_PROGRESS_OR_NETWORK_CLUSTER
"2789020",munich_resident,car,"other","home",41953.000,9575.061,61683.000,111117.000,entered link,123807.000,"419626",entered link,123807.000,"419626",false,false,false,false,"","","","","",true,CAR_NO_PROGRESS_OR_NETWORK_CLUSTER
"2795258",munich_resident,car,"other","home",54686.000,13250.944,96749.000,76051.000,entered link,130058.000,"16208",entered link,130058.000,"16208",false,false,false,false,"","","","","",true,CAR_NO_PROGRESS_OR_NETWORK_CLUSTER
"2795288",unresolved_background,car,"work","other",58906.000,7994.583,58906.000,113894.000,entered link,141673.000,"16208",entered link,141673.000,"16208",false,false,false,false,"","","","","",true,CAR_NO_PROGRESS_OR_NETWORK_CLUSTER
"2795827",munich_resident,car,"shopping","home",61895.000,8556.134,77413.000,95387.000,entered link,172799.000,"367092",entered link,172799.000,"367092",false,false,false,false,"","","","","",true,CAR_NO_PROGRESS_OR_NETWORK_CLUSTER
"280397",munich_resident,pt,"work","home",17940.000,3472.817,92558.000,80242.000,waitingForPt,92558.000,"107995.1",<none>,,"",true,true,true,false,"107995.1","108024","tr_39638","XXX---2271996_1","XXX---2271996_1_9",true,PT_BOARDED_NOT_ARRIVED
"2805794",munich_resident,car,"home","other",83195.000,8779.492,83195.000,89605.000,entered link,124188.000,"453133",entered link,124188.000,"453133",false,false,false,false,"","","","","",true,CAR_NO_PROGRESS_OR_NETWORK_CLUSTER
"2806498",unresolved_background,car,"other","other",55911.000,17929.702,55911.000,116889.000,entered link,144920.000,"419626",entered link,144920.000,"419626",false,false,false,false,"","","","","",true,CAR_NO_PROGRESS_OR_NETWORK_CLUSTER
"2807867",munich_resident,car,"other","home",3805.000,23891.836,72750.000,100050.000,entered link,121738.000,"16208",entered link,121738.000,"16208",false,false,false,false,"","","","","",true,CAR_NO_PROGRESS_OR_NETWORK_CLUSTER
"2808533",munich_resident,car,"home","other",70369.000,12130.985,70369.000,102431.000,entered link,118411.000,"453133",entered link,118411.000,"453133",false,false,false,false,"","","","","",true,CAR_NO_PROGRESS_OR_NETWORK_CLUSTER
"2813265",munich_resident,pt,"other","home",77670.000,1841.251,81192.000,91608.000,waitingForPt,81192.000,"109680",<none>,,"",true,true,true,false,"109680","109776","tr_52295","XXX---2272078_3","XXX---2272078_3_3",true,PT_BOARDED_NOT_ARRIVED
"2814096",munich_resident,car,"other","home",73003.000,6530.737,128112.000,44688.000,entered link,139870.000,"16208",entered link,139870.000,"16208",false,false,false,false,"","","","","",true,CAR_NO_PROGRESS_OR_NETWORK_CLUSTER
"2815958",munich_resident,car,"other","home",65828.000,10719.287,95650.000,77150.000,entered link,123091.000,"453133",entered link,123091.000,"453133",false,false,false,false,"","","","","",true,CAR_NO_PROGRESS_OR_NETWORK_CLUSTER
"2822146",munich_resident,car,"other","home",76222.000,10312.971,122789.000,50011.000,entered link,153496.000,"16208",entered link,153496.000,"16208",false,false,false,false,"","","","","",true,CAR_NO_PROGRESS_OR_NETWORK_CLUSTER
"2824326",munich_resident,car,"shopping","home",63773.000,8146.068,118929.000,53871.000,entered link,134929.000,"16208",entered link,134929.000,"16208",false,false,false,false,"","","","","",true,CAR_NO_PROGRESS_OR_NETWORK_CLUSTER
"2825508",munich_resident,car,"other","home",37591.000,14363.011,60318.000,112482.000,entered link,122402.000,"419626",entered link,122402.000,"419626",false,false,false,false,"","","","","",true,CAR_NO_PROGRESS_OR_NETWORK_CLUSTER
"2827565",munich_resident,car,"home","other",69213.000,14366.574,69213.000,103587.000,entered link,167480.000,"419626",entered link,167480.000,"419626",false,false,false,false,"","","","","",true,CAR_NO_PROGRESS_OR_NETWORK_CLUSTER
"2828608",munich_resident,car,"other","home",80536.000,16153.575,149725.000,23075.000,entered link,150156.000,"16208",entered link,150156.000,"16208",false,false,false,false,"","","","","",true,CAR_NO_PROGRESS_OR_NETWORK_CLUSTER
"2829192",munich_resident,car,"other","home",60419.000,15703.942,129446.000,43354.000,entered link,140611.000,"419626",entered link,140611.000,"419626",false,false,false,false,"","","","","",true,CAR_NO_PROGRESS_OR_NETWORK_CLUSTER
"2832317",munich_resident,car,"other","home",63245.000,9320.798,97143.000,75657.000,entered link,136558.000,"16208",entered link,136558.000,"16208",false,false,false,false,"","","","","",true,CAR_NO_PROGRESS_OR_NETWORK_CLUSTER
"2833985",munich_resident,car,"other","home",65962.000,11600.225,70659.000,102141.000,entered link,124858.000,"16208",entered link,124858.000,"16208",false,false,false,false,"","","","","",true,CAR_NO_PROGRESS_OR_NETWORK_CLUSTER
"2837148",munich_resident,pt,"other","home",4896.000,1907.758,88489.000,84311.000,waitingForPt,88489.000,"108574",<none>,,"",true,false,false,false,"108574","106273.2","","","",true,PT_NEVER_BOARDED
"2841817",munich_resident,pt,"shopping","home",2502.000,3134.642,59751.000,113049.000,waitingForPt,59751.000,"108672",<none>,,"",true,false,false,false,"108672","106051","","","",true,PT_NEVER_BOARDED
"2846564",munich_resident,car,"other","home",73742.000,5694.384,73742.000,99058.000,entered link,134088.000,"16208",entered link,134088.000,"16208",false,false,false,false,"","","","","",true,CAR_NO_PROGRESS_OR_NETWORK_CLUSTER
"2847308",unresolved_background,car,"work","other",49088.000,13533.507,49088.000,123712.000,entered link,123876.000,"419626",entered link,123876.000,"419626",false,false,false,false,"","","","","",true,CAR_NO_PROGRESS_OR_NETWORK_CLUSTER
"2851212",munich_resident,car,"other","home",56784.000,7469.987,87846.000,84954.000,entered link,134348.000,"16208",entered link,134348.000,"16208",false,false,false,false,"","","","","",true,CAR_NO_PROGRESS_OR_NETWORK_CLUSTER
"2857360",munich_resident,car,"shopping","home",55117.000,7785.431,131607.000,41193.000,entered link,131808.000,"419626",entered link,131808.000,"419626",false,false,false,false,"","","","","",true,CAR_NO_PROGRESS_OR_NETWORK_CLUSTER
"2860329",munich_resident,car,"other","home",56810.000,10558.716,102680.000,70120.000,entered link,119914.000,"453133",entered link,119914.000,"453133",false,false,false,false,"","","","","",true,CAR_NO_PROGRESS_OR_NETWORK_CLUSTER
"2868633",munich_resident,pt,"other","home",3426.000,13669.029,78653.000,94147.000,waitingForPt,78653.000,"106949",<none>,,"",true,false,false,false,"106949","106055","","","",true,PT_NEVER_BOARDED
"2873865",munich_resident,car,"home","other",61984.000,11282.405,61984.000,110816.000,entered link,165080.000,"419626",entered link,165080.000,"419626",false,false,false,false,"","","","","",true,CAR_NO_PROGRESS_OR_NETWORK_CLUSTER
"2876606",munich_resident,car,"other","home",62916.000,15353.295,136465.000,36335.000,entered link,142499.000,"419626",entered link,142499.000,"419626",false,false,false,false,"","","","","",true,CAR_NO_PROGRESS_OR_NETWORK_CLUSTER
"2879507",munich_resident,pt,"other","home",72658.000,494.973,74058.000,98742.000,waitingForPt,74058.000,"108378.1",<none>,,"",true,false,false,false,"108378.1","108366.1","","","",true,PT_NEVER_BOARDED
"2883920",unresolved_background,car,"other","other",82295.000,5267.782,82295.000,90505.000,entered link,137338.000,"16208",entered link,137338.000,"16208",false,false,false,false,"","","","","",true,CAR_NO_PROGRESS_OR_NETWORK_CLUSTER
"28887",regional_background,pt,"work","home",23899.000,5370.796,79281.000,93519.000,waitingForPt,79281.000,"101939.1",<none>,,"",true,false,false,false,"101939.1","102040.2","","","",true,PT_NEVER_BOARDED
"289469",munich_resident,car,"work","home",55729.000,16808.665,55729.000,117071.000,entered link,142718.000,"419626",entered link,142718.000,"419626",false,false,false,false,"","","","","",true,CAR_NO_PROGRESS_OR_NETWORK_CLUSTER
"2897408",munich_resident,car,"other","home",69730.000,4894.668,69730.000,103070.000,entered link,120828.000,"16208",entered link,120828.000,"16208",false,false,false,false,"","","","","",true,CAR_NO_PROGRESS_OR_NETWORK_CLUSTER
"2901286",unresolved_background,car,"work","other",56586.000,38340.795,56586.000,116214.000,entered link,141232.000,"419626",entered link,141232.000,"419626",false,false,false,false,"","","","","",true,CAR_NO_PROGRESS_OR_NETWORK_CLUSTER
"290297",munich_resident,pt,"education","home",66880.000,2880.387,90533.000,82267.000,waitingForPt,90533.000,"175997",<none>,,"",true,false,false,false,"175997","175506.1","","","",true,PT_NEVER_BOARDED
"290399",munich_resident,pt,"work","home",23407.000,4367.163,80585.000,92215.000,waitingForPt,80585.000,"10251",<none>,,"",true,false,false,false,"10251","10279.2","","","",true,PT_NEVER_BOARDED
"2904716",munich_resident,car,"home","shopping",62914.000,6364.740,62914.000,109886.000,entered link,144136.000,"16208",entered link,144136.000,"16208",false,false,false,false,"","","","","",true,CAR_NO_PROGRESS_OR_NETWORK_CLUSTER
"2909877",munich_resident,pt,"other","home",2284.000,9004.520,73546.000,99254.000,waitingForPt,73546.000,"106434.1",<none>,,"",true,false,false,false,"106434.1","108128.1","","","",true,PT_NEVER_BOARDED
"2910121",munich_resident,car,"home","other",51578.000,12794.868,51578.000,121222.000,entered link,129995.000,"419626",entered link,129995.000,"419626",false,false,false,false,"","","","","",true,CAR_NO_PROGRESS_OR_NETWORK_CLUSTER
"2917213",munich_resident,car,"other","home",68997.000,7828.206,100872.000,71928.000,entered link,124945.000,"16208",entered link,124945.000,"16208",false,false,false,false,"","","","","",true,CAR_NO_PROGRESS_OR_NETWORK_CLUSTER
"2918830",munich_resident,car,"shopping","home",55437.000,5635.379,137603.000,35197.000,entered link,137938.000,"419626",entered link,137938.000,"419626",false,false,false,false,"","","","","",true,CAR_NO_PROGRESS_OR_NETWORK_CLUSTER
"2926596",munich_resident,car,"other","home",64383.000,16988.662,93733.000,79067.000,entered link,122875.000,"453133",entered link,122875.000,"453133",false,false,false,false,"","","","","",true,CAR_NO_PROGRESS_OR_NETWORK_CLUSTER
"2933923",munich_resident,car,"home","other",64672.000,10740.422,64672.000,108128.000,entered link,128900.000,"419626",entered link,128900.000,"419626",false,false,false,false,"","","","","",true,CAR_NO_PROGRESS_OR_NETWORK_CLUSTER
"2937149",munich_resident,pt,"other","home",9330.000,1898.707,63904.000,108896.000,waitingForPt,63904.000,"108233",<none>,,"",true,false,false,false,"108233","106079.2","","","",true,PT_NEVER_BOARDED
"2938626",munich_resident,car,"home","other",72060.000,13398.596,72060.000,100740.000,entered link,170480.000,"419626",entered link,170480.000,"419626",false,false,false,false,"","","","","",true,CAR_NO_PROGRESS_OR_NETWORK_CLUSTER
"2941076",munich_resident,car,"other","home",994.000,9440.617,157719.000,15081.000,entered link,157966.000,"16208",entered link,157966.000,"16208",false,false,false,false,"","","","","",true,CAR_NO_PROGRESS_OR_NETWORK_CLUSTER
"294170",munich_resident,pt,"education","home",8131.000,9624.033,67973.000,104827.000,waitingForPt,67973.000,"106359",<none>,,"",true,false,false,false,"106359","108447","","","",true,PT_NEVER_BOARDED
"2942585",munich_resident,pt,"other","home",5820.000,3830.624,67574.000,105226.000,waitingForPt,67574.000,"106056",<none>,,"",true,true,true,false,"106056","106900","tr_2841","XXX---162456_109","XXX---162456_109_18",true,PT_BOARDED_NOT_ARRIVED
"2945358",munich_resident,pt,"other","home",5031.000,18808.663,71811.000,100989.000,waitingForPt,71811.000,"108387",<none>,,"",true,false,false,false,"108387","106186","","","",true,PT_NEVER_BOARDED
"2946418",unresolved_background,car,"work","other",54760.000,20715.164,54760.000,118040.000,entered link,137184.000,"419626",entered link,137184.000,"419626",false,false,false,false,"","","","","",true,CAR_NO_PROGRESS_OR_NETWORK_CLUSTER
"2950242",unresolved_background,car,"other","other",84415.000,6297.064,84415.000,88385.000,entered link,137800.000,"419626",entered link,137800.000,"419626",false,false,false,false,"","","","","",true,CAR_NO_PROGRESS_OR_NETWORK_CLUSTER
"2950849",munich_resident,car,"other","home",74785.000,9282.451,162781.000,10019.000,entered link,163054.000,"419626",entered link,163054.000,"419626",false,false,false,false,"","","","","",true,CAR_NO_PROGRESS_OR_NETWORK_CLUSTER
"295193",munich_resident,pt,"work","home",86580.000,7193.754,91459.000,81341.000,waitingForPt,91459.000,"108588",<none>,,"",true,true,true,false,"108588","109109","tr_40038","XXX---2271997_1","XXX---2271997_1_14",true,PT_BOARDED_NOT_ARRIVED
"2952322",munich_resident,car,"shopping","home",46898.000,5714.164,112418.000,60382.000,entered link,131252.000,"419626",entered link,131252.000,"419626",false,false,false,false,"","","","","",true,CAR_NO_PROGRESS_OR_NETWORK_CLUSTER
"2953022",munich_resident,car,"other","home",59533.000,7783.600,88974.000,83826.000,entered link,172797.000,"421150",entered link,172797.000,"421150",false,false,false,false,"","","","","",true,CAR_NO_PROGRESS_OR_NETWORK_CLUSTER
"2954466",munich_resident,car,"home","other",63380.000,10678.354,63380.000,109420.000,entered link,142638.000,"419626",entered link,142638.000,"419626",false,false,false,false,"","","","","",true,CAR_NO_PROGRESS_OR_NETWORK_CLUSTER
"2957991",munich_resident,car,"other","home",81340.000,9295.891,167653.000,5147.000,entered link,167909.000,"419626",entered link,167909.000,"419626",false,false,false,false,"","","","","",true,CAR_NO_PROGRESS_OR_NETWORK_CLUSTER
"2961001",unresolved_background,car,"other","other",75005.000,14004.435,75005.000,97795.000,entered link,136574.000,"419626",entered link,136574.000,"419626",false,false,false,false,"","","","","",true,CAR_NO_PROGRESS_OR_NETWORK_CLUSTER
"2961974",munich_resident,pt,"other","home",13138.000,11616.293,77493.000,95307.000,waitingForPt,77493.000,"108836.2",<none>,,"",true,false,false,false,"108836.2","106384","","","",true,PT_NEVER_BOARDED
"2966103",munich_resident,car,"other","home",48035.000,12852.783,115083.000,57717.000,entered link,140059.000,"419626",entered link,140059.000,"419626",false,false,false,false,"","","","","",true,CAR_NO_PROGRESS_OR_NETWORK_CLUSTER
"2967188",munich_resident,car,"other","home",75696.000,11134.902,101973.000,70827.000,entered link,125889.000,"419626",entered link,125889.000,"419626",false,false,false,false,"","","","","",true,CAR_NO_PROGRESS_OR_NETWORK_CLUSTER
"2967634",munich_resident,pt,"other","home",13578.000,7301.793,75379.000,97421.000,waitingForPt,75379.000,"106399",<none>,,"",true,false,false,false,"106399","108778","","","",true,PT_NEVER_BOARDED
"2968544",munich_resident,pt,"other","home",7511.000,5793.511,84170.000,88630.000,waitingForPt,84170.000,"106135.1",<none>,,"",true,false,false,false,"106135.1","106384","","","",true,PT_NEVER_BOARDED
"2972253",unresolved_background,car,"work","other",46606.000,14989.001,46606.000,126194.000,entered link,120678.000,"419626",entered link,120678.000,"419626",false,false,false,false,"","","","","",true,CAR_NO_PROGRESS_OR_NETWORK_CLUSTER
"2976775",munich_resident,car,"other","home",70390.000,10502.220,113358.000,59442.000,entered link,143176.000,"16208",entered link,143176.000,"16208",false,false,false,false,"","","","","",true,CAR_NO_PROGRESS_OR_NETWORK_CLUSTER
"2976895",unresolved_background,car,"other","other",67994.000,14858.222,67994.000,104806.000,entered link,172796.000,"381955",entered link,172796.000,"381955",false,false,false,false,"","","","","",true,CAR_NO_PROGRESS_OR_NETWORK_CLUSTER
"298198",munich_resident,pt,"work","home",6743.000,3612.580,63138.000,109662.000,waitingForPt,63138.000,"106920",<none>,,"",true,false,false,false,"106920","106048","","","",true,PT_NEVER_BOARDED
"2982808",munich_resident,car,"home","other",72600.000,6345.758,72600.000,100200.000,entered link,125118.000,"16208",entered link,125118.000,"16208",false,false,false,false,"","","","","",true,CAR_NO_PROGRESS_OR_NETWORK_CLUSTER
"2985254",munich_resident,car,"other","home",69095.000,13643.812,130819.000,41981.000,entered link,141094.000,"419626",entered link,141094.000,"419626",false,false,false,false,"","","","","",true,CAR_NO_PROGRESS_OR_NETWORK_CLUSTER
"298540",munich_resident,pt,"education","home",12029.000,2058.855,69994.000,102806.000,waitingForPt,69994.000,"167614",<none>,,"",true,false,false,false,"167614","106055","","","",true,PT_NEVER_BOARDED
"2987734",munich_resident,car,"other","home",68921.000,9146.450,121830.000,50970.000,entered link,136276.000,"16208",entered link,136276.000,"16208",false,false,false,false,"","","","","",true,CAR_NO_PROGRESS_OR_NETWORK_CLUSTER
"2990880",munich_resident,car,"other","home",78971.000,14806.452,120408.000,52392.000,entered link,124693.000,"453133",entered link,124693.000,"453133",false,false,false,false,"","","","","",true,CAR_NO_PROGRESS_OR_NETWORK_CLUSTER
"2991499",munich_resident,car,"home","other",70024.000,10927.757,70024.000,102776.000,entered link,156488.000,"419626",entered link,156488.000,"419626",false,false,false,false,"","","","","",true,CAR_NO_PROGRESS_OR_NETWORK_CLUSTER
"2992489",munich_resident,pt,"shopping","home",68746.000,5137.850,70833.000,101967.000,waitingForPt,70833.000,"107042",<none>,,"",true,false,false,false,"107042","106322","","","",true,PT_NEVER_BOARDED
"2992848",munich_resident,car,"other","home",75783.000,8350.143,119227.000,53573.000,entered link,141427.000,"419626",entered link,141427.000,"419626",false,false,false,false,"","","","","",true,CAR_NO_PROGRESS_OR_NETWORK_CLUSTER
"2993430",unresolved_background,car,"work","other",62621.000,20221.742,62621.000,110179.000,entered link,125432.000,"419626",entered link,125432.000,"419626",false,false,false,false,"","","","","",true,CAR_NO_PROGRESS_OR_NETWORK_CLUSTER
"2995159",munich_resident,pt,"other","home",3514.000,2831.051,86774.000,86026.000,waitingForPt,86774.000,"107362",<none>,,"",true,false,false,false,"107362","107351.1","","","",true,PT_NEVER_BOARDED
"299619",munich_resident,car,"work","home",64536.000,10903.462,64536.000,108264.000,entered link,138867.000,"419626",entered link,138867.000,"419626",false,false,false,false,"","","","","",true,CAR_NO_PROGRESS_OR_NETWORK_CLUSTER
"299623",munich_resident,car,"home","work",74361.000,17262.611,74361.000,98439.000,entered link,123168.000,"16208",entered link,123168.000,"16208",false,false,false,false,"","","","","",true,CAR_NO_PROGRESS_OR_NETWORK_CLUSTER
"3000898",munich_resident,car,"other","home",58210.000,11436.613,84640.000,88160.000,entered link,116233.000,"453133",entered link,116233.000,"453133",false,false,false,false,"","","","","",true,CAR_NO_PROGRESS_OR_NETWORK_CLUSTER
"3001624",munich_resident,car,"home","shopping",68763.000,13106.226,68763.000,104037.000,entered link,125339.000,"419626",entered link,125339.000,"419626",false,false,false,false,"","","","","",true,CAR_NO_PROGRESS_OR_NETWORK_CLUSTER
"3005479",munich_resident,car,"home","other",62311.000,5736.801,62311.000,110489.000,entered link,130623.000,"419626",entered link,130623.000,"419626",false,false,false,false,"","","","","",true,CAR_NO_PROGRESS_OR_NETWORK_CLUSTER
"301543",munich_resident,car,"work","home",53146.000,18898.344,71385.000,101415.000,entered link,119248.000,"453133",entered link,119248.000,"453133",false,false,false,false,"","","","","",true,CAR_NO_PROGRESS_OR_NETWORK_CLUSTER
"3015642",munich_resident,pt,"other","home",5270.000,8688.023,80520.000,92280.000,waitingForPt,80520.000,"106332",<none>,,"",true,false,false,false,"106332","108287.1","","","",true,PT_NEVER_BOARDED
"3021991",munich_resident,car,"other","home",321.000,8790.916,107293.000,65507.000,entered link,124459.000,"453133",entered link,124459.000,"453133",false,false,false,false,"","","","","",true,CAR_NO_PROGRESS_OR_NETWORK_CLUSTER
"3022251",munich_resident,car,"home","shopping",64893.000,5442.644,64893.000,107907.000,entered link,139418.000,"16208",entered link,139418.000,"16208",false,false,false,false,"","","","","",true,CAR_NO_PROGRESS_OR_NETWORK_CLUSTER
"3029264",munich_resident,car,"home","shopping",62078.000,5831.056,62078.000,110722.000,entered link,127199.000,"419626",entered link,127199.000,"419626",false,false,false,false,"","","","","",true,CAR_NO_PROGRESS_OR_NETWORK_CLUSTER
"3032491",munich_resident,pt,"other","home",26724.000,5584.841,94237.000,78563.000,waitingForPt,94237.000,"5142",<none>,,"",true,false,false,false,"5142","5115.1","","","",true,PT_NEVER_BOARDED
"3034981",munich_resident,car,"other","home",2996.000,9627.077,102033.000,70767.000,entered link,126089.000,"419626",entered link,126089.000,"419626",false,false,false,false,"","","","","",true,CAR_NO_PROGRESS_OR_NETWORK_CLUSTER
"303829",munich_resident,car,"work","home",70444.000,13628.648,70444.000,102356.000,entered link,136060.000,"419626",entered link,136060.000,"419626",false,false,false,false,"","","","","",true,CAR_NO_PROGRESS_OR_NETWORK_CLUSTER
"3041159",munich_resident,car,"home","other",67916.000,11163.554,67916.000,104884.000,entered link,131939.000,"419626",entered link,131939.000,"419626",false,false,false,false,"","","","","",true,CAR_NO_PROGRESS_OR_NETWORK_CLUSTER
"3044614",munich_resident,car,"home","other",67120.000,18531.035,67120.000,105680.000,entered link,157127.000,"419626",entered link,157127.000,"419626",false,false,false,false,"","","","","",true,CAR_NO_PROGRESS_OR_NETWORK_CLUSTER
"3049527",munich_resident,car,"other","home",64672.000,8803.680,99463.000,73337.000,entered link,123298.000,"16208",entered link,123298.000,"16208",false,false,false,false,"","","","","",true,CAR_NO_PROGRESS_OR_NETWORK_CLUSTER
"3049800",munich_resident,car,"other","home",75576.000,12622.146,99561.000,73239.000,entered link,124622.000,"419626",entered link,124622.000,"419626",false,false,false,false,"","","","","",true,CAR_NO_PROGRESS_OR_NETWORK_CLUSTER
"3051414",munich_resident,pt,"other","home",4481.000,3036.840,84179.000,88621.000,waitingForPt,84179.000,"108345",<none>,,"",true,false,false,false,"108345","106433","","","",true,PT_NEVER_BOARDED
"305563",munich_resident,car,"work","home",76702.000,12815.494,110514.000,62286.000,entered link,130225.000,"16208",entered link,130225.000,"16208",false,false,false,false,"","","","","",true,CAR_NO_PROGRESS_OR_NETWORK_CLUSTER
"3057004",munich_resident,car,"shopping","home",49598.000,10552.445,89122.000,83678.000,entered link,138352.000,"419626",entered link,138352.000,"419626",false,false,false,false,"","","","","",true,CAR_NO_PROGRESS_OR_NETWORK_CLUSTER
"3057236",munich_resident,car,"other","home",62893.000,13373.802,111837.000,60963.000,entered link,141976.000,"16208",entered link,141976.000,"16208",false,false,false,false,"","","","","",true,CAR_NO_PROGRESS_OR_NETWORK_CLUSTER
"306379",munich_resident,pt,"work","home",13143.000,11087.391,82027.000,90773.000,waitingForPt,82027.000,"109102",<none>,,"",true,false,false,false,"109102","106054","","","",true,PT_NEVER_BOARDED
"306999",munich_resident,pt,"work","home",40194.000,14008.800,69237.000,103563.000,waitingForPt,69237.000,"6047",<none>,,"",true,false,false,false,"6047","108614.2","","","",true,PT_NEVER_BOARDED
"3074513",munich_resident,car,"home","other",55674.000,9018.438,55674.000,117126.000,entered link,135423.000,"419626",entered link,135423.000,"419626",false,false,false,false,"","","","","",true,CAR_NO_PROGRESS_OR_NETWORK_CLUSTER
"3078844",munich_resident,car,"other","home",55796.000,12580.102,104747.000,68053.000,entered link,124333.000,"453133",entered link,124333.000,"453133",false,false,false,false,"","","","","",true,CAR_NO_PROGRESS_OR_NETWORK_CLUSTER
"3079097",munich_resident,car,"other","home",71922.000,10115.579,114010.000,58790.000,entered link,143329.000,"419626",entered link,143329.000,"419626",false,false,false,false,"","","","","",true,CAR_NO_PROGRESS_OR_NETWORK_CLUSTER
"3086069",munich_resident,car,"home","shopping",72571.000,9959.906,72571.000,100229.000,entered link,126158.000,"16208",entered link,126158.000,"16208",false,false,false,false,"","","","","",true,CAR_NO_PROGRESS_OR_NETWORK_CLUSTER
"3087331",munich_resident,car,"other","home",78666.000,7576.979,95822.000,76978.000,entered link,123046.000,"453133",entered link,123046.000,"453133",false,false,false,false,"","","","","",true,CAR_NO_PROGRESS_OR_NETWORK_CLUSTER
"3087740",munich_resident,car,"home","other",69367.000,9547.900,69367.000,103433.000,entered link,151347.000,"419626",entered link,151347.000,"419626",false,false,false,false,"","","","","",true,CAR_NO_PROGRESS_OR_NETWORK_CLUSTER
"3087944",munich_resident,car,"home","other",69812.000,6869.798,69812.000,102988.000,entered link,155296.000,"16208",entered link,155296.000,"16208",false,false,false,false,"","","","","",true,CAR_NO_PROGRESS_OR_NETWORK_CLUSTER
"3094153",munich_resident,pt,"other","home",79284.000,10816.636,80790.000,92010.000,waitingForPt,80790.000,"106952.1",<none>,,"",true,false,false,false,"106952.1","106282.2","","","",true,PT_NEVER_BOARDED
"3097016",munich_resident,car,"other","home",50552.000,18739.044,102526.000,70274.000,entered link,126379.000,"16208",entered link,126379.000,"16208",false,false,false,false,"","","","","",true,CAR_NO_PROGRESS_OR_NETWORK_CLUSTER
"3099787",munich_resident,car,"other","home",25008.000,10920.362,66836.000,105964.000,entered link,117124.000,"453133",entered link,117124.000,"453133",false,false,false,false,"","","","","",true,CAR_NO_PROGRESS_OR_NETWORK_CLUSTER
"3100025",munich_resident,car,"other","home",64518.000,4630.459,99066.000,73734.000,entered link,122388.000,"16208",entered link,122388.000,"16208",false,false,false,false,"","","","","",true,CAR_NO_PROGRESS_OR_NETWORK_CLUSTER
"3105272",munich_resident,car,"other","home",59407.000,12989.891,139824.000,32976.000,entered link,143525.000,"419626",entered link,143525.000,"419626",false,false,false,false,"","","","","",true,CAR_NO_PROGRESS_OR_NETWORK_CLUSTER
"310585",munich_resident,car,"work","home",51519.000,19347.363,71364.000,101436.000,entered link,134170.000,"419626",entered link,134170.000,"419626",false,false,false,false,"","","","","",true,CAR_NO_PROGRESS_OR_NETWORK_CLUSTER
"3109438",munich_resident,car,"home","other",70830.000,7787.400,70830.000,101970.000,entered link,127117.000,"419626",entered link,127117.000,"419626",false,false,false,false,"","","","","",true,CAR_NO_PROGRESS_OR_NETWORK_CLUSTER
"3116165",unresolved_background,car,"other","other",54455.000,11668.320,54455.000,118345.000,entered link,141163.000,"419626",entered link,141163.000,"419626",false,false,false,false,"","","","","",true,CAR_NO_PROGRESS_OR_NETWORK_CLUSTER
"3116643",munich_resident,car,"other","home",57657.000,11711.797,128006.000,44794.000,entered link,140404.000,"419626",entered link,140404.000,"419626",false,false,false,false,"","","","","",true,CAR_NO_PROGRESS_OR_NETWORK_CLUSTER
"3124004",munich_resident,car,"other","home",77190.000,7120.746,96633.000,76167.000,entered link,118132.000,"453133",entered link,118132.000,"453133",false,false,false,false,"","","","","",true,CAR_NO_PROGRESS_OR_NETWORK_CLUSTER
"3124229",unresolved_background,car,"work","other",48399.000,9525.398,48399.000,124401.000,entered link,124576.000,"16208",entered link,124576.000,"16208",false,false,false,false,"","","","","",true,CAR_NO_PROGRESS_OR_NETWORK_CLUSTER
"3124474",munich_resident,car,"other","home",61500.000,3731.621,70061.000,102739.000,entered link,172773.000,"453135",entered link,172773.000,"453135",false,false,false,false,"","","","","",true,CAR_NO_PROGRESS_OR_NETWORK_CLUSTER
"3124575",munich_resident,car,"shopping","home",68505.000,6228.959,172136.000,664.000,entered link,172349.000,"419626",entered link,172349.000,"419626",false,false,false,false,"","","","","",true,VERY_LATE_DEPARTURE
"3126021",munich_resident,car,"other","home",62890.000,9641.945,89820.000,82980.000,entered link,135128.000,"16208",entered link,135128.000,"16208",false,false,false,false,"","","","","",true,CAR_NO_PROGRESS_OR_NETWORK_CLUSTER
"3127870",munich_resident,pt,"other","home",13936.000,10056.910,82721.000,90079.000,waitingForPt,82721.000,"107162",<none>,,"",true,false,false,false,"107162","106055","","","",true,PT_NEVER_BOARDED
"3128938",unresolved_background,car,"work","other",47577.000,15023.322,47577.000,125223.000,entered link,133555.000,"16208",entered link,133555.000,"16208",false,false,false,false,"","","","","",true,CAR_NO_PROGRESS_OR_NETWORK_CLUSTER
"3135031",munich_resident,car,"other","home",84488.000,6499.448,84488.000,88312.000,entered link,133438.000,"16208",entered link,133438.000,"16208",false,false,false,false,"","","","","",true,CAR_NO_PROGRESS_OR_NETWORK_CLUSTER
"313529",munich_resident,car,"work","home",64496.000,7759.694,64496.000,108304.000,entered link,121032.000,"419626",entered link,121032.000,"419626",false,false,false,false,"","","","","",true,CAR_NO_PROGRESS_OR_NETWORK_CLUSTER
"3138010",munich_resident,car,"other","home",78313.000,23664.741,97061.000,75739.000,entered link,123406.000,"453133",entered link,123406.000,"453133",false,false,false,false,"","","","","",true,CAR_NO_PROGRESS_OR_NETWORK_CLUSTER
"3141521",munich_resident,car,"other","home",72290.000,9064.727,121398.000,51402.000,entered link,151936.000,"16208",entered link,151936.000,"16208",false,false,false,false,"","","","","",true,CAR_NO_PROGRESS_OR_NETWORK_CLUSTER
"3141867",unresolved_background,car,"other","other",54450.000,6630.877,54450.000,118350.000,entered link,131581.000,"16208",entered link,131581.000,"16208",false,false,false,false,"","","","","",true,CAR_NO_PROGRESS_OR_NETWORK_CLUSTER
"314229",munich_resident,car,"work","home",62934.000,17771.927,62934.000,109866.000,entered link,159368.000,"419626",entered link,159368.000,"419626",false,false,false,false,"","","","","",true,CAR_NO_PROGRESS_OR_NETWORK_CLUSTER
"3144997",munich_resident,car,"other","home",6492.000,14831.934,106770.000,66030.000,entered link,128800.000,"16208",entered link,128800.000,"16208",false,false,false,false,"","","","","",true,CAR_NO_PROGRESS_OR_NETWORK_CLUSTER
"3146201",munich_resident,pt,"other","home",67920.000,9148.649,70233.000,102567.000,waitingForPt,70233.000,"106677",<none>,,"",true,true,true,false,"106677","108508.1","tr_42630","XXX---2272010_0","XXX---2272010_0_1",true,PT_BOARDED_NOT_ARRIVED
"3147674",munich_resident,car,"home","other",69193.000,12898.829,69193.000,103607.000,entered link,123558.000,"16208",entered link,123558.000,"16208",false,false,false,false,"","","","","",true,CAR_NO_PROGRESS_OR_NETWORK_CLUSTER
"3148158",munich_resident,car,"other","home",44801.000,11807.865,85405.000,87395.000,entered link,138481.000,"419626",entered link,138481.000,"419626",false,false,false,false,"","","","","",true,CAR_NO_PROGRESS_OR_NETWORK_CLUSTER
"3149449",munich_resident,car,"other","home",10149.000,9095.530,137596.000,35204.000,entered link,142787.000,"419626",entered link,142787.000,"419626",false,false,false,false,"","","","","",true,CAR_NO_PROGRESS_OR_NETWORK_CLUSTER
"3149575",munich_resident,car,"other","home",63644.000,10863.336,94440.000,78360.000,entered link,120139.000,"16208",entered link,120139.000,"16208",false,false,false,false,"","","","","",true,CAR_NO_PROGRESS_OR_NETWORK_CLUSTER
"3153020",unresolved_background,car,"other","other",83039.000,8644.559,83039.000,89761.000,entered link,136965.000,"419626",entered link,136965.000,"419626",false,false,false,false,"","","","","",true,CAR_NO_PROGRESS_OR_NETWORK_CLUSTER
"3154579",munich_resident,pt,"other","home",6505.000,4096.521,89001.000,83799.000,waitingForPt,89001.000,"106911",<none>,,"",true,false,false,false,"106911","106048","","","",true,PT_NEVER_BOARDED
"3156510",munich_resident,car,"other","home",75959.000,7949.702,128379.000,44421.000,entered link,136688.000,"16208",entered link,136688.000,"16208",false,false,false,false,"","","","","",true,CAR_NO_PROGRESS_OR_NETWORK_CLUSTER
"3156765",munich_resident,car,"home","other",70568.000,12891.065,70568.000,102232.000,entered link,169280.000,"419626",entered link,169280.000,"419626",false,false,false,false,"","","","","",true,CAR_NO_PROGRESS_OR_NETWORK_CLUSTER
"3158812",munich_resident,car,"other","home",1784.000,12129.604,103447.000,69353.000,entered link,126707.000,"419626",entered link,126707.000,"419626",false,false,false,false,"","","","","",true,CAR_NO_PROGRESS_OR_NETWORK_CLUSTER
"3159750",munich_resident,pt,"other","home",6360.000,2468.841,18361.000,154439.000,waitingForPt,18361.000,"108569",<none>,,"",true,true,true,false,"108569","109172","tr_3412","XXX---162461_109","XXX---162461_109_13",true,PT_BOARDED_NOT_ARRIVED
"3168562",munich_resident,pt,"other","home",75575.000,1655.762,76360.000,96440.000,waitingForPt,76360.000,"109726",<none>,,"",true,false,false,false,"109726","109813","","","",true,PT_NEVER_BOARDED
"3170534",munich_resident,car,"other","home",51796.000,11596.986,51796.000,121004.000,entered link,130594.000,"16208",entered link,130594.000,"16208",false,false,false,false,"","","","","",true,CAR_NO_PROGRESS_OR_NETWORK_CLUSTER
"3172773",munich_resident,pt,"other","home",69440.000,9364.894,71565.000,101235.000,waitingForPt,71565.000,"106666",<none>,,"",true,false,false,false,"106666","108430","","","",true,PT_NEVER_BOARDED
"318065",munich_resident,car,"home","work",71368.000,12131.559,71368.000,101432.000,entered link,129278.000,"16208",entered link,129278.000,"16208",false,false,false,false,"","","","","",true,CAR_NO_PROGRESS_OR_NETWORK_CLUSTER
"3185609",munich_resident,pt,"other","home",7524.000,5388.039,63550.000,109250.000,waitingForPt,63550.000,"106319.2",<none>,,"",true,false,false,false,"106319.2","107752","","","",true,PT_NEVER_BOARDED
"318574",munich_resident,pt,"work","home",8397.000,11087.391,64007.000,108793.000,waitingForPt,64007.000,"109102",<none>,,"",true,false,false,false,"109102","106054","","","",true,PT_NEVER_BOARDED
"3190476",munich_resident,car,"home","other",61025.000,16393.830,61025.000,111775.000,entered link,152288.000,"419626",entered link,152288.000,"419626",false,false,false,false,"","","","","",true,CAR_NO_PROGRESS_OR_NETWORK_CLUSTER
"3193491",munich_resident,car,"other","home",77367.000,12693.392,89355.000,83445.000,entered link,121876.000,"453133",entered link,121876.000,"453133",false,false,false,false,"","","","","",true,CAR_NO_PROGRESS_OR_NETWORK_CLUSTER
"3200341",munich_resident,car,"other","home",53819.000,11442.721,101861.000,70939.000,entered link,125960.000,"419626",entered link,125960.000,"419626",false,false,false,false,"","","","","",true,CAR_NO_PROGRESS_OR_NETWORK_CLUSTER
"3200893",munich_resident,car,"other","home",65767.000,12881.872,94508.000,78292.000,entered link,120549.000,"419626",entered link,120549.000,"419626",false,false,false,false,"","","","","",true,CAR_NO_PROGRESS_OR_NETWORK_CLUSTER
"3204077",munich_resident,car,"home","other",52158.000,13361.215,52158.000,120642.000,entered link,134032.000,"419626",entered link,134032.000,"419626",false,false,false,false,"","","","","",true,CAR_NO_PROGRESS_OR_NETWORK_CLUSTER
"3206258",munich_resident,car,"home","other",64724.000,10085.925,64724.000,108076.000,entered link,121629.000,"419626",entered link,121629.000,"419626",false,false,false,false,"","","","","",true,CAR_NO_PROGRESS_OR_NETWORK_CLUSTER
"321198",munich_resident,car,"work","home",65035.000,14137.823,65035.000,107765.000,entered link,121855.000,"419626",entered link,121855.000,"419626",false,false,false,false,"","","","","",true,CAR_NO_PROGRESS_OR_NETWORK_CLUSTER
"3212503",munich_resident,car,"other","home",80121.000,9162.361,125122.000,47678.000,entered link,140542.000,"419626",entered link,140542.000,"419626",false,false,false,false,"","","","","",true,CAR_NO_PROGRESS_OR_NETWORK_CLUSTER
"3212764",munich_resident,pt,"shopping","home",5669.000,354.585,58421.000,114379.000,waitingForPt,58421.000,"106049.2",<none>,,"",true,true,true,false,"106049.2","106157","tr_2897","XXX---162456_109","XXX---162456_109_29",true,PT_BOARDED_NOT_ARRIVED
"3216773",munich_resident,car,"other","home",65678.000,6049.854,106567.000,66233.000,entered link,128651.000,"419626",entered link,128651.000,"419626",false,false,false,false,"","","","","",true,CAR_NO_PROGRESS_OR_NETWORK_CLUSTER
"3229032",munich_resident,car,"other","home",71898.000,8273.980,79225.000,93575.000,entered link,138172.000,"16208",entered link,138172.000,"16208",false,false,false,false,"","","","","",true,CAR_NO_PROGRESS_OR_NETWORK_CLUSTER
"3230187",munich_resident,car,"home","other",49721.000,15404.625,49721.000,123079.000,entered link,131043.000,"419626",entered link,131043.000,"419626",false,false,false,false,"","","","","",true,CAR_NO_PROGRESS_OR_NETWORK_CLUSTER
"3232071",munich_resident,car,"other","home",57510.000,12771.706,130188.000,42612.000,entered link,140887.000,"419626",entered link,140887.000,"419626",false,false,false,false,"","","","","",true,CAR_NO_PROGRESS_OR_NETWORK_CLUSTER
"3234153",munich_resident,pt,"other","home",16751.000,1281.551,78394.000,94406.000,waitingForPt,78394.000,"106601",<none>,,"",true,false,false,false,"106601","108471.1","","","",true,PT_NEVER_BOARDED
"3236163",munich_resident,car,"home","shopping",60211.000,10014.834,60211.000,112589.000,entered link,161000.000,"419626",entered link,161000.000,"419626",false,false,false,false,"","","","","",true,CAR_NO_PROGRESS_OR_NETWORK_CLUSTER
"3237387",munich_resident,car,"other","home",71119.000,10481.884,90763.000,82037.000,entered link,118672.000,"16208",entered link,118672.000,"16208",false,false,false,false,"","","","","",true,CAR_NO_PROGRESS_OR_NETWORK_CLUSTER
"323981",munich_resident,pt,"work","home",5640.000,3279.759,53592.000,119208.000,waitingForPt,53592.000,"106056",<none>,,"",true,true,true,false,"106056","106905","tr_3449","XXX---162461_109","XXX---162461_109_22",true,PT_BOARDED_NOT_ARRIVED
"3240515",unresolved_background,car,"other","other",45452.000,10643.841,45452.000,127348.000,entered link,122379.000,"419626",entered link,122379.000,"419626",false,false,false,false,"","","","","",true,CAR_NO_PROGRESS_OR_NETWORK_CLUSTER
"3241466",unresolved_background,car,"other","other",44134.000,10074.700,44134.000,128666.000,entered link,127198.000,"16208",entered link,127198.000,"16208",false,false,false,false,"","","","","",true,CAR_NO_PROGRESS_OR_NETWORK_CLUSTER
"3241894",munich_resident,car,"other","home",63570.000,4569.124,119949.000,52851.000,entered link,134738.000,"16208",entered link,134738.000,"16208",false,false,false,false,"","","","","",true,CAR_NO_PROGRESS_OR_NETWORK_CLUSTER
"324369",munich_resident,car,"work","home",66306.000,11651.846,119104.000,53696.000,entered link,135098.000,"419626",entered link,135098.000,"419626",false,false,false,false,"","","","","",true,CAR_NO_PROGRESS_OR_NETWORK_CLUSTER
"3244691",munich_resident,car,"other","home",39362.000,17697.587,54358.000,118442.000,entered link,143166.000,"419626",entered link,143166.000,"419626",false,false,false,false,"","","","","",true,CAR_NO_PROGRESS_OR_NETWORK_CLUSTER
"3245293",munich_resident,car,"home","other",62770.000,11120.005,62770.000,110030.000,entered link,124988.000,"16208",entered link,124988.000,"16208",false,false,false,false,"","","","","",true,CAR_NO_PROGRESS_OR_NETWORK_CLUSTER
"3247069",munich_resident,car,"other","home",79291.000,9704.952,118178.000,54622.000,entered link,134473.000,"16208",entered link,134473.000,"16208",false,false,false,false,"","","","","",true,CAR_NO_PROGRESS_OR_NETWORK_CLUSTER
"3251473",munich_resident,car,"other","home",85715.000,6420.030,88079.000,84721.000,entered link,121588.000,"453133",entered link,121588.000,"453133",false,false,false,false,"","","","","",true,CAR_NO_PROGRESS_OR_NETWORK_CLUSTER
"3253059",munich_resident,car,"other","home",62460.000,7429.076,83753.000,89047.000,entered link,133727.000,"419626",entered link,133727.000,"419626",false,false,false,false,"","","","","",true,CAR_NO_PROGRESS_OR_NETWORK_CLUSTER
"3257145",munich_resident,car,"other","home",61064.000,16446.912,89495.000,83305.000,entered link,121921.000,"453133",entered link,121921.000,"453133",false,false,false,false,"","","","","",true,CAR_NO_PROGRESS_OR_NETWORK_CLUSTER
"3258373",munich_resident,pt,"other","home",10037.000,5059.635,68285.000,104515.000,waitingForPt,68285.000,"106382",<none>,,"",true,false,false,false,"106382","106052.1","","","",true,PT_NEVER_BOARDED
"3259538",munich_resident,car,"other","home",45226.000,14792.020,53689.000,119111.000,entered link,142238.000,"419626",entered link,142238.000,"419626",false,false,false,false,"","","","","",true,CAR_NO_PROGRESS_OR_NETWORK_CLUSTER
"3261494",munich_resident,car,"other","home",61834.000,18681.842,104875.000,67925.000,entered link,120211.000,"453133",entered link,120211.000,"453133",false,false,false,false,"","","","","",true,CAR_NO_PROGRESS_OR_NETWORK_CLUSTER
"3265671",munich_resident,car,"other","home",2414.000,10032.730,101305.000,71495.000,entered link,125134.000,"16208",entered link,125134.000,"16208",false,false,false,false,"","","","","",true,CAR_NO_PROGRESS_OR_NETWORK_CLUSTER
"3266640",unresolved_background,car,"other","other",61186.000,9240.501,61186.000,111614.000,entered link,126747.000,"419626",entered link,126747.000,"419626",false,false,false,false,"","","","","",true,CAR_NO_PROGRESS_OR_NETWORK_CLUSTER
"3268729",munich_resident,car,"shopping","home",60169.000,11171.515,157544.000,15256.000,entered link,157724.000,"419626",entered link,157724.000,"419626",false,false,false,false,"","","","","",true,CAR_NO_PROGRESS_OR_NETWORK_CLUSTER
"3269289",munich_resident,pt,"other","home",6879.000,5864.042,76866.000,95934.000,waitingForPt,76866.000,"106278.2",<none>,,"",true,false,false,false,"106278.2","108998","","","",true,PT_NEVER_BOARDED
"3271736",munich_resident,pt,"other","home",4151.000,6597.363,85066.000,87734.000,waitingForPt,85066.000,"107781.2",<none>,,"",true,false,false,false,"107781.2","106531.3","","","",true,PT_NEVER_BOARDED
"3272035",munich_resident,car,"home","other",76426.000,8640.451,76426.000,96374.000,entered link,139654.000,"419626",entered link,139654.000,"419626",false,false,false,false,"","","","","",true,CAR_NO_PROGRESS_OR_NETWORK_CLUSTER
"327228",munich_resident,pt,"work","home",28157.000,3476.018,83423.000,89377.000,waitingForPt,83423.000,"108704",<none>,,"",true,false,false,false,"108704","106091","","","",true,PT_NEVER_BOARDED
"3273339",munich_resident,car,"other","home",58414.000,14211.759,73958.000,98842.000,entered link,119878.000,"453133",entered link,119878.000,"453133",false,false,false,false,"","","","","",true,CAR_NO_PROGRESS_OR_NETWORK_CLUSTER
"3274395",munich_resident,car,"other","home",47747.000,18057.408,68420.000,104380.000,entered link,172040.000,"419626",entered link,172040.000,"419626",false,false,false,false,"","","","","",true,CAR_NO_PROGRESS_OR_NETWORK_CLUSTER
"3276805",munich_resident,car,"shopping","home",83806.000,4650.557,83806.000,88994.000,entered link,132918.000,"16208",entered link,132918.000,"16208",false,false,false,false,"","","","","",true,CAR_NO_PROGRESS_OR_NETWORK_CLUSTER
"3281553",munich_resident,car,"other","home",60135.000,12971.815,159208.000,13592.000,entered link,159437.000,"419626",entered link,159437.000,"419626",false,false,false,false,"","","","","",true,CAR_NO_PROGRESS_OR_NETWORK_CLUSTER
"3285518",munich_resident,car,"shopping","home",64166.000,4860.117,170469.000,2331.000,entered link,170660.000,"16208",entered link,170660.000,"16208",false,false,false,false,"","","","","",true,VERY_LATE_DEPARTURE
"3290615",munich_resident,car,"other","home",72997.000,7499.347,103517.000,69283.000,entered link,126688.000,"16208",entered link,126688.000,"16208",false,false,false,false,"","","","","",true,CAR_NO_PROGRESS_OR_NETWORK_CLUSTER
"3292973",unresolved_background,car,"other","other",64785.000,13636.663,64785.000,108015.000,entered link,118488.000,"16208",entered link,118488.000,"16208",false,false,false,false,"","","","","",true,CAR_NO_PROGRESS_OR_NETWORK_CLUSTER
"3297806",munich_resident,car,"home","other",63898.000,12252.488,63898.000,108902.000,entered link,149768.000,"419626",entered link,149768.000,"419626",false,false,false,false,"","","","","",true,CAR_NO_PROGRESS_OR_NETWORK_CLUSTER
"3298020",munich_resident,car,"other","home",58835.000,8821.332,94334.000,78466.000,entered link,118358.000,"16208",entered link,118358.000,"16208",false,false,false,false,"","","","","",true,CAR_NO_PROGRESS_OR_NETWORK_CLUSTER
"330114",munich_resident,pt,"work","home",9282.000,6267.272,65157.000,107643.000,waitingForPt,65157.000,"106563",<none>,,"",true,false,false,false,"106563","106133.2","","","",true,PT_NEVER_BOARDED
"3303622",unresolved_background,car,"other","other",46557.000,23887.031,46557.000,126243.000,entered link,130904.000,"419626",entered link,130904.000,"419626",false,false,false,false,"","","","","",true,CAR_NO_PROGRESS_OR_NETWORK_CLUSTER
"3306926",munich_resident,pt,"other","home",7646.000,7019.061,74425.000,98375.000,waitingForPt,74425.000,"107758.4",<none>,,"",true,false,false,false,"107758.4","106055","","","",true,PT_NEVER_BOARDED
"3308084",munich_resident,car,"home","other",69032.000,19057.434,69032.000,103768.000,entered link,161480.000,"419626",entered link,161480.000,"419626",false,false,false,false,"","","","","",true,CAR_NO_PROGRESS_OR_NETWORK_CLUSTER
"3309655",munich_resident,pt,"other","home",24716.000,3610.881,76816.000,95984.000,waitingForPt,76816.000,"108501.1",<none>,,"",true,true,true,false,"108501.1","108710.1","tr_39697","XXX---2271996_1","XXX---2271996_1_14",true,PT_BOARDED_NOT_ARRIVED
"3316920",munich_resident,car,"other","home",49419.000,17105.905,54417.000,118383.000,entered link,134693.000,"419626",entered link,134693.000,"419626",false,false,false,false,"","","","","",true,CAR_NO_PROGRESS_OR_NETWORK_CLUSTER
"3318743",munich_resident,car,"other","home",66679.000,11041.043,115413.000,57387.000,entered link,133186.000,"16208",entered link,133186.000,"16208",false,false,false,false,"","","","","",true,CAR_NO_PROGRESS_OR_NETWORK_CLUSTER
"3318750",munich_resident,pt,"other","home",5554.000,5148.168,67307.000,105493.000,waitingForPt,67307.000,"106127.1",<none>,,"",true,false,false,false,"106127.1","108775","","","",true,PT_NEVER_BOARDED
"3331180",munich_resident,pt,"other","home",3841.000,2851.355,83549.000,89251.000,waitingForPt,83549.000,"106717",<none>,,"",true,false,false,false,"106717","106759","","","",true,PT_NEVER_BOARDED
"3332199",unresolved_background,car,"other","other",48559.000,12321.782,48559.000,124241.000,entered link,128720.000,"419626",entered link,128720.000,"419626",false,false,false,false,"","","","","",true,CAR_NO_PROGRESS_OR_NETWORK_CLUSTER
"3336662",unresolved_background,car,"work","other",67520.000,16248.099,67520.000,105280.000,entered link,157928.000,"419626",entered link,157928.000,"419626",false,false,false,false,"","","","","",true,CAR_NO_PROGRESS_OR_NETWORK_CLUSTER
"3340590",munich_resident,car,"other","home",67472.000,18814.939,67472.000,105328.000,entered link,165920.000,"419626",entered link,165920.000,"419626",false,false,false,false,"","","","","",true,CAR_NO_PROGRESS_OR_NETWORK_CLUSTER
"3351495",munich_resident,car,"other","home",77125.000,16932.119,96465.000,76335.000,entered link,123361.000,"453133",entered link,123361.000,"453133",false,false,false,false,"","","","","",true,CAR_NO_PROGRESS_OR_NETWORK_CLUSTER
"3353905",munich_resident,car,"other","home",59627.000,12421.245,143111.000,29689.000,entered link,143972.000,"419626",entered link,143972.000,"419626",false,false,false,false,"","","","","",true,CAR_NO_PROGRESS_OR_NETWORK_CLUSTER
"3354375",munich_resident,car,"other","home",77877.000,9200.657,152881.000,19919.000,entered link,153202.000,"16208",entered link,153202.000,"16208",false,false,false,false,"","","","","",true,CAR_NO_PROGRESS_OR_NETWORK_CLUSTER
"3355426",unresolved_background,car,"other","other",50035.000,18561.127,50035.000,122765.000,entered link,130553.000,"419626",entered link,130553.000,"419626",false,false,false,false,"","","","","",true,CAR_NO_PROGRESS_OR_NETWORK_CLUSTER
"3357549",munich_resident,car,"home","shopping",67239.000,12435.652,67239.000,105561.000,entered link,130318.000,"16208",entered link,130318.000,"16208",false,false,false,false,"","","","","",true,CAR_NO_PROGRESS_OR_NETWORK_CLUSTER
"3358904",munich_resident,car,"home","other",64091.000,11206.905,64091.000,108709.000,entered link,132267.000,"419626",entered link,132267.000,"419626",false,false,false,false,"","","","","",true,CAR_NO_PROGRESS_OR_NETWORK_CLUSTER
"336110",munich_resident,car,"work","home",55552.000,12786.935,55552.000,117248.000,entered link,137533.000,"419626",entered link,137533.000,"419626",false,false,false,false,"","","","","",true,CAR_NO_PROGRESS_OR_NETWORK_CLUSTER
"3364196",munich_resident,car,"shopping","home",58367.000,5208.616,101292.000,71508.000,entered link,137468.000,"16208",entered link,137468.000,"16208",false,false,false,false,"","","","","",true,CAR_NO_PROGRESS_OR_NETWORK_CLUSTER
"3365662",munich_resident,pt,"other","home",23280.000,3230.377,79638.000,93162.000,waitingForPt,79638.000,"107074.2",<none>,,"",true,true,true,false,"107074.2","107121","tr_39230","XXX---2271995_1","XXX---2271995_1_0",true,PT_BOARDED_NOT_ARRIVED
"3366455",unresolved_background,car,"other","other",68643.000,11058.789,68643.000,104157.000,entered link,121874.000,"419626",entered link,121874.000,"419626",false,false,false,false,"","","","","",true,CAR_NO_PROGRESS_OR_NETWORK_CLUSTER
"3366469",munich_resident,pt,"other","home",4781.000,6523.482,82978.000,89822.000,waitingForPt,82978.000,"109019",<none>,,"",true,false,false,false,"109019","106273.2","","","",true,PT_NEVER_BOARDED
"3367538",munich_resident,pt,"other","home",5543.000,3353.943,80411.000,92389.000,waitingForPt,80411.000,"106218.2",<none>,,"",true,false,false,false,"106218.2","106048","","","",true,PT_NEVER_BOARDED
"337113",munich_resident,car,"work","home",65589.000,9593.065,65589.000,107211.000,entered link,139165.000,"419626",entered link,139165.000,"419626",false,false,false,false,"","","","","",true,CAR_NO_PROGRESS_OR_NETWORK_CLUSTER
"3371326",munich_resident,car,"other","home",52711.000,11330.209,93754.000,79046.000,entered link,129408.000,"16208",entered link,129408.000,"16208",false,false,false,false,"","","","","",true,CAR_NO_PROGRESS_OR_NETWORK_CLUSTER
"3372574",munich_resident,car,"shopping","home",62908.000,9033.515,155418.000,17382.000,entered link,155639.000,"419626",entered link,155639.000,"419626",false,false,false,false,"","","","","",true,CAR_NO_PROGRESS_OR_NETWORK_CLUSTER
"3372902",munich_resident,pt,"other","home",5972.000,9463.436,63461.000,109339.000,waitingForPt,63461.000,"107751",<none>,,"",true,false,false,false,"107751","108466.1","","","",true,PT_NEVER_BOARDED
"3374427",munich_resident,car,"other","home",78756.000,6743.063,91530.000,81270.000,entered link,118354.000,"16208",entered link,118354.000,"16208",false,false,false,false,"","","","","",true,CAR_NO_PROGRESS_OR_NETWORK_CLUSTER
"3377467",munich_resident,car,"other","home",67775.000,7852.522,144558.000,28242.000,entered link,144866.000,"16208",entered link,144866.000,"16208",false,false,false,false,"","","","","",true,CAR_NO_PROGRESS_OR_NETWORK_CLUSTER
"3379439",munich_resident,car,"other","home",59327.000,7328.723,59327.000,113473.000,entered link,120958.000,"16208",entered link,120958.000,"16208",false,false,false,false,"","","","","",true,CAR_NO_PROGRESS_OR_NETWORK_CLUSTER
"3381188",munich_resident,car,"shopping","home",65914.000,7647.371,92832.000,79968.000,entered link,122650.000,"453133",entered link,122650.000,"453133",false,false,false,false,"","","","","",true,CAR_NO_PROGRESS_OR_NETWORK_CLUSTER
"3386418",munich_resident,car,"shopping","home",65511.000,7257.246,92648.000,80152.000,entered link,136883.000,"419626",entered link,136883.000,"419626",false,false,false,false,"","","","","",true,CAR_NO_PROGRESS_OR_NETWORK_CLUSTER
"3386427",munich_resident,car,"shopping","home",51441.000,17271.751,51441.000,121359.000,entered link,139027.000,"419626",entered link,139027.000,"419626",false,false,false,false,"","","","","",true,CAR_NO_PROGRESS_OR_NETWORK_CLUSTER
"3389250",unresolved_background,car,"other","other",62322.000,9158.859,62322.000,110478.000,entered link,122612.000,"419626",entered link,122612.000,"419626",false,false,false,false,"","","","","",true,CAR_NO_PROGRESS_OR_NETWORK_CLUSTER
"3391208",munich_resident,car,"other","home",63143.000,14670.154,107978.000,64822.000,entered link,120733.000,"453133",entered link,120733.000,"453133",false,false,false,false,"","","","","",true,CAR_NO_PROGRESS_OR_NETWORK_CLUSTER
"3393542",munich_resident,pt,"other","home",3147.000,7174.232,57485.000,115315.000,waitingForPt,57485.000,"107880",<none>,,"",true,false,false,false,"107880","106078","","","",true,PT_NEVER_BOARDED
"3394801",munich_resident,car,"home","other",54740.000,14215.004,54740.000,118060.000,entered link,141646.000,"419626",entered link,141646.000,"419626",false,false,false,false,"","","","","",true,CAR_NO_PROGRESS_OR_NETWORK_CLUSTER
"3404967",munich_resident,car,"other","home",1121.000,14277.347,111058.000,61742.000,entered link,130763.000,"419626",entered link,130763.000,"419626",false,false,false,false,"","","","","",true,CAR_NO_PROGRESS_OR_NETWORK_CLUSTER
"3408104",munich_resident,car,"other","home",38118.000,11099.082,67405.000,105395.000,entered link,126848.000,"419626",entered link,126848.000,"419626",false,false,false,false,"","","","","",true,CAR_NO_PROGRESS_OR_NETWORK_CLUSTER
"3412109",munich_resident,car,"home","other",61681.000,15183.317,61681.000,111119.000,entered link,155897.000,"419626",entered link,155897.000,"419626",false,false,false,false,"","","","","",true,CAR_NO_PROGRESS_OR_NETWORK_CLUSTER
"3415043",unresolved_background,car,"other","other",71418.000,7334.534,71418.000,101382.000,entered link,129269.000,"419626",entered link,129269.000,"419626",false,false,false,false,"","","","","",true,CAR_NO_PROGRESS_OR_NETWORK_CLUSTER
"3416262",munich_resident,car,"other","home",81335.000,24780.384,98281.000,74519.000,entered link,118996.000,"453133",entered link,118996.000,"453133",false,false,false,false,"","","","","",true,CAR_NO_PROGRESS_OR_NETWORK_CLUSTER
"341685",munich_resident,car,"work","home",61408.000,8477.283,61408.000,111392.000,entered link,123398.000,"419626",entered link,123398.000,"419626",false,false,false,false,"","","","","",true,CAR_NO_PROGRESS_OR_NETWORK_CLUSTER
"3418261",munich_resident,pt,"other","home",10710.000,16267.366,63745.000,109055.000,waitingForPt,63745.000,"106382.2",<none>,,"",true,false,false,false,"106382.2","108701","","","",true,PT_NEVER_BOARDED
"342019",munich_resident,pt,"work","home",4236.000,5887.993,83455.000,89345.000,waitingForPt,83455.000,"106705",<none>,,"",true,false,false,false,"106705","106056.1","","","",true,PT_NEVER_BOARDED
"3421514",munich_resident,car,"home","other",55985.000,11530.553,55985.000,116815.000,entered link,120178.000,"16208",entered link,120178.000,"16208",false,false,false,false,"","","","","",true,CAR_NO_PROGRESS_OR_NETWORK_CLUSTER
"3422991",munich_resident,car,"home","other",54424.000,12429.362,54424.000,118376.000,entered link,136267.000,"419626",entered link,136267.000,"419626",false,false,false,false,"","","","","",true,CAR_NO_PROGRESS_OR_NETWORK_CLUSTER
"3424318",unresolved_background,car,"other","other",61093.000,6063.384,61093.000,111707.000,entered link,123089.000,"419626",entered link,123089.000,"419626",false,false,false,false,"","","","","",true,CAR_NO_PROGRESS_OR_NETWORK_CLUSTER
"3434915",munich_resident,pt,"other","home",4130.000,4345.534,76546.000,96254.000,waitingForPt,76546.000,"107254.1",<none>,,"",true,false,false,false,"107254.1","106055","","","",true,PT_NEVER_BOARDED
"3440057",munich_resident,car,"home","other",51336.000,11416.219,51336.000,121464.000,entered link,130833.000,"419626",entered link,130833.000,"419626",false,false,false,false,"","","","","",true,CAR_NO_PROGRESS_OR_NETWORK_CLUSTER
"3440280",munich_resident,car,"shopping","home",71773.000,10058.819,85830.000,86970.000,entered link,120688.000,"453133",entered link,120688.000,"453133",false,false,false,false,"","","","","",true,CAR_NO_PROGRESS_OR_NETWORK_CLUSTER
"3440493",munich_resident,car,"shopping","home",21552.000,7583.086,87538.000,85262.000,entered link,121363.000,"453133",entered link,121363.000,"453133",false,false,false,false,"","","","","",true,CAR_NO_PROGRESS_OR_NETWORK_CLUSTER
"3442052",munich_resident,car,"other","home",66302.000,11516.310,69222.000,103578.000,entered link,154576.000,"16208",entered link,154576.000,"16208",false,false,false,false,"","","","","",true,CAR_NO_PROGRESS_OR_NETWORK_CLUSTER
"3443201",munich_resident,car,"other","home",66630.000,13986.679,95518.000,77282.000,entered link,122213.000,"419626",entered link,122213.000,"419626",false,false,false,false,"","","","","",true,CAR_NO_PROGRESS_OR_NETWORK_CLUSTER
"3443713",munich_resident,car,"other","home",67492.000,17881.762,165427.000,7373.000,entered link,166109.000,"419626",entered link,166109.000,"419626",false,false,false,false,"","","","","",true,CAR_NO_PROGRESS_OR_NETWORK_CLUSTER
"3444296",munich_resident,car,"other","home",81729.000,10592.776,150590.000,22210.000,entered link,151277.000,"419626",entered link,151277.000,"419626",false,false,false,false,"","","","","",true,CAR_NO_PROGRESS_OR_NETWORK_CLUSTER
"3446129",unresolved_background,walk,"work","other",69051.000,114274.414,69051.000,103749.000,departure,69051.000,"417290",<none>,,"",false,false,false,false,"","","","","",true,PT_NEVER_BOARDED
"3446174",unresolved_background,car,"other","other",74034.000,14170.711,74034.000,98766.000,entered link,122011.000,"453133",entered link,122011.000,"453133",false,false,false,false,"","","","","",true,CAR_NO_PROGRESS_OR_NETWORK_CLUSTER
"3449232",unresolved_background,car,"other","other",69120.000,9060.493,69120.000,103680.000,entered link,128291.000,"419626",entered link,128291.000,"419626",false,false,false,false,"","","","","",true,CAR_NO_PROGRESS_OR_NETWORK_CLUSTER
"3453142",munich_resident,car,"other","home",60440.000,9789.894,99423.000,73377.000,entered link,119167.000,"453133",entered link,119167.000,"453133",false,false,false,false,"","","","","",true,CAR_NO_PROGRESS_OR_NETWORK_CLUSTER
"3453572",munich_resident,car,"home","other",74810.000,18391.321,74810.000,97990.000,entered link,171680.000,"419626",entered link,171680.000,"419626",false,false,false,false,"","","","","",true,CAR_NO_PROGRESS_OR_NETWORK_CLUSTER
"3457716",munich_resident,car,"shopping","home",70073.000,10356.757,93966.000,78834.000,entered link,117367.000,"453133",entered link,117367.000,"453133",false,false,false,false,"","","","","",true,CAR_NO_PROGRESS_OR_NETWORK_CLUSTER
"3458064",munich_resident,car,"other","home",74915.000,11332.637,87039.000,85761.000,entered link,121408.000,"453133",entered link,121408.000,"453133",false,false,false,false,"","","","","",true,CAR_NO_PROGRESS_OR_NETWORK_CLUSTER
"3458868",munich_resident,car,"other","home",67735.000,6047.231,107526.000,65274.000,entered link,130448.000,"16208",entered link,130448.000,"16208",false,false,false,false,"","","","","",true,CAR_NO_PROGRESS_OR_NETWORK_CLUSTER
"3458917",munich_resident,car,"other","home",63620.000,17736.047,114132.000,58668.000,entered link,121966.000,"453133",entered link,121966.000,"453133",false,false,false,false,"","","","","",true,CAR_NO_PROGRESS_OR_NETWORK_CLUSTER
"345978",munich_resident,pt,"education","home",7330.000,8190.390,61102.000,111698.000,waitingForPt,61102.000,"106225",<none>,,"",true,false,false,false,"106225","107307.1","","","",true,PT_NEVER_BOARDED
"3461873",munich_resident,car,"other","home",75375.000,15442.113,91043.000,81757.000,entered link,122299.000,"453133",entered link,122299.000,"453133",false,false,false,false,"","","","","",true,CAR_NO_PROGRESS_OR_NETWORK_CLUSTER
"3465644",munich_resident,car,"other","home",66188.000,6786.483,91117.000,81683.000,entered link,134241.000,"419626",entered link,134241.000,"419626",false,false,false,false,"","","","","",true,CAR_NO_PROGRESS_OR_NETWORK_CLUSTER
"346798",munich_resident,pt,"work","home",33603.000,2050.509,83038.000,89762.000,waitingForPt,83038.000,"183121",<none>,,"",true,false,false,false,"183121","106654","","","",true,PT_NEVER_BOARDED
"346800",munich_resident,pt,"education","home",4076.000,2469.267,69920.000,102880.000,waitingForPt,69920.000,"106226.1",<none>,,"",true,false,false,false,"106226.1","106055","","","",true,PT_NEVER_BOARDED
"3480098",munich_resident,car,"other","home",9416.000,9416.615,105652.000,67148.000,entered link,120373.000,"453133",entered link,120373.000,"453133",false,false,false,false,"","","","","",true,CAR_NO_PROGRESS_OR_NETWORK_CLUSTER
"3482059",munich_resident,car,"other","home",5951.000,6326.588,118429.000,54371.000,entered link,134542.000,"16208",entered link,134542.000,"16208",false,false,false,false,"","","","","",true,CAR_NO_PROGRESS_OR_NETWORK_CLUSTER
"3483353",munich_resident,car,"home","other",67622.000,13188.474,67622.000,105178.000,entered link,158408.000,"419626",entered link,158408.000,"419626",false,false,false,false,"","","","","",true,CAR_NO_PROGRESS_OR_NETWORK_CLUSTER
"3483354",munich_resident,car,"home","other",47129.000,14832.530,47129.000,125671.000,entered link,121023.000,"419626",entered link,121023.000,"419626",false,false,false,false,"","","","","",true,CAR_NO_PROGRESS_OR_NETWORK_CLUSTER
"348553",munich_resident,pt,"work","home",4287.000,5719.600,56373.000,116427.000,waitingForPt,56373.000,"106662.2",<none>,,"",true,false,false,false,"106662.2","108466","","","",true,PT_NEVER_BOARDED
"3489172",munich_resident,pt,"other","home",3655.000,4034.415,82057.000,90743.000,waitingForPt,82057.000,"106602",<none>,,"",true,false,false,false,"106602","106250","","","",true,PT_NEVER_BOARDED
"349894",munich_resident,pt,"work","home",8389.000,3037.838,66263.000,106537.000,waitingForPt,66263.000,"107619.2",<none>,,"",true,false,false,false,"107619.2","106078","","","",true,PT_NEVER_BOARDED
"3504914",unresolved_background,car,"other","other",59120.000,11421.332,59120.000,113680.000,entered link,121092.000,"419626",entered link,121092.000,"419626",false,false,false,false,"","","","","",true,CAR_NO_PROGRESS_OR_NETWORK_CLUSTER
"3508174",munich_resident,car,"shopping","home",45058.000,6249.559,95171.000,77629.000,entered link,132337.000,"419626",entered link,132337.000,"419626",false,false,false,false,"","","","","",true,CAR_NO_PROGRESS_OR_NETWORK_CLUSTER
"3508338",munich_resident,car,"home","other",55565.000,14515.162,55565.000,117235.000,entered link,124346.000,"419626",entered link,124346.000,"419626",false,false,false,false,"","","","","",true,CAR_NO_PROGRESS_OR_NETWORK_CLUSTER
"3508938",munich_resident,pt,"other","home",6480.000,11414.467,76044.000,96756.000,waitingForPt,76044.000,"106055",<none>,,"",true,true,true,false,"106055","108287.1","tr_3515","XXX---162462_109","XXX---162462_109_11",true,PT_BOARDED_NOT_ARRIVED
"3510660",munich_resident,pt,"other","home",38610.000,12899.317,90260.000,82540.000,waitingForPt,90260.000,"106070",<none>,,"",true,true,true,false,"106070","109808","tr_41603","XXX---2272005_0","XXX---2272005_0_1",true,PT_BOARDED_NOT_ARRIVED
"3510987",munich_resident,car,"other","home",4027.000,12761.984,100381.000,72419.000,entered link,123649.000,"453133",entered link,123649.000,"453133",false,false,false,false,"","","","","",true,CAR_NO_PROGRESS_OR_NETWORK_CLUSTER
"3512236",munich_resident,car,"other","home",50082.000,7268.845,62405.000,110395.000,entered link,172741.000,"164220",entered link,172741.000,"164220",false,false,false,false,"","","","","",true,CAR_NO_PROGRESS_OR_NETWORK_CLUSTER
"3512853",munich_resident,car,"other","home",61695.000,10778.876,135005.000,37795.000,entered link,135308.000,"419626",entered link,135308.000,"419626",false,false,false,false,"","","","","",true,CAR_NO_PROGRESS_OR_NETWORK_CLUSTER
"351619",munich_resident,car,"home","work",66059.000,16200.336,66059.000,106741.000,entered link,116017.000,"453133",entered link,116017.000,"453133",false,false,false,false,"","","","","",true,CAR_NO_PROGRESS_OR_NETWORK_CLUSTER
"3516741",munich_resident,car,"other","home",56330.000,29892.362,70238.000,102562.000,entered link,164360.000,"419626",entered link,164360.000,"419626",false,false,false,false,"","","","","",true,CAR_NO_PROGRESS_OR_NETWORK_CLUSTER
"3517407",munich_resident,pt,"other","home",15249.000,3388.196,75818.000,96982.000,waitingForPt,75818.000,"107471",<none>,,"",true,false,false,false,"107471","107662","","","",true,PT_NEVER_BOARDED
"3521946",munich_resident,car,"other","home",68173.000,4428.518,91143.000,81657.000,entered link,128628.000,"16208",entered link,128628.000,"16208",false,false,false,false,"","","","","",true,CAR_NO_PROGRESS_OR_NETWORK_CLUSTER
"3522929",munich_resident,car,"other","home",74521.000,7602.441,103427.000,69373.000,entered link,138713.000,"419626",entered link,138713.000,"419626",false,false,false,false,"","","","","",true,CAR_NO_PROGRESS_OR_NETWORK_CLUSTER
"3523813",munich_resident,car,"home","shopping",57692.000,6221.778,57692.000,115108.000,entered link,140479.000,"16208",entered link,140479.000,"16208",false,false,false,false,"","","","","",true,CAR_NO_PROGRESS_OR_NETWORK_CLUSTER
"352661",munich_resident,pt,"work","home",9059.000,5397.998,46073.000,126727.000,waitingForPt,46073.000,"108746",<none>,,"",true,false,false,false,"108746","106345","","","",true,PT_NEVER_BOARDED
"3527193",munich_resident,pt,"other","home",4000.000,1471.475,76979.000,95821.000,waitingForPt,76979.000,"106355.1",<none>,,"",true,false,false,false,"106355.1","106052.1","","","",true,PT_NEVER_BOARDED
"3532012",munich_resident,car,"other","home",67633.000,11883.087,105144.000,67656.000,entered link,120292.000,"453133",entered link,120292.000,"453133",false,false,false,false,"","","","","",true,CAR_NO_PROGRESS_OR_NETWORK_CLUSTER
"3534216",munich_resident,car,"home","other",71789.000,6494.677,71789.000,101011.000,entered link,132915.000,"419626",entered link,132915.000,"419626",false,false,false,false,"","","","","",true,CAR_NO_PROGRESS_OR_NETWORK_CLUSTER
"3534502",munich_resident,car,"home","other",46883.000,13752.020,46883.000,125917.000,entered link,125022.000,"419626",entered link,125022.000,"419626",false,false,false,false,"","","","","",true,CAR_NO_PROGRESS_OR_NETWORK_CLUSTER
"3537446",munich_resident,pt,"other","home",14174.000,12690.818,80649.000,92151.000,waitingForPt,80649.000,"180819",<none>,,"",true,false,false,false,"180819","108506","","","",true,PT_NEVER_BOARDED
"353870",munich_resident,pt,"work","home",6779.000,10219.311,52384.000,120416.000,waitingForPt,52384.000,"167614",<none>,,"",true,false,false,false,"167614","109274.1","","","",true,PT_NEVER_BOARDED
"3539050",munich_resident,pt,"shopping","home",44646.000,4357.961,47499.000,125301.000,waitingForPt,47499.000,"12832.1",<none>,,"",true,false,false,false,"12832.1","12795.7","","","",true,PT_NEVER_BOARDED
"3539769",munich_resident,car,"other","home",71239.000,10314.158,114887.000,57913.000,entered link,139990.000,"419626",entered link,139990.000,"419626",false,false,false,false,"","","","","",true,CAR_NO_PROGRESS_OR_NETWORK_CLUSTER
"3542297",unresolved_background,car,"other","other",53483.000,20591.143,53483.000,119317.000,entered link,140128.000,"419626",entered link,140128.000,"419626",false,false,false,false,"","","","","",true,CAR_NO_PROGRESS_OR_NETWORK_CLUSTER
"354966",munich_resident,pt,"work","home",4002.000,12443.576,60138.000,112662.000,waitingForPt,60138.000,"107829.1",<none>,,"",true,false,false,false,"107829.1","106055","","","",true,PT_NEVER_BOARDED
"3549967",munich_resident,car,"other","home",39067.000,9534.654,57426.000,115374.000,entered link,126159.000,"419626",entered link,126159.000,"419626",false,false,false,false,"","","","","",true,CAR_NO_PROGRESS_OR_NETWORK_CLUSTER
"3550827",munich_resident,car,"other","home",77828.000,12095.123,107684.000,65116.000,entered link,120553.000,"453133",entered link,120553.000,"453133",false,false,false,false,"","","","","",true,CAR_NO_PROGRESS_OR_NETWORK_CLUSTER
"3551962",munich_resident,pt,"other","home",10047.000,10897.252,89117.000,83683.000,waitingForPt,89117.000,"109213",<none>,,"",true,false,false,false,"109213","106273.2","","","",true,PT_NEVER_BOARDED
"3552622",munich_resident,car,"other","home",70913.000,12880.974,75695.000,97105.000,entered link,124728.000,"16208",entered link,124728.000,"16208",false,false,false,false,"","","","","",true,CAR_NO_PROGRESS_OR_NETWORK_CLUSTER
"3555309",munich_resident,car,"home","other",69351.000,9478.996,69351.000,103449.000,entered link,132198.000,"419626",entered link,132198.000,"419626",false,false,false,false,"","","","","",true,CAR_NO_PROGRESS_OR_NETWORK_CLUSTER
"3557564",munich_resident,car,"other","home",75537.000,13027.006,96422.000,76378.000,entered link,122173.000,"16208",entered link,122173.000,"16208",false,false,false,false,"","","","","",true,CAR_NO_PROGRESS_OR_NETWORK_CLUSTER
"3559692",munich_resident,car,"other","home",59397.000,17491.709,84597.000,88203.000,entered link,123001.000,"453133",entered link,123001.000,"453133",false,false,false,false,"","","","","",true,CAR_NO_PROGRESS_OR_NETWORK_CLUSTER
"3561286",munich_resident,car,"other","home",59254.000,14705.619,105962.000,66838.000,entered link,128222.000,"419626",entered link,128222.000,"419626",false,false,false,false,"","","","","",true,CAR_NO_PROGRESS_OR_NETWORK_CLUSTER
"3568097",munich_resident,car,"other","home",70858.000,24618.671,117991.000,54809.000,entered link,122956.000,"453133",entered link,122956.000,"453133",false,false,false,false,"","","","","",true,CAR_NO_PROGRESS_OR_NETWORK_CLUSTER
"3569585",unresolved_background,car,"other","other",61474.000,8840.691,61474.000,111326.000,entered link,129467.000,"419626",entered link,129467.000,"419626",false,false,false,false,"","","","","",true,CAR_NO_PROGRESS_OR_NETWORK_CLUSTER
"3570743",munich_resident,car,"other","home",63751.000,7032.365,107073.000,65727.000,entered link,139158.000,"16208",entered link,139158.000,"16208",false,false,false,false,"","","","","",true,CAR_NO_PROGRESS_OR_NETWORK_CLUSTER
"3572260",munich_resident,pt,"other","home",9263.000,7481.058,74215.000,98585.000,waitingForPt,74215.000,"109956",<none>,,"",true,false,false,false,"109956","109388","","","",true,PT_NEVER_BOARDED
"3574086",munich_resident,car,"other","home",64759.000,9385.977,64759.000,108041.000,entered link,121475.000,"419626",entered link,121475.000,"419626",false,false,false,false,"","","","","",true,CAR_NO_PROGRESS_OR_NETWORK_CLUSTER
"3574496",munich_resident,pt,"other","home",2022.000,2594.139,88957.000,83843.000,waitingForPt,88957.000,"107763",<none>,,"",true,false,false,false,"107763","107252.1","","","",true,PT_NEVER_BOARDED
"357722",munich_resident,car,"work","home",47825.000,15496.186,113173.000,59627.000,entered link,139921.000,"419626",entered link,139921.000,"419626",false,false,false,false,"","","","","",true,CAR_NO_PROGRESS_OR_NETWORK_CLUSTER
"3581286",munich_resident,car,"other","home",66561.000,18224.429,79221.000,93579.000,entered link,122628.000,"453133",entered link,122628.000,"453133",false,false,false,false,"","","","","",true,CAR_NO_PROGRESS_OR_NETWORK_CLUSTER
"3581703",munich_resident,car,"home","other",46901.000,12682.368,46901.000,125899.000,entered link,133834.000,"419626",entered link,133834.000,"419626",false,false,false,false,"","","","","",true,CAR_NO_PROGRESS_OR_NETWORK_CLUSTER
"3582665",munich_resident,car,"home","other",74699.000,6585.208,74699.000,98101.000,entered link,122081.000,"419626",entered link,122081.000,"419626",false,false,false,false,"","","","","",true,CAR_NO_PROGRESS_OR_NETWORK_CLUSTER
"3589220",munich_resident,pt,"other","home",4929.000,16497.195,86691.000,86109.000,waitingForPt,86691.000,"11637",<none>,,"",true,false,false,false,"11637","106120.4","","","",true,PT_NEVER_BOARDED
"3590076",munich_resident,pt,"other","home",11929.000,6285.474,69350.000,103450.000,waitingForPt,69350.000,"106312.1",<none>,,"",true,false,false,false,"106312.1","108447","","","",true,PT_NEVER_BOARDED
"3592404",munich_resident,car,"other","home",64422.000,13360.970,102242.000,70558.000,entered link,139096.000,"419626",entered link,139096.000,"419626",false,false,false,false,"","","","","",true,CAR_NO_PROGRESS_OR_NETWORK_CLUSTER
"3594407",unresolved_background,car,"other","other",70926.000,12795.060,70926.000,101874.000,entered link,124206.000,"419626",entered link,124206.000,"419626",false,false,false,false,"","","","","",true,CAR_NO_PROGRESS_OR_NETWORK_CLUSTER
"3596361",munich_resident,pt,"other","home",3630.000,5288.955,78809.000,93991.000,waitingForPt,78809.000,"106154",<none>,,"",true,false,false,false,"106154","106877","","","",true,PT_NEVER_BOARDED
"3598944",munich_resident,car,"other","home",61278.000,14810.393,85495.000,87305.000,entered link,120598.000,"453133",entered link,120598.000,"453133",false,false,false,false,"","","","","",true,CAR_NO_PROGRESS_OR_NETWORK_CLUSTER
"3599047",unresolved_background,car,"other","other",72212.000,19068.110,72212.000,100588.000,entered link,123038.000,"16208",entered link,123038.000,"16208",false,false,false,false,"","","","","",true,CAR_NO_PROGRESS_OR_NETWORK_CLUSTER
"3599483",unresolved_background,car,"other","other",66760.000,16505.734,66760.000,106040.000,entered link,126637.000,"419626",entered link,126637.000,"419626",false,false,false,false,"","","","","",true,CAR_NO_PROGRESS_OR_NETWORK_CLUSTER
"3603142",munich_resident,pt,"other","home",8689.000,9202.477,66271.000,106529.000,waitingForPt,66271.000,"107813",<none>,,"",true,false,false,false,"107813","106055","","","",true,PT_NEVER_BOARDED
"3604556",munich_resident,car,"other","home",2521.000,11214.782,132260.000,40540.000,entered link,141166.000,"16208",entered link,141166.000,"16208",false,false,false,false,"","","","","",true,CAR_NO_PROGRESS_OR_NETWORK_CLUSTER
"3606615",munich_resident,car,"other","home",74526.000,9502.201,130929.000,41871.000,entered link,141025.000,"419626",entered link,141025.000,"419626",false,false,false,false,"","","","","",true,CAR_NO_PROGRESS_OR_NETWORK_CLUSTER
"3607997",munich_resident,car,"other","home",60260.000,9415.851,89206.000,83594.000,entered link,116521.000,"453133",entered link,116521.000,"453133",false,false,false,false,"","","","","",true,CAR_NO_PROGRESS_OR_NETWORK_CLUSTER
"3609405",munich_resident,car,"home","other",70209.000,9431.163,70209.000,102591.000,entered link,168339.000,"419626",entered link,168339.000,"419626",false,false,false,false,"","","","","",true,CAR_NO_PROGRESS_OR_NETWORK_CLUSTER
"3612701",unresolved_background,car,"other","other",61878.000,16959.523,61878.000,110922.000,entered link,159848.000,"419626",entered link,159848.000,"419626",false,false,false,false,"","","","","",true,CAR_NO_PROGRESS_OR_NETWORK_CLUSTER
"361366",munich_resident,car,"work","home",85273.000,5745.367,92785.000,80015.000,entered link,172799.000,"120294",entered link,172799.000,"120294",false,false,false,false,"","","","","",true,CAR_NO_PROGRESS_OR_NETWORK_CLUSTER
"36152",regional_background,walk,"education","home",83927.000,76745.798,83927.000,88873.000,departure,83927.000,"36452",<none>,,"",false,false,false,false,"","","","","",true,PT_NEVER_BOARDED
"3615285",unresolved_background,car,"other","other",46385.000,12890.227,46385.000,126415.000,entered link,125234.000,"419626",entered link,125234.000,"419626",false,false,false,false,"","","","","",true,CAR_NO_PROGRESS_OR_NETWORK_CLUSTER
"3615473",munich_resident,car,"other","home",52681.000,17043.532,73924.000,98876.000,entered link,172280.000,"419626",entered link,172280.000,"419626",false,false,false,false,"","","","","",true,CAR_NO_PROGRESS_OR_NETWORK_CLUSTER
"3617637",munich_resident,car,"home","other",77920.000,17833.801,77920.000,94880.000,entered link,115603.000,"453133",entered link,115603.000,"453133",false,false,false,false,"","","","","",true,CAR_NO_PROGRESS_OR_NETWORK_CLUSTER
"3618603",munich_resident,car,"other","home",81590.000,8233.066,110040.000,62760.000,entered link,131098.000,"16208",entered link,131098.000,"16208",false,false,false,false,"","","","","",true,CAR_NO_PROGRESS_OR_NETWORK_CLUSTER
"3620035",munich_resident,car,"other","home",52847.000,9791.204,73937.000,98863.000,entered link,122518.000,"16208",entered link,122518.000,"16208",false,false,false,false,"","","","","",true,CAR_NO_PROGRESS_OR_NETWORK_CLUSTER
"3621028",unresolved_background,car,"other","other",45492.000,5999.644,45492.000,127308.000,entered link,129018.000,"16208",entered link,129018.000,"16208",false,false,false,false,"","","","","",true,CAR_NO_PROGRESS_OR_NETWORK_CLUSTER
"3623060",munich_resident,pt,"other","home",69132.000,3515.349,73460.000,99340.000,waitingForPt,73460.000,"108711",<none>,,"",true,false,false,false,"108711","108501","","","",true,PT_NEVER_BOARDED
"3623601",regional_background,pt,"shopping","home",67393.000,1750.089,69316.000,103484.000,waitingForPt,69316.000,"22801",<none>,,"",true,false,false,false,"22801","22820.1","","","",true,PT_NEVER_BOARDED
"3624567",munich_resident,car,"other","home",65998.000,6681.730,65998.000,106802.000,entered link,137858.000,"16208",entered link,137858.000,"16208",false,false,false,false,"","","","","",true,CAR_NO_PROGRESS_OR_NETWORK_CLUSTER
"362724",munich_resident,pt,"work","home",5100.000,3198.086,80653.000,92147.000,waitingForPt,80653.000,"106949",<none>,,"",true,true,true,false,"106949","107821.2","tr_2570","XXX---162455_109","XXX---162455_109_2",true,PT_BOARDED_NOT_ARRIVED
"3628378",munich_resident,car,"other","home",65993.000,29574.486,121017.000,51783.000,entered link,135518.000,"16208",entered link,135518.000,"16208",false,false,false,false,"","","","","",true,CAR_NO_PROGRESS_OR_NETWORK_CLUSTER
"3638136",munich_resident,pt,"other","home",8436.000,5314.455,64982.000,107818.000,waitingForPt,64982.000,"106052.2",<none>,,"",true,false,false,false,"106052.2","109346","","","",true,PT_NEVER_BOARDED
"3639180",munich_resident,pt,"other","home",9843.000,6890.765,77239.000,95561.000,waitingForPt,77239.000,"108608",<none>,,"",true,false,false,false,"108608","106691","","","",true,PT_NEVER_BOARDED
"3639539",munich_resident,car,"other","home",75714.000,7312.440,117404.000,55396.000,entered link,122389.000,"453133",entered link,122389.000,"453133",false,false,false,false,"","","","","",true,CAR_NO_PROGRESS_OR_NETWORK_CLUSTER
"3640793",munich_resident,pt,"other","home",6540.000,5005.225,80859.000,91941.000,waitingForPt,80859.000,"6892.4",<none>,,"",true,true,true,false,"6892.4","7309","tr_2584","XXX---162455_109","XXX---162455_109_5",true,PT_BOARDED_NOT_ARRIVED
"364839",munich_resident,pt,"work","home",5760.000,9872.619,54912.000,117888.000,waitingForPt,54912.000,"106055.1",<none>,,"",true,true,true,false,"106055.1","109098","tr_3618","XXX---162462_109","XXX---162462_109_26",true,PT_BOARDED_NOT_ARRIVED
"3652400",unresolved_background,car,"other","other",47560.000,14095.329,47560.000,125240.000,entered link,124447.000,"16208",entered link,124447.000,"16208",false,false,false,false,"","","","","",true,CAR_NO_PROGRESS_OR_NETWORK_CLUSTER
"3652741",munich_resident,car,"other","home",71015.000,10364.531,119403.000,53397.000,entered link,149776.000,"16208",entered link,149776.000,"16208",false,false,false,false,"","","","","",true,CAR_NO_PROGRESS_OR_NETWORK_CLUSTER
"365349",munich_resident,pt,"work","home",9414.000,7171.661,72032.000,100768.000,waitingForPt,72032.000,"106078.1",<none>,,"",true,false,false,false,"106078.1","106319.2","","","",true,PT_NEVER_BOARDED
"3655446",unresolved_background,car,"other","other",60115.000,18883.111,60115.000,112685.000,entered link,143456.000,"419626",entered link,143456.000,"419626",false,false,false,false,"","","","","",true,CAR_NO_PROGRESS_OR_NETWORK_CLUSTER
"3657770",unresolved_background,car,"other","other",81137.000,11793.153,81137.000,91663.000,entered link,126938.000,"16208",entered link,126938.000,"16208",false,false,false,false,"","","","","",true,CAR_NO_PROGRESS_OR_NETWORK_CLUSTER
"3658141",unresolved_background,car,"other","other",71104.000,20430.403,71104.000,101696.000,entered link,134377.000,"419626",entered link,134377.000,"419626",false,false,false,false,"","","","","",true,CAR_NO_PROGRESS_OR_NETWORK_CLUSTER
"3659347",munich_resident,car,"other","home",54178.000,7406.473,54178.000,118622.000,entered link,133308.000,"16208",entered link,133308.000,"16208",false,false,false,false,"","","","","",true,CAR_NO_PROGRESS_OR_NETWORK_CLUSTER
"366057",munich_resident,pt,"work","home",8328.000,2552.041,51039.000,121761.000,waitingForPt,51039.000,"106249",<none>,,"",true,false,false,false,"106249","106048","","","",true,PT_NEVER_BOARDED
"3663141",munich_resident,car,"other","home",69392.000,20937.697,114593.000,58207.000,entered link,132941.000,"419626",entered link,132941.000,"419626",false,false,false,false,"","","","","",true,CAR_NO_PROGRESS_OR_NETWORK_CLUSTER
"3663474",munich_resident,car,"other","home",54284.000,16793.702,68343.000,104457.000,entered link,134771.000,"419626",entered link,134771.000,"419626",false,false,false,false,"","","","","",true,CAR_NO_PROGRESS_OR_NETWORK_CLUSTER
"3665846",munich_resident,car,"home","other",59590.000,10978.397,59590.000,113210.000,entered link,121733.000,"419626",entered link,121733.000,"419626",false,false,false,false,"","","","","",true,CAR_NO_PROGRESS_OR_NETWORK_CLUSTER
"3666028",munich_resident,car,"other","home",51827.000,14246.747,149871.000,22929.000,entered link,150622.000,"16208",entered link,150622.000,"16208",false,false,false,false,"","","","","",true,CAR_NO_PROGRESS_OR_NETWORK_CLUSTER
"3668739",unresolved_background,car,"other","other",64708.000,15390.926,64708.000,108092.000,entered link,150968.000,"419626",entered link,150968.000,"419626",false,false,false,false,"","","","","",true,CAR_NO_PROGRESS_OR_NETWORK_CLUSTER
"3676220",munich_resident,car,"other","home",75970.000,12853.681,94242.000,78558.000,entered link,120010.000,"16208",entered link,120010.000,"16208",false,false,false,false,"","","","","",true,CAR_NO_PROGRESS_OR_NETWORK_CLUSTER
"367700",munich_resident,car,"work","home",62366.000,17698.809,62366.000,110434.000,entered link,172729.000,"16208",entered link,172729.000,"16208",false,false,false,false,"","","","","",true,CAR_NO_PROGRESS_OR_NETWORK_CLUSTER
"3685704",unresolved_background,car,"other","other",66356.000,8450.061,66356.000,106444.000,entered link,125590.000,"16208",entered link,125590.000,"16208",false,false,false,false,"","","","","",true,CAR_NO_PROGRESS_OR_NETWORK_CLUSTER
"3686467",munich_resident,car,"other","home",891.000,12684.998,94315.000,78485.000,entered link,123523.000,"453133",entered link,123523.000,"453133",false,false,false,false,"","","","","",true,CAR_NO_PROGRESS_OR_NETWORK_CLUSTER
"368684",munich_resident,pt,"work","home",35755.000,9017.920,87439.000,85361.000,waitingForPt,87439.000,"5974",<none>,,"",true,false,false,false,"5974","106064","","","",true,PT_NEVER_BOARDED
"3688037",munich_resident,car,"home","other",72681.000,9106.928,72681.000,100119.000,entered link,121088.000,"16208",entered link,121088.000,"16208",false,false,false,false,"","","","","",true,CAR_NO_PROGRESS_OR_NETWORK_CLUSTER
"3688708",unresolved_background,car,"other","other",58955.000,8977.884,58955.000,113845.000,entered link,142040.000,"419626",entered link,142040.000,"419626",false,false,false,false,"","","","","",true,CAR_NO_PROGRESS_OR_NETWORK_CLUSTER
"3694100",munich_resident,car,"other","home",75130.000,15258.044,84406.000,88394.000,entered link,138145.000,"419626",entered link,138145.000,"419626",false,false,false,false,"","","","","",true,CAR_NO_PROGRESS_OR_NETWORK_CLUSTER
"3694213",munich_resident,car,"home","other",69513.000,5224.328,69513.000,103287.000,entered link,121478.000,"16208",entered link,121478.000,"16208",false,false,false,false,"","","","","",true,CAR_NO_PROGRESS_OR_NETWORK_CLUSTER
"3694687",munich_resident,car,"other","home",76075.000,7318.004,76075.000,96725.000,entered link,128238.000,"16208",entered link,128238.000,"16208",false,false,false,false,"","","","","",true,CAR_NO_PROGRESS_OR_NETWORK_CLUSTER
"3695246",munich_resident,car,"other","home",63159.000,6384.005,90127.000,82673.000,entered link,134998.000,"16208",entered link,134998.000,"16208",false,false,false,false,"","","","","",true,CAR_NO_PROGRESS_OR_NETWORK_CLUSTER
"3695474",munich_resident,car,"other","home",66743.000,13309.637,86502.000,86298.000,entered link,121237.000,"453133",entered link,121237.000,"453133",false,false,false,false,"","","","","",true,CAR_NO_PROGRESS_OR_NETWORK_CLUSTER
"3695844",regional_background,pt,"other","home",48951.000,1842.853,52803.000,119997.000,waitingForPt,52803.000,"157549.1",<none>,,"",true,false,false,false,"157549.1","102083.5","","","",true,PT_NEVER_BOARDED
"3704404",regional_background,pt,"other","home",67140.000,50907.923,71862.000,100938.000,waitingForPt,71862.000,"106077.2",<none>,,"",true,true,true,false,"106077.2","102385.1","tr_2741","XXX---162456_109","XXX---162456_109_1",true,PT_BOARDED_NOT_ARRIVED
"3707408",unresolved_background,car,"other","other",71098.000,12957.801,71098.000,101702.000,entered link,130135.000,"419626",entered link,130135.000,"419626",false,false,false,false,"","","","","",true,CAR_NO_PROGRESS_OR_NETWORK_CLUSTER
"3726919",regional_background,pt,"other","home",61429.000,11336.762,66864.000,105936.000,waitingForPt,66864.000,"136946",<none>,,"",true,false,false,false,"136946","137242.1","","","",true,PT_NEVER_BOARDED
"3729454",regional_background,pt,"other","home",45600.000,11715.650,55916.000,116884.000,waitingForPt,55916.000,"139255.1",<none>,,"",true,true,true,false,"139255.1","22824.1","tr_17817","XXX---2255113_3","XXX---2255113_3_10",true,PT_BOARDED_NOT_ARRIVED
"3732196",unresolved_background,car,"other","other",54997.000,13871.146,54997.000,117803.000,entered link,136704.000,"419626",entered link,136704.000,"419626",false,false,false,false,"","","","","",true,CAR_NO_PROGRESS_OR_NETWORK_CLUSTER
"3732633",unresolved_background,car,"other","other",57952.000,17804.499,57952.000,114848.000,entered link,141301.000,"419626",entered link,141301.000,"419626",false,false,false,false,"","","","","",true,CAR_NO_PROGRESS_OR_NETWORK_CLUSTER
"374887",munich_resident,car,"work","home",73101.000,15732.571,73101.000,99699.000,entered link,119748.000,"453133",entered link,119748.000,"453133",false,false,false,false,"","","","","",true,CAR_NO_PROGRESS_OR_NETWORK_CLUSTER
"3754653",regional_background,pt,"other","home",57553.000,1881.979,64978.000,107822.000,waitingForPt,64978.000,"143755",<none>,,"",true,false,false,false,"143755","139267.1","","","",true,PT_NEVER_BOARDED
"3761358",unresolved_background,car,"other","other",66659.000,11579.496,66659.000,106141.000,entered link,130065.000,"419626",entered link,130065.000,"419626",false,false,false,false,"","","","","",true,CAR_NO_PROGRESS_OR_NETWORK_CLUSTER
"376390",munich_resident,pt,"education","home",4118.000,1987.388,67327.000,105473.000,waitingForPt,67327.000,"106145",<none>,,"",true,false,false,false,"106145","106056.1","","","",true,PT_NEVER_BOARDED
"376408",munich_resident,car,"work","home",48536.000,8837.676,48536.000,124264.000,entered link,122541.000,"419626",entered link,122541.000,"419626",false,false,false,false,"","","","","",true,CAR_NO_PROGRESS_OR_NETWORK_CLUSTER
"3764409",unresolved_background,car,"other","other",56127.000,15732.309,56127.000,116673.000,entered link,143297.000,"419626",entered link,143297.000,"419626",false,false,false,false,"","","","","",true,CAR_NO_PROGRESS_OR_NETWORK_CLUSTER
"378038",munich_resident,pt,"work","home",9684.000,2146.535,78039.000,94761.000,waitingForPt,78039.000,"106368",<none>,,"",true,false,false,false,"106368","106381.1","","","",true,PT_NEVER_BOARDED
"3780831",unresolved_background,car,"other","other",64267.000,10851.827,64267.000,108533.000,entered link,118228.000,"16208",entered link,118228.000,"16208",false,false,false,false,"","","","","",true,CAR_NO_PROGRESS_OR_NETWORK_CLUSTER
"3783937",unresolved_background,car,"other","other",70603.000,11198.973,70603.000,102197.000,entered link,133695.000,"419626",entered link,133695.000,"419626",false,false,false,false,"","","","","",true,CAR_NO_PROGRESS_OR_NETWORK_CLUSTER
"379409",munich_resident,pt,"work","home",12041.000,3687.007,64668.000,108132.000,waitingForPt,64668.000,"109964",<none>,,"",true,false,false,false,"109964","106748","","","",true,PT_NEVER_BOARDED
"379923",munich_resident,pt,"education","home",4544.000,1747.916,55767.000,117033.000,waitingForPt,55767.000,"106359",<none>,,"",true,false,false,false,"106359","106055","","","",true,PT_NEVER_BOARDED
"3800677",regional_background,pt,"shopping","home",68771.000,1914.286,70247.000,102553.000,waitingForPt,70247.000,"127352",<none>,,"",true,false,false,false,"127352","102239","","","",true,PT_NEVER_BOARDED
"3810829",regional_background,pt,"other","home",55086.000,2885.005,57566.000,115234.000,waitingForPt,57566.000,"175551.2",<none>,,"",true,false,false,false,"175551.2","175506","","","",true,PT_NEVER_BOARDED
"38303",regional_background,pt,"education","home",59280.000,1482.705,59280.000,113520.000,waitingForPt,59280.000,"4203.1",<none>,,"",true,false,false,false,"4203.1","3654","","","",true,PT_NEVER_BOARDED
"383906",munich_resident,car,"work","home",55915.000,16318.375,55915.000,116885.000,entered link,143096.000,"419626",entered link,143096.000,"419626",false,false,false,false,"","","","","",true,CAR_NO_PROGRESS_OR_NETWORK_CLUSTER
"384706",munich_resident,pt,"work","home",4248.000,5443.272,69983.000,102817.000,waitingForPt,69983.000,"106705",<none>,,"",true,false,false,false,"106705","109962","","","",true,PT_NEVER_BOARDED
"385445",munich_resident,car,"work","home",49874.000,19444.278,49874.000,122926.000,entered link,128969.000,"419626",entered link,128969.000,"419626",false,false,false,false,"","","","","",true,CAR_NO_PROGRESS_OR_NETWORK_CLUSTER
"387162",munich_resident,car,"home","work",46820.000,8491.748,46820.000,125980.000,entered link,121803.000,"419626",entered link,121803.000,"419626",false,false,false,false,"","","","","",true,CAR_NO_PROGRESS_OR_NETWORK_CLUSTER
"387176",munich_resident,car,"work","home",57698.000,19820.195,57698.000,115102.000,entered link,140908.000,"16208",entered link,140908.000,"16208",false,false,false,false,"","","","","",true,CAR_NO_PROGRESS_OR_NETWORK_CLUSTER
"3898620",regional_background,pt,"other","home",19620.000,5486.289,75316.000,97484.000,waitingForPt,75316.000,"127634",<none>,,"",true,true,true,false,"127634","127403","tr_13758","XXX---2249918_0","XXX---2249918_0_9",true,PT_BOARDED_NOT_ARRIVED
"390001",munich_resident,pt,"work","home",15840.000,900.054,56902.000,115898.000,waitingForPt,56902.000,"107351",<none>,,"",true,true,true,false,"107351","106226.1","tr_41082","XXX---2272000_1","XXX---2272000_1_25",true,PT_BOARDED_NOT_ARRIVED
"391228",munich_resident,car,"work","home",65589.000,8212.187,110019.000,62781.000,entered link,120814.000,"453133",entered link,120814.000,"453133",false,false,false,false,"","","","","",true,CAR_NO_PROGRESS_OR_NETWORK_CLUSTER
"391782",munich_resident,pt,"work","home",3049.000,11241.491,75703.000,97097.000,waitingForPt,75703.000,"105915.1",<none>,,"",true,false,false,false,"105915.1","11840.4","","","",true,PT_NEVER_BOARDED
"393677",munich_resident,pt,"work","home",5269.000,4641.069,67651.000,105149.000,waitingForPt,67651.000,"106215.1",<none>,,"",true,true,true,false,"106215.1","106584","tr_3594","XXX---162462_109","XXX---162462_109_25",true,PT_BOARDED_NOT_ARRIVED
"394778",munich_resident,car,"work","home",65658.000,8719.179,65658.000,107142.000,entered link,130188.000,"16208",entered link,130188.000,"16208",false,false,false,false,"","","","","",true,CAR_NO_PROGRESS_OR_NETWORK_CLUSTER
"394785",munich_resident,pt,"education","home",11025.000,4785.299,76558.000,96242.000,waitingForPt,76558.000,"167614",<none>,,"",true,false,false,false,"167614","106332","","","",true,PT_NEVER_BOARDED
"3956779",regional_background,pt,"other","home",59589.000,1024.484,100215.000,72585.000,waitingForPt,100215.000,"12738",<none>,,"",true,false,false,false,"12738","13194.1","","","",true,PT_NEVER_BOARDED
"397679",munich_resident,pt,"work","home",13795.000,2688.063,64443.000,108357.000,waitingForPt,64443.000,"107746",<none>,,"",true,false,false,false,"107746","107539","","","",true,PT_NEVER_BOARDED
"3977704",regional_background,pt,"other","home",67800.000,2928.998,67833.000,104967.000,waitingForPt,67833.000,"127637",<none>,,"",true,true,true,false,"127637","145503","tr_19525","XXX---2267013_3","XXX---2267013_3_2",true,PT_BOARDED_NOT_ARRIVED
"400053",munich_resident,pt,"work","home",7318.000,2780.510,62935.000,109865.000,waitingForPt,62935.000,"106339",<none>,,"",true,false,false,false,"106339","106050","","","",true,PT_NEVER_BOARDED
"4024137",regional_background,pt,"shopping","home",73423.000,7107.879,74937.000,97863.000,waitingForPt,74937.000,"127169",<none>,,"",true,false,false,false,"127169","127259","","","",true,PT_NEVER_BOARDED
"403415",munich_resident,pt,"work","home",12837.000,5227.339,48953.000,123847.000,waitingForPt,48953.000,"106697.1",<none>,,"",true,false,false,false,"106697.1","106100","","","",true,PT_NEVER_BOARDED
"4035934",unresolved_background,car,"work","other",78031.000,49111.439,78031.000,94769.000,entered link,132247.000,"419626",entered link,132247.000,"419626",false,false,false,false,"","","","","",true,CAR_NO_PROGRESS_OR_NETWORK_CLUSTER
"4041829",regional_background,pt,"other","home",62833.000,29956.643,66260.000,106540.000,waitingForPt,66260.000,"102066.1",<none>,,"",true,true,true,false,"102066.1","104718","tr_4487","XXX---1850879_2","XXX---1850879_2_3",true,PT_BOARDED_NOT_ARRIVED
"404418",munich_resident,car,"work","home",75637.000,17791.489,107877.000,64923.000,entered link,120643.000,"453133",entered link,120643.000,"453133",false,false,false,false,"","","","","",true,CAR_NO_PROGRESS_OR_NETWORK_CLUSTER
"405167",munich_resident,car,"work","home",61701.000,9299.895,61701.000,111099.000,entered link,123159.000,"419626",entered link,123159.000,"419626",false,false,false,false,"","","","","",true,CAR_NO_PROGRESS_OR_NETWORK_CLUSTER
"406348",munich_resident,pt,"work","home",7815.000,4052.267,61631.000,111169.000,waitingForPt,61631.000,"106375",<none>,,"",true,false,false,false,"106375","106052.1","","","",true,PT_NEVER_BOARDED
"4071350",regional_background,pt,"other","home",70918.000,1831.940,74529.000,98271.000,waitingForPt,74529.000,"173508",<none>,,"",true,false,false,false,"173508","127234.1","","","",true,PT_NEVER_BOARDED
"408829",munich_resident,car,"work","home",10586.000,10380.559,82943.000,89857.000,entered link,115441.000,"453133",entered link,115441.000,"453133",false,false,false,false,"","","","","",true,CAR_NO_PROGRESS_OR_NETWORK_CLUSTER
"4095730",regional_background,pt,"shopping","home",60791.000,1056.024,60871.000,111929.000,waitingForPt,60871.000,"127172",<none>,,"",true,false,false,false,"127172","127282","","","",true,PT_NEVER_BOARDED
"410573",munich_resident,car,"work","home",67888.000,10172.948,68677.000,104123.000,entered link,139751.000,"419626",entered link,139751.000,"419626",false,false,false,false,"","","","","",true,CAR_NO_PROGRESS_OR_NETWORK_CLUSTER
"414650",munich_resident,pt,"work","home",3602.000,3445.709,65034.000,107766.000,waitingForPt,65034.000,"6234",<none>,,"",true,false,false,false,"6234","6046.4","","","",true,PT_NEVER_BOARDED
"4153276",regional_background,pt,"shopping","home",55980.000,4800.527,69114.000,103686.000,waitingForPt,69114.000,"10565.4",<none>,,"",true,true,true,false,"10565.4","10317.2","tr_26201","XXX---2268614_3","XXX---2268614_3_1",true,PT_BOARDED_NOT_ARRIVED
"4159407",unresolved_background,car,"work","other",78264.000,14938.404,78264.000,94536.000,entered link,133286.000,"419626",entered link,133286.000,"419626",false,false,false,false,"","","","","",true,CAR_NO_PROGRESS_OR_NETWORK_CLUSTER
"4169509",regional_background,pt,"other","home",72659.000,5102.912,72999.000,99801.000,waitingForPt,72999.000,"161124",<none>,,"",true,false,false,false,"161124","101716.1","","","",true,PT_NEVER_BOARDED
"4210583",regional_background,pt,"other","home",58440.000,15984.039,65658.000,107142.000,waitingForPt,65658.000,"104345",<none>,,"",true,true,true,false,"104345","10605","tr_875","XXX---162007_2_1158070147","XXX---162007_2_1158070147_6",true,PT_BOARDED_NOT_ARRIVED
"4214367",unresolved_background,pt,"other","other",72360.000,10367.276,72672.000,100128.000,waitingForPt,72672.000,"101673",<none>,,"",true,true,true,false,"101673","101829.2","tr_14311","XXX---2249920_0","XXX---2249920_0_4",true,PT_BOARDED_NOT_ARRIVED
"4217275",regional_background,pt,"other","home",50054.000,26382.207,64880.000,107920.000,waitingForPt,64880.000,"6046.1",<none>,,"",true,true,true,false,"6046.1","10576","tr_3036","XXX---162458_109","XXX---162458_109_16",true,PT_BOARDED_NOT_ARRIVED
"4221758",regional_background,car,"home","other",64616.000,25387.268,64616.000,108184.000,entered link,149206.000,"16208",entered link,149206.000,"16208",false,false,false,false,"","","","","",true,CAR_NO_PROGRESS_OR_NETWORK_CLUSTER
"4227770",regional_background,car,"shopping","home",61468.000,33730.205,152936.000,19864.000,entered link,172785.000,"434028",entered link,172785.000,"434028",false,false,false,false,"","","","","",true,CAR_NO_PROGRESS_OR_NETWORK_CLUSTER
"425576",munich_resident,car,"work","home",59191.000,17263.100,59191.000,113609.000,entered link,121489.000,"419626",entered link,121489.000,"419626",false,false,false,false,"","","","","",true,CAR_NO_PROGRESS_OR_NETWORK_CLUSTER
"4271255",regional_background,car,"other","home",4484.000,62596.576,116053.000,56747.000,entered link,122209.000,"453133",entered link,122209.000,"453133",false,false,false,false,"","","","","",true,CAR_NO_PROGRESS_OR_NETWORK_CLUSTER
"4271648",regional_background,pt,"other","home",63780.000,9871.503,67326.000,105474.000,waitingForPt,67326.000,"10272",<none>,,"",true,true,true,false,"10272","10428","tr_33122","XXX---2268782_3","XXX---2268782_3_3",true,PT_BOARDED_NOT_ARRIVED
"4275075",regional_background,pt,"shopping","home",66027.000,4892.049,68671.000,104129.000,waitingForPt,68671.000,"6932.2",<none>,,"",true,false,false,false,"6932.2","12985","","","",true,PT_NEVER_BOARDED
"4286959",regional_background,pt,"other","home",69240.000,4681.351,72736.000,100064.000,waitingForPt,72736.000,"10412.3",<none>,,"",true,true,true,false,"10412.3","10272.1","tr_32757","XXX---2268775_3","XXX---2268775_3_0",true,PT_BOARDED_NOT_ARRIVED
"428706",munich_resident,car,"home","work",48780.000,7467.342,48780.000,124020.000,entered link,125452.000,"16208",entered link,125452.000,"16208",false,false,false,false,"","","","","",true,CAR_NO_PROGRESS_OR_NETWORK_CLUSTER
"4292751",regional_background,pt,"other","home",63689.000,1248.489,68377.000,104423.000,waitingForPt,68377.000,"135754",<none>,,"",true,false,false,false,"135754","104422.1","","","",true,PT_NEVER_BOARDED
"429778",munich_resident,pt,"work","home",26418.000,2379.113,84906.000,87894.000,waitingForPt,84906.000,"107273",<none>,,"",true,false,false,false,"107273","107220","","","",true,PT_NEVER_BOARDED
"4302598",regional_background,pt,"other","home",58260.000,4647.965,63015.000,109785.000,waitingForPt,63015.000,"13154.1",<none>,,"",true,true,true,false,"13154.1","13194.1","tr_28903","XXX---2268699_3","XXX---2268699_3_4",true,PT_BOARDED_NOT_ARRIVED
"4310923",regional_background,pt,"shopping","home",44760.000,12785.504,50748.000,122052.000,waitingForPt,50748.000,"149765.4",<none>,,"",true,true,true,false,"149765.4","13172","tr_2813","XXX---162456_109","XXX---162456_109_12",true,PT_BOARDED_NOT_ARRIVED
"4312450",regional_background,pt,"other","home",17915.000,8556.951,117249.000,55551.000,waitingForPt,117249.000,"109204",<none>,,"",true,false,false,false,"109204","106061","","","",true,PT_NEVER_BOARDED
"4314675",regional_background,car,"other","home",68874.000,23188.434,149524.000,23276.000,entered link,172800.000,"263362",entered link,172800.000,"263362",false,false,false,false,"","","","","",true,CAR_NO_PROGRESS_OR_NETWORK_CLUSTER
"4326706",regional_background,car,"other","home",40449.000,22711.642,93868.000,78932.000,entered link,119941.000,"16208",entered link,119941.000,"16208",false,false,false,false,"","","","","",true,CAR_NO_PROGRESS_OR_NETWORK_CLUSTER
"4327620",regional_background,car,"other","home",66400.000,19191.748,154871.000,17929.000,entered link,155052.000,"16208",entered link,155052.000,"16208",false,false,false,false,"","","","","",true,CAR_NO_PROGRESS_OR_NETWORK_CLUSTER
"4333392",regional_background,pt,"other","home",79020.000,5348.843,83673.000,89127.000,waitingForPt,83673.000,"10275",<none>,,"",true,true,true,false,"10275","10298.1","tr_3411","XXX---162461_109","XXX---162461_109_13",true,PT_BOARDED_NOT_ARRIVED
"4342833",regional_background,pt,"other","home",86820.000,26198.365,87928.000,84872.000,waitingForPt,87928.000,"106060",<none>,,"",true,true,true,false,"106060","62583","tr_40751","XXX---2272000_1","XXX---2272000_1_0",true,PT_BOARDED_NOT_ARRIVED
"4343579",regional_background,car,"other","home",78742.000,33100.221,120371.000,52429.000,entered link,124378.000,"453133",entered link,124378.000,"453133",false,false,false,false,"","","","","",true,CAR_NO_PROGRESS_OR_NETWORK_CLUSTER
"4349541",regional_background,pt,"other","home",19469.000,685.695,87767.000,85033.000,waitingForPt,87767.000,"10462.1",<none>,,"",true,false,false,false,"10462.1","10274.1","","","",true,PT_NEVER_BOARDED
"435520",munich_resident,pt,"work","home",24821.000,10149.696,86026.000,86774.000,waitingForPt,86026.000,"62639.2",<none>,,"",true,false,false,false,"62639.2","11599.4","","","",true,PT_NEVER_BOARDED
"4360288",regional_background,car,"other","home",67955.000,29030.169,153861.000,18939.000,entered link,172798.000,"210926",entered link,172798.000,"210926",false,false,false,false,"","","","","",true,CAR_NO_PROGRESS_OR_NETWORK_CLUSTER
"4360384",regional_background,pt,"other","home",52860.000,24810.743,57322.000,115478.000,waitingForPt,57322.000,"10681.6",<none>,,"",true,true,true,false,"10681.6","10247.1","tr_26202","XXX---2268614_3","XXX---2268614_3_1",true,PT_BOARDED_NOT_ARRIVED
"4361481",regional_background,pt,"other","home",69360.000,1561.175,76414.000,96386.000,waitingForPt,76414.000,"10276",<none>,,"",true,true,true,false,"10276","10254.1","tr_3401","XXX---162461_109","XXX---162461_109_12",true,PT_BOARDED_NOT_ARRIVED
"4371153",regional_background,car,"other","home",79921.000,20951.602,125469.000,47331.000,entered link,138421.000,"16208",entered link,138421.000,"16208",false,false,false,false,"","","","","",true,CAR_NO_PROGRESS_OR_NETWORK_CLUSTER
"4371343",regional_background,car,"other","home",10617.000,41680.276,121623.000,51177.000,entered link,125098.000,"453133",entered link,125098.000,"453133",false,false,false,false,"","","","","",true,CAR_NO_PROGRESS_OR_NETWORK_CLUSTER
"4386016",regional_background,pt,"shopping","home",54436.000,15744.042,58153.000,114647.000,waitingForPt,58153.000,"9624.1",<none>,,"",true,true,true,false,"9624.1","9923","tr_791","XXX---162007_2_1158069900","XXX---162007_2_1158069900_5",true,PT_BOARDED_NOT_ARRIVED
"4386935",regional_background,pt,"other","home",57300.000,12442.853,63237.000,109563.000,waitingForPt,63237.000,"12797",<none>,,"",true,true,true,false,"12797","13004","tr_2793","XXX---162456_109","XXX---162456_109_11",true,PT_BOARDED_NOT_ARRIVED
"4390825",regional_background,pt,"other","home",49560.000,20196.870,60307.000,112493.000,waitingForPt,60307.000,"13453.2",<none>,,"",true,true,true,false,"13453.2","14103.1","tr_34285","XXX---2268805_3","XXX---2268805_3_1",true,PT_BOARDED_NOT_ARRIVED
"4393616",regional_background,pt,"other","home",43260.000,14346.085,72008.000,100792.000,waitingForPt,72008.000,"13960.1",<none>,,"",true,true,true,false,"13960.1","14029","tr_21047","XXX---2268548_3","XXX---2268548_3_3",true,PT_BOARDED_NOT_ARRIVED
"4394413",regional_background,pt,"other","home",47340.000,6773.925,54466.000,118334.000,waitingForPt,54466.000,"12928",<none>,,"",true,true,true,false,"12928","13985","tr_2829","XXX---162456_109","XXX---162456_109_15",true,PT_BOARDED_NOT_ARRIVED
"4395619",regional_background,car,"other","home",69183.000,23221.610,109330.000,63470.000,entered link,129556.000,"16208",entered link,129556.000,"16208",false,false,false,false,"","","","","",true,CAR_NO_PROGRESS_OR_NETWORK_CLUSTER
"4399415",regional_background,pt,"other","home",68284.000,6245.729,71519.000,101281.000,waitingForPt,71519.000,"109033",<none>,,"",true,false,false,false,"109033","106109","","","",true,PT_NEVER_BOARDED
"4399484",regional_background,car,"other","home",64712.000,19317.938,154044.000,18756.000,entered link,154212.000,"16208",entered link,154212.000,"16208",false,false,false,false,"","","","","",true,CAR_NO_PROGRESS_OR_NETWORK_CLUSTER
"4400308",regional_background,car,"other","home",64242.000,23264.283,118355.000,54445.000,entered link,134671.000,"16208",entered link,134671.000,"16208",false,false,false,false,"","","","","",true,CAR_NO_PROGRESS_OR_NETWORK_CLUSTER
"4407002",regional_background,car,"other","home",81078.000,17680.043,155404.000,17396.000,entered link,155797.000,"16208",entered link,155797.000,"16208",false,false,false,false,"","","","","",true,CAR_NO_PROGRESS_OR_NETWORK_CLUSTER
"4409182",regional_background,car,"other","home",61095.000,16636.753,113448.000,59352.000,entered link,131839.000,"16208",entered link,131839.000,"16208",false,false,false,false,"","","","","",true,CAR_NO_PROGRESS_OR_NETWORK_CLUSTER
"4409839",regional_background,car,"other","home",67243.000,19031.950,133791.000,39009.000,entered link,141871.000,"16208",entered link,141871.000,"16208",false,false,false,false,"","","","","",true,CAR_NO_PROGRESS_OR_NETWORK_CLUSTER
"441033",munich_resident,car,"work","home",63203.000,18230.677,63203.000,109597.000,entered link,117286.000,"453133",entered link,117286.000,"453133",false,false,false,false,"","","","","",true,CAR_NO_PROGRESS_OR_NETWORK_CLUSTER
"441307",munich_resident,pt,"work","home",2644.000,15492.921,74237.000,98563.000,waitingForPt,74237.000,"5126.1",<none>,,"",true,false,false,false,"5126.1","106280","","","",true,PT_NEVER_BOARDED
"4425925",regional_background,pt,"other","home",15179.000,4381.334,82476.000,90324.000,waitingForPt,82476.000,"145305",<none>,,"",true,false,false,false,"145305","145131","","","",true,PT_NEVER_BOARDED
"4426883",regional_background,pt,"other","home",62700.000,2294.846,66246.000,106554.000,waitingForPt,66246.000,"13063.2",<none>,,"",true,true,true,false,"13063.2","13671","tr_2826","XXX---162456_109","XXX---162456_109_15",true,PT_BOARDED_NOT_ARRIVED
"4430029",regional_background,pt,"other","home",61560.000,9649.929,65148.000,107652.000,waitingForPt,65148.000,"149765.1",<none>,,"",true,true,true,false,"149765.1","169227.2","tr_2792","XXX---162456_109","XXX---162456_109_11",true,PT_BOARDED_NOT_ARRIVED
"4430953",regional_background,car,"other","home",59136.000,21509.032,142872.000,29928.000,entered link,172797.000,"60579",entered link,172797.000,"60579",false,false,false,false,"","","","","",true,CAR_NO_PROGRESS_OR_NETWORK_CLUSTER
"4431803",regional_background,car,"other","home",63694.000,19192.097,150549.000,22251.000,entered link,150696.000,"16208",entered link,150696.000,"16208",false,false,false,false,"","","","","",true,CAR_NO_PROGRESS_OR_NETWORK_CLUSTER
"4433983",regional_background,car,"other","home",62485.000,20566.504,151679.000,21121.000,entered link,172796.000,"260708",entered link,172796.000,"260708",false,false,false,false,"","","","","",true,CAR_NO_PROGRESS_OR_NETWORK_CLUSTER
"4442197",unresolved_background,car,"work","other",69475.000,28929.292,69475.000,103325.000,entered link,122840.000,"419626",entered link,122840.000,"419626",false,false,false,false,"","","","","",true,CAR_NO_PROGRESS_OR_NETWORK_CLUSTER
"4442801",regional_background,car,"other","home",63558.000,22075.404,141559.000,31241.000,entered link,172777.000,"91707",entered link,172777.000,"91707",false,false,false,false,"","","","","",true,CAR_NO_PROGRESS_OR_NETWORK_CLUSTER
"4444039",regional_background,car,"other","home",1983.000,23358.396,152179.000,20621.000,entered link,152626.000,"16208",entered link,152626.000,"16208",false,false,false,false,"","","","","",true,CAR_NO_PROGRESS_OR_NETWORK_CLUSTER
"4446377",regional_background,pt,"other","home",81214.000,1285.475,87089.000,85711.000,waitingForPt,87089.000,"12797.1",<none>,,"",true,true,true,false,"12797.1","13401.2","tr_2766","XXX---162456_109","XXX---162456_109_5",true,PT_BOARDED_NOT_ARRIVED
"445005",munich_resident,car,"work","home",9289.000,26321.483,117702.000,55098.000,entered link,134900.000,"419626",entered link,134900.000,"419626",false,false,false,false,"","","","","",true,CAR_NO_PROGRESS_OR_NETWORK_CLUSTER
"4452052",regional_background,car,"other","home",62449.000,20365.503,147094.000,25706.000,entered link,172797.000,"364103",entered link,172797.000,"364103",false,false,false,false,"","","","","",true,CAR_NO_PROGRESS_OR_NETWORK_CLUSTER
"4452586",regional_background,car,"other","home",45817.000,18950.803,101748.000,71052.000,entered link,125521.000,"16208",entered link,125521.000,"16208",false,false,false,false,"","","","","",true,CAR_NO_PROGRESS_OR_NETWORK_CLUSTER
"4455908",unresolved_background,car,"other","other",61504.000,39341.304,61504.000,111296.000,entered link,126808.000,"16208",entered link,126808.000,"16208",false,false,false,false,"","","","","",true,CAR_NO_PROGRESS_OR_NETWORK_CLUSTER
"4458739",regional_background,pt,"shopping","home",62227.000,1251.784,72204.000,100596.000,waitingForPt,72204.000,"7984",<none>,,"",true,false,false,false,"7984","8303","","","",true,PT_NEVER_BOARDED
"4461161",regional_background,pt,"other","home",30575.000,2754.746,137829.000,34971.000,waitingForPt,137829.000,"127517.2",<none>,,"",true,false,false,false,"127517.2","101714.1","","","",true,PT_NEVER_BOARDED
"4461444",regional_background,pt,"shopping","home",69543.000,2831.427,70139.000,102661.000,waitingForPt,70139.000,"9560.5",<none>,,"",true,false,false,false,"9560.5","9567","","","",true,PT_NEVER_BOARDED
"4464885",regional_background,pt,"other","home",44580.000,11448.051,50568.000,122232.000,waitingForPt,50568.000,"12853",<none>,,"",true,true,true,false,"12853","13960.4","tr_2813","XXX---162456_109","XXX---162456_109_12",true,PT_BOARDED_NOT_ARRIVED
"4470217",regional_background,pt,"other","home",58740.000,916.339,67105.000,105695.000,waitingForPt,67105.000,"12823",<none>,,"",true,true,true,false,"12823","13963","tr_2790","XXX---162456_109","XXX---162456_109_11",true,PT_BOARDED_NOT_ARRIVED
"4478707",regional_background,pt,"other","home",70850.000,5355.496,76803.000,95997.000,waitingForPt,76803.000,"9358.2",<none>,,"",true,true,true,false,"9358.2","9529.2","tr_2864","XXX---162456_109","XXX---162456_109_22",true,PT_BOARDED_NOT_ARRIVED
"4480735",regional_background,car,"other","home",53649.000,19609.633,111916.000,60884.000,entered link,131023.000,"16208",entered link,131023.000,"16208",false,false,false,false,"","","","","",true,CAR_NO_PROGRESS_OR_NETWORK_CLUSTER
"4481867",regional_background,pt,"other","home",74184.000,7341.436,76393.000,96407.000,waitingForPt,76393.000,"107830",<none>,,"",true,false,false,false,"107830","13205","","","",true,PT_NEVER_BOARDED
"448352",munich_resident,pt,"work","home",9541.000,2672.367,81476.000,91324.000,waitingForPt,81476.000,"108673.1",<none>,,"",true,false,false,false,"108673.1","106081.1","","","",true,PT_NEVER_BOARDED
"4484263",regional_background,car,"other","home",82827.000,15611.477,144892.000,27908.000,entered link,145077.000,"16208",entered link,145077.000,"16208",false,false,false,false,"","","","","",true,CAR_NO_PROGRESS_OR_NETWORK_CLUSTER
"4484607",regional_background,car,"other","home",62282.000,20367.525,133915.000,38885.000,entered link,142069.000,"16208",entered link,142069.000,"16208",false,false,false,false,"","","","","",true,CAR_NO_PROGRESS_OR_NETWORK_CLUSTER
"4486103",regional_background,walk,"other","home",74693.000,45320.539,124927.000,47873.000,departure,124927.000,"317982",<none>,,"",false,false,false,false,"","","","","",true,PT_NEVER_BOARDED
"4488659",regional_background,car,"other","home",73853.000,18337.882,150005.000,22795.000,entered link,172796.000,"145595",entered link,172796.000,"145595",false,false,false,false,"","","","","",true,CAR_NO_PROGRESS_OR_NETWORK_CLUSTER
"4492764",regional_background,car,"other","home",5426.000,17579.341,121940.000,50860.000,entered link,136405.000,"16208",entered link,136405.000,"16208",false,false,false,false,"","","","","",true,CAR_NO_PROGRESS_OR_NETWORK_CLUSTER
"4500598",regional_background,pt,"other","home",64020.000,8397.924,69897.000,102903.000,waitingForPt,69897.000,"9628",<none>,,"",true,true,true,false,"9628","149601","tr_3312","XXX---162460_109","XXX---162460_109_31",true,PT_BOARDED_NOT_ARRIVED
"4506348",regional_background,car,"other","home",55727.000,36141.028,134010.000,38790.000,entered link,141940.000,"16208",entered link,141940.000,"16208",false,false,false,false,"","","","","",true,CAR_NO_PROGRESS_OR_NETWORK_CLUSTER
"4507193",regional_background,pt,"other","home",57300.000,1277.742,60846.000,111954.000,waitingForPt,60846.000,"13064",<none>,,"",true,true,true,false,"13064","13674.1","tr_2754","XXX---162456_109","XXX---162456_109_3",true,PT_BOARDED_NOT_ARRIVED
"4512663",regional_background,pt,"other","home",75960.000,14613.306,77097.000,95703.000,waitingForPt,77097.000,"9624",<none>,,"",true,true,true,false,"9624","9913","tr_3310","XXX---162460_109","XXX---162460_109_31",true,PT_BOARDED_NOT_ARRIVED
"451335",regional_background,walk,"education","home",43246.000,70040.128,108623.000,64177.000,departure,108623.000,"242983",<none>,,"",false,false,false,false,"","","","","",true,PT_NEVER_BOARDED
"4518536",regional_background,pt,"other","home",47647.000,14946.657,58397.000,114403.000,waitingForPt,58397.000,"142444.1",<none>,,"",true,true,true,false,"142444.1","9653.1","tr_26912","XXX---2268635_3","XXX---2268635_3_8",true,PT_BOARDED_NOT_ARRIVED
"4524205",regional_background,pt,"shopping","home",58476.000,8865.054,73883.000,98917.000,waitingForPt,73883.000,"21947",<none>,,"",true,false,false,false,"21947","4174.2","","","",true,PT_NEVER_BOARDED
"4524835",regional_background,car,"home","other",79236.000,47240.998,79236.000,93564.000,entered link,132617.000,"419626",entered link,132617.000,"419626",false,false,false,false,"","","","","",true,CAR_NO_PROGRESS_OR_NETWORK_CLUSTER
"4525340",regional_background,pt,"other","home",20313.000,2446.903,89117.000,83683.000,waitingForPt,89117.000,"168518",<none>,,"",true,false,false,false,"168518","102338.1","","","",true,PT_NEVER_BOARDED
"453603",munich_resident,pt,"work","home",16098.000,26658.038,75449.000,97351.000,waitingForPt,75449.000,"13544",<none>,,"",true,false,false,false,"13544","106128.1","","","",true,PT_NEVER_BOARDED
"4540899",unresolved_background,car,"other","other",75254.000,19205.774,75254.000,97546.000,entered link,136129.000,"419626",entered link,136129.000,"419626",false,false,false,false,"","","","","",true,CAR_NO_PROGRESS_OR_NETWORK_CLUSTER
"4547414",regional_background,car,"other","home",68087.000,42698.894,158867.000,13933.000,entered link,159015.000,"16208",entered link,159015.000,"16208",false,false,false,false,"","","","","",true,CAR_NO_PROGRESS_OR_NETWORK_CLUSTER
"4548462",unresolved_background,car,"other","other",61504.000,19737.248,61504.000,111296.000,entered link,152647.000,"419626",entered link,152647.000,"419626",false,false,false,false,"","","","","",true,CAR_NO_PROGRESS_OR_NETWORK_CLUSTER
"4558351",regional_background,pt,"other","home",75425.000,31052.558,79437.000,93363.000,waitingForPt,79437.000,"142500.1",<none>,,"",true,true,true,false,"142500.1","12901","tr_42404","XXX---2272009_0","XXX---2272009_0_3",true,PT_BOARDED_NOT_ARRIVED
"4567989",regional_background,pt,"other","home",66300.000,9660.660,68620.000,104180.000,waitingForPt,68620.000,"107993.2",<none>,,"",true,true,true,false,"107993.2","142444.1","tr_39713","XXX---2271996_1","XXX---2271996_1_14",true,PT_BOARDED_NOT_ARRIVED
"4568676",regional_background,pt,"shopping","home",75819.000,8421.550,85415.000,87385.000,waitingForPt,85415.000,"4078.1",<none>,,"",true,false,false,false,"4078.1","162136","","","",true,PT_NEVER_BOARDED
"457183",munich_resident,pt,"work","home",68460.000,5379.692,71994.000,100806.000,waitingForPt,71994.000,"108507",<none>,,"",true,true,true,false,"108507","106645","tr_3363","XXX---162461_109","XXX---162461_109_6",true,PT_BOARDED_NOT_ARRIVED
"4575858",regional_background,walk,"shopping","home",31861.000,107077.675,157333.000,15467.000,departure,157333.000,"366705",<none>,,"",false,false,false,false,"","","","","",true,PT_NEVER_BOARDED
"4578750",regional_background,pt,"other","home",53820.000,49221.826,60730.000,112070.000,waitingForPt,60730.000,"102385.7",<none>,,"",true,true,true,false,"102385.7","106077.5","tr_17130","XXX---2255043_3","XXX---2255043_3_1",true,PT_BOARDED_NOT_ARRIVED
"4579662",regional_background,car,"home","other",71632.000,22076.369,71632.000,101168.000,entered link,117241.000,"453133",entered link,117241.000,"453133",false,false,false,false,"","","","","",true,CAR_NO_PROGRESS_OR_NETWORK_CLUSTER
"458239",munich_resident,car,"work","home",64320.000,8419.848,64320.000,108480.000,entered link,127484.000,"419626",entered link,127484.000,"419626",false,false,false,false,"","","","","",true,CAR_NO_PROGRESS_OR_NETWORK_CLUSTER
"458400",munich_resident,car,"work","home",68512.000,10261.596,68512.000,104288.000,entered link,151657.000,"16208",entered link,151657.000,"16208",false,false,false,false,"","","","","",true,CAR_NO_PROGRESS_OR_NETWORK_CLUSTER
"4599420",regional_background,pt,"other","home",28167.000,4743.895,70430.000,102370.000,waitingForPt,70430.000,"5470",<none>,,"",true,false,false,false,"5470","5491.1","","","",true,PT_NEVER_BOARDED
"4601534",regional_background,pt,"other","home",75960.000,15421.164,80697.000,92103.000,waitingForPt,80697.000,"9624",<none>,,"",true,true,true,false,"9624","9923","tr_3309","XXX---162460_109","XXX---162460_109_31",true,PT_BOARDED_NOT_ARRIVED
"4603470",regional_background,pt,"shopping","home",60799.000,10397.510,71010.000,101790.000,waitingForPt,71010.000,"104291.2",<none>,,"",true,false,false,false,"104291.2","101850.4","","","",true,PT_NEVER_BOARDED
"4611254",regional_background,car,"home","other",63713.000,21532.382,63713.000,109087.000,entered link,116881.000,"453133",entered link,116881.000,"453133",false,false,false,false,"","","","","",true,CAR_NO_PROGRESS_OR_NETWORK_CLUSTER
"4615713",regional_background,car,"other","home",64462.000,24327.842,172368.000,432.000,entered link,172796.000,"374673",entered link,172796.000,"374673",false,false,false,false,"","","","","",true,VERY_LATE_DEPARTURE
"4619554",regional_background,pt,"other","home",65340.000,25318.664,72671.000,100129.000,waitingForPt,72671.000,"102385.4",<none>,,"",true,true,true,false,"102385.4","9627","tr_17137","XXX---2255043_3","XXX---2255043_3_3",true,PT_BOARDED_NOT_ARRIVED
"462681",munich_resident,pt,"work","home",7108.000,4607.519,73515.000,99285.000,waitingForPt,73515.000,"107941",<none>,,"",true,false,false,false,"107941","106163","","","",true,PT_NEVER_BOARDED
"4640033",regional_background,pt,"other","home",26428.000,6611.139,76782.000,96018.000,waitingForPt,76782.000,"9560.4",<none>,,"",true,true,true,false,"9560.4","9396","tr_2864","XXX---162456_109","XXX---162456_109_22",true,PT_BOARDED_NOT_ARRIVED
"464168",munich_resident,car,"work","home",5334.000,12115.107,121513.000,51287.000,entered link,140266.000,"419626",entered link,140266.000,"419626",false,false,false,false,"","","","","",true,CAR_NO_PROGRESS_OR_NETWORK_CLUSTER
"464756",munich_resident,pt,"work","home",11986.000,3013.885,64768.000,108032.000,waitingForPt,64768.000,"106154",<none>,,"",true,false,false,false,"106154","106900","","","",true,PT_NEVER_BOARDED
"4655757",unresolved_background,car,"work","other",69030.000,20837.048,69030.000,103770.000,entered link,119008.000,"16208",entered link,119008.000,"16208",false,false,false,false,"","","","","",true,CAR_NO_PROGRESS_OR_NETWORK_CLUSTER
"4656122",regional_background,pt,"other","home",67066.000,18063.302,68192.000,104608.000,waitingForPt,68192.000,"106077.9",<none>,,"",true,false,false,false,"106077.9","9551.2","","","",true,PT_NEVER_BOARDED
"465669",munich_resident,car,"work","home",76391.000,10651.683,76391.000,96409.000,entered link,115819.000,"453133",entered link,115819.000,"453133",false,false,false,false,"","","","","",true,CAR_NO_PROGRESS_OR_NETWORK_CLUSTER
"4656987",unresolved_background,car,"work","other",66374.000,16701.842,66374.000,106426.000,entered link,150976.000,"16208",entered link,150976.000,"16208",false,false,false,false,"","","","","",true,CAR_NO_PROGRESS_OR_NETWORK_CLUSTER
"4660276",regional_background,pt,"shopping","home",50897.000,898.260,51712.000,121088.000,waitingForPt,51712.000,"8926",<none>,,"",true,false,false,false,"8926","8906","","","",true,PT_NEVER_BOARDED
"466498",munich_resident,pt,"work","home",4027.000,10378.727,57959.000,114841.000,waitingForPt,57959.000,"167614",<none>,,"",true,false,false,false,"167614","108231","","","",true,PT_NEVER_BOARDED
"466538",regional_background,walk,"education","home",56679.000,125790.878,56679.000,116121.000,departure,56679.000,"373933",<none>,,"",false,false,false,false,"","","","","",true,PT_NEVER_BOARDED
"467002",munich_resident,pt,"work","home",644.000,6881.685,37329.000,135471.000,waitingForPt,37329.000,"109360",<none>,,"",true,false,false,false,"109360","106050","","","",true,PT_NEVER_BOARDED
"4680064",regional_background,pt,"other","home",79620.000,22985.036,87669.000,85131.000,waitingForPt,87669.000,"102040",<none>,,"",true,true,true,false,"102040","101863","tr_10926","XXX---2249628_3","XXX---2249628_3_0",true,PT_BOARDED_NOT_ARRIVED
"468185",munich_resident,car,"work","home",60308.000,10781.652,60308.000,112492.000,entered link,137623.000,"419626",entered link,137623.000,"419626",false,false,false,false,"","","","","",true,CAR_NO_PROGRESS_OR_NETWORK_CLUSTER
"4685288",regional_background,pt,"other","home",35100.000,21640.834,52755.000,120045.000,waitingForPt,52755.000,"167865.1",<none>,,"",true,true,true,false,"167865.1","22134.3","tr_34672","XXX---2269696_3","XXX---2269696_3_0",true,PT_BOARDED_NOT_ARRIVED
"4689252",unresolved_background,car,"work","other",73369.000,22823.795,73369.000,99431.000,entered link,122258.000,"16208",entered link,122258.000,"16208",false,false,false,false,"","","","","",true,CAR_NO_PROGRESS_OR_NETWORK_CLUSTER
"4699066",regional_background,pt,"other","home",6491.000,790.616,88694.000,84106.000,waitingForPt,88694.000,"109640.1",<none>,,"",true,false,false,false,"109640.1","109626","","","",true,PT_NEVER_BOARDED
"4711032",regional_background,pt,"other","home",60000.000,4871.349,61692.000,111108.000,waitingForPt,61692.000,"9868",<none>,,"",true,true,true,false,"9868","9932","tr_26544","XXX---2268625_3","XXX---2268625_3_11",true,PT_BOARDED_NOT_ARRIVED
"4712094",regional_background,pt,"other","home",47340.000,6153.646,54454.000,118346.000,waitingForPt,54454.000,"142157.3",<none>,,"",true,true,true,false,"142157.3","22593","tr_37471","XXX---2270117_3","XXX---2270117_3_0",true,PT_BOARDED_NOT_ARRIVED
"4713925",regional_background,pt,"other","home",58000.000,9126.420,62426.000,110374.000,waitingForPt,62426.000,"136628",<none>,,"",true,false,false,false,"136628","9936","","","",true,PT_NEVER_BOARDED
"471450",munich_resident,pt,"work","home",12394.000,5636.264,70201.000,102599.000,waitingForPt,70201.000,"106435",<none>,,"",true,false,false,false,"106435","106053","","","",true,PT_NEVER_BOARDED
"471780",munich_resident,pt,"work","home",27315.000,17981.237,87506.000,85294.000,waitingForPt,87506.000,"11041.3",<none>,,"",true,false,false,false,"11041.3","106097.1","","","",true,PT_NEVER_BOARDED
"4719840",regional_background,pt,"shopping","home",39457.000,20639.155,51253.000,121547.000,waitingForPt,51253.000,"8116.4",<none>,,"",true,false,false,false,"8116.4","8537.2","","","",true,PT_NEVER_BOARDED
"4725906",unresolved_background,car,"other","other",59038.000,6933.740,59038.000,113762.000,entered link,127754.000,"419626",entered link,127754.000,"419626",false,false,false,false,"","","","","",true,CAR_NO_PROGRESS_OR_NETWORK_CLUSTER
"472743",munich_resident,car,"work","home",79898.000,3798.803,86414.000,86386.000,entered link,127718.000,"16208",entered link,127718.000,"16208",false,false,false,false,"","","","","",true,CAR_NO_PROGRESS_OR_NETWORK_CLUSTER
"4728986",regional_background,pt,"other","home",64441.000,1898.244,68075.000,104725.000,waitingForPt,68075.000,"22131",<none>,,"",true,false,false,false,"22131","104290.1","","","",true,PT_NEVER_BOARDED
"4731422",regional_background,pt,"other","home",40200.000,38712.499,53050.000,119750.000,waitingForPt,53050.000,"105226",<none>,,"",true,true,true,false,"105226","22669.1","tr_10142","XXX---2249608_3","XXX---2249608_3_5",true,PT_BOARDED_NOT_ARRIVED
"4733445",regional_background,pt,"other","home",21673.000,11388.432,74513.000,98287.000,waitingForPt,74513.000,"103537.3",<none>,,"",true,true,true,false,"103537.3","65721","tr_1002","XXX---162192_4","XXX---162192_4_16",true,PT_BOARDED_NOT_ARRIVED
"473587",munich_resident,pt,"work","home",11265.000,11317.302,66067.000,106733.000,waitingForPt,66067.000,"106273.2",<none>,,"",true,false,false,false,"106273.2","107307.1","","","",true,PT_NEVER_BOARDED
"474480",munich_resident,car,"work","home",64473.000,17738.417,64473.000,108327.000,entered link,171569.000,"419626",entered link,171569.000,"419626",false,false,false,false,"","","","","",true,CAR_NO_PROGRESS_OR_NETWORK_CLUSTER
"474496",munich_resident,pt,"work","home",10174.000,3243.529,56273.000,116527.000,waitingForPt,56273.000,"107362",<none>,,"",true,false,false,false,"107362","106480","","","",true,PT_NEVER_BOARDED
"474551",munich_resident,car,"work","home",84087.000,10375.240,92964.000,79836.000,entered link,172799.000,"344608",entered link,172799.000,"344608",false,false,false,false,"","","","","",true,CAR_NO_PROGRESS_OR_NETWORK_CLUSTER
"4747583",regional_background,pt,"other","home",14494.000,21721.874,101179.000,71621.000,waitingForPt,101179.000,"22557.1",<none>,,"",true,false,false,false,"22557.1","22528.4","","","",true,PT_NEVER_BOARDED
"4749306",unresolved_background,car,"other","other",68384.000,17116.919,68384.000,104416.000,entered link,132674.000,"419626",entered link,132674.000,"419626",false,false,false,false,"","","","","",true,CAR_NO_PROGRESS_OR_NETWORK_CLUSTER
"4752118",regional_background,pt,"other","home",37052.000,29531.063,53095.000,119705.000,waitingForPt,53095.000,"167770",<none>,,"",true,false,false,false,"167770","167868.5","","","",true,PT_NEVER_BOARDED
"475407",munich_resident,pt,"work","home",11755.000,24690.513,70770.000,102030.000,waitingForPt,70770.000,"10723.1",<none>,,"",true,false,false,false,"10723.1","10274.1","","","",true,PT_NEVER_BOARDED
"4756023",regional_background,pt,"other","home",24258.000,5540.509,95757.000,77043.000,waitingForPt,95757.000,"21712.2",<none>,,"",true,false,false,false,"21712.2","22528.4","","","",true,PT_NEVER_BOARDED
"4757377",regional_background,pt,"other","home",64140.000,30335.794,69486.000,103314.000,waitingForPt,69486.000,"102027",<none>,,"",true,true,true,false,"102027","65442","tr_10202","XXX---2249610_3","XXX---2249610_3_22",true,PT_BOARDED_NOT_ARRIVED
"4762806",regional_background,pt,"other","home",42551.000,22719.241,50022.000,122778.000,waitingForPt,50022.000,"167865.1",<none>,,"",true,false,false,false,"167865.1","104290.3","","","",true,PT_NEVER_BOARDED
"4774453",unresolved_background,car,"work","other",62606.000,26420.412,62606.000,110194.000,entered link,121348.000,"16208",entered link,121348.000,"16208",false,false,false,false,"","","","","",true,CAR_NO_PROGRESS_OR_NETWORK_CLUSTER
"4779896",regional_background,pt,"other","home",61808.000,4266.624,65362.000,107438.000,waitingForPt,65362.000,"21938.1",<none>,,"",true,true,true,false,"21938.1","22112.1","tr_11012","XXX---2249638_3","XXX---2249638_3_0",true,PT_BOARDED_NOT_ARRIVED
"4793488",regional_background,pt,"other","home",82044.000,7929.039,83760.000,89040.000,waitingForPt,83760.000,"8068",<none>,,"",true,false,false,false,"8068","8688","","","",true,PT_NEVER_BOARDED
"4795523",unresolved_background,car,"other","other",61010.000,19055.157,61010.000,111790.000,entered link,125092.000,"419626",entered link,125092.000,"419626",false,false,false,false,"","","","","",true,CAR_NO_PROGRESS_OR_NETWORK_CLUSTER
"480097",munich_resident,pt,"work","home",7839.000,6688.416,53912.000,118888.000,waitingForPt,53912.000,"108882",<none>,,"",true,false,false,false,"108882","167613","","","",true,PT_NEVER_BOARDED
"480273",munich_resident,pt,"work","home",6079.000,1423.153,63166.000,109634.000,waitingForPt,63166.000,"108446",<none>,,"",true,false,false,false,"108446","106079.2","","","",true,PT_NEVER_BOARDED
"4806373",regional_background,pt,"other","home",57240.000,7934.114,64389.000,108411.000,waitingForPt,64389.000,"3547.3",<none>,,"",true,true,true,false,"3547.3","21915","tr_9488","XXX---2249596_3","XXX---2249596_3_0",true,PT_BOARDED_NOT_ARRIVED
"4806469",regional_background,pt,"other","home",34198.000,15838.216,46402.000,126398.000,waitingForPt,46402.000,"70908.1",<none>,,"",true,false,false,false,"70908.1","102532.2","","","",true,PT_NEVER_BOARDED
"481351",munich_resident,car,"work","home",77839.000,11795.407,77839.000,94961.000,entered link,116611.000,"453133",entered link,116611.000,"453133",false,false,false,false,"","","","","",true,CAR_NO_PROGRESS_OR_NETWORK_CLUSTER
"4820767",unresolved_background,car,"other","other",82859.000,11198.781,82859.000,89941.000,entered link,119041.000,"453133",entered link,119041.000,"453133",false,false,false,false,"","","","","",true,CAR_NO_PROGRESS_OR_NETWORK_CLUSTER
"4829981",regional_background,pt,"shopping","home",46336.000,15494.584,56389.000,116411.000,waitingForPt,56389.000,"6947",<none>,,"",true,false,false,false,"6947","6888.1","","","",true,PT_NEVER_BOARDED
"4841439",regional_background,pt,"other","home",74925.000,4035.488,92666.000,80134.000,waitingForPt,92666.000,"6913",<none>,,"",true,false,false,false,"6913","7240","","","",true,PT_NEVER_BOARDED
"4849773",regional_background,pt,"other","home",56693.000,17812.177,66621.000,106179.000,waitingForPt,66621.000,"22587",<none>,,"",true,false,false,false,"22587","22605","","","",true,PT_NEVER_BOARDED
"4858650",regional_background,pt,"shopping","home",71850.000,14811.053,82631.000,90169.000,waitingForPt,82631.000,"6902.3",<none>,,"",true,true,true,false,"6902.3","7683","tr_20954","XXX---2268543_3","XXX---2268543_3_0",true,PT_BOARDED_NOT_ARRIVED
"4869541",regional_background,pt,"other","home",75911.000,23377.959,81320.000,91480.000,waitingForPt,81320.000,"7253",<none>,,"",true,false,false,false,"7253","8057.2","","","",true,PT_NEVER_BOARDED
"4878205",regional_background,pt,"other","home",61680.000,3459.548,69727.000,103073.000,waitingForPt,69727.000,"9515",<none>,,"",true,true,true,false,"9515","8228","tr_16674","XXX---2255006_3","XXX---2255006_3_4",true,PT_BOARDED_NOT_ARRIVED
"487982",munich_resident,pt,"work","home",10031.000,23715.644,62342.000,110458.000,waitingForPt,62342.000,"11041",<none>,,"",true,false,false,false,"11041","142509.1","","","",true,PT_NEVER_BOARDED
"4898881",regional_background,pt,"other","home",43026.000,33429.555,56250.000,116550.000,waitingForPt,56250.000,"71054",<none>,,"",true,false,false,false,"71054","69554","","","",true,PT_NEVER_BOARDED
"4899052",regional_background,pt,"shopping","home",71034.000,14167.954,75269.000,97531.000,waitingForPt,75269.000,"8109",<none>,,"",true,false,false,false,"8109","6764","","","",true,PT_NEVER_BOARDED
"4909984",regional_background,pt,"other","home",73169.000,2309.128,91655.000,81145.000,waitingForPt,91655.000,"9582.1",<none>,,"",true,false,false,false,"9582.1","9407.1","","","",true,PT_NEVER_BOARDED
"492684",munich_resident,car,"work","home",9456.000,7726.847,94502.000,78298.000,entered link,129538.000,"16208",entered link,129538.000,"16208",false,false,false,false,"","","","","",true,CAR_NO_PROGRESS_OR_NETWORK_CLUSTER
"4929074",regional_background,pt,"shopping","home",67828.000,7760.312,71859.000,100941.000,waitingForPt,71859.000,"7955",<none>,,"",true,false,false,false,"7955","9284","","","",true,PT_NEVER_BOARDED
"4936633",unresolved_background,pt,"work","other",62700.000,637.535,63286.000,109514.000,waitingForPt,63286.000,"101695",<none>,,"",true,true,true,false,"101695","127832","tr_113","XXX---161788_2","XXX---161788_2_20",true,PT_BOARDED_NOT_ARRIVED
"4939170",regional_background,pt,"other","home",45550.000,1129.750,46707.000,126093.000,waitingForPt,46707.000,"8032.2",<none>,,"",true,true,true,false,"8032.2","8038","tr_2905","XXX---162456_109","XXX---162456_109_29",true,PT_BOARDED_NOT_ARRIVED
"4941727",regional_background,pt,"other","home",69120.000,5422.522,73817.000,98983.000,waitingForPt,73817.000,"8058.1",<none>,,"",true,true,true,false,"8058.1","8021","tr_27120","XXX---2268643_3","XXX---2268643_3_0",true,PT_BOARDED_NOT_ARRIVED
"4945735",regional_background,pt,"other","home",82627.000,5896.421,83341.000,89459.000,waitingForPt,83341.000,"8340.1",<none>,,"",true,false,false,false,"8340.1","8103","","","",true,PT_NEVER_BOARDED
"4947174",unresolved_background,car,"work","other",58902.000,38705.361,58902.000,113898.000,entered link,143356.000,"16208",entered link,143356.000,"16208",false,false,false,false,"","","","","",true,CAR_NO_PROGRESS_OR_NETWORK_CLUSTER
"4950062",regional_background,pt,"other","home",8269.000,14381.615,91573.000,81227.000,waitingForPt,91573.000,"149421",<none>,,"",true,false,false,false,"149421","106077.10","","","",true,PT_NEVER_BOARDED
"495017",munich_resident,pt,"work","home",3420.000,3621.505,54972.000,117828.000,waitingForPt,54972.000,"106055",<none>,,"",true,true,true,false,"106055","108673.1","tr_2899","XXX---162456_109","XXX---162456_109_29",true,PT_BOARDED_NOT_ARRIVED
"4950859",regional_background,pt,"other","home",55946.000,5630.289,65501.000,107299.000,waitingForPt,65501.000,"9405.2",<none>,,"",true,true,true,false,"9405.2","8532","tr_1454","XXX---162424_106","XXX---162424_106_109",true,PT_BOARDED_NOT_ARRIVED
"4958257",regional_background,pt,"other","home",64140.000,680.303,71258.000,101542.000,waitingForPt,71258.000,"6887",<none>,,"",true,true,true,false,"6887","6915.2","tr_2590","XXX---162455_109","XXX---162455_109_5",true,PT_BOARDED_NOT_ARRIVED
"4979321",regional_background,pt,"shopping","home",51070.000,9255.883,56288.000,116512.000,waitingForPt,56288.000,"168808",<none>,,"",true,false,false,false,"168808","7720","","","",true,PT_NEVER_BOARDED
"4984029",regional_background,car,"other","home",55994.000,25178.347,92542.000,80258.000,entered link,135648.000,"16208",entered link,135648.000,"16208",false,false,false,false,"","","","","",true,CAR_NO_PROGRESS_OR_NETWORK_CLUSTER
"4985883",unresolved_background,car,"work","other",44513.000,42914.369,44513.000,128287.000,entered link,118225.000,"16208",entered link,118225.000,"16208",false,false,false,false,"","","","","",true,CAR_NO_PROGRESS_OR_NETWORK_CLUSTER
"5014260",regional_background,pt,"other","home",64982.000,20197.641,70113.000,102687.000,waitingForPt,70113.000,"8064",<none>,,"",true,false,false,false,"8064","8932","","","",true,PT_NEVER_BOARDED
"5021378",unresolved_background,car,"work","other",43765.000,9080.707,43765.000,129035.000,entered link,118483.000,"16208",entered link,118483.000,"16208",false,false,false,false,"","","","","",true,CAR_NO_PROGRESS_OR_NETWORK_CLUSTER
"5021614",regional_background,pt,"other","home",56845.000,7856.309,71097.000,101703.000,waitingForPt,71097.000,"8910.1",<none>,,"",true,true,true,false,"8910.1","9208","tr_27447","XXX---2268654_3","XXX---2268654_3_2",true,PT_BOARDED_NOT_ARRIVED
"502616",munich_resident,pt,"work","home",10094.000,8464.512,66150.000,106650.000,waitingForPt,66150.000,"12322",<none>,,"",true,false,false,false,"12322","106120.4","","","",true,PT_NEVER_BOARDED
"5028322",unresolved_background,car,"other","other",58451.000,11209.897,58451.000,114349.000,entered link,172799.000,"284938",entered link,172799.000,"284938",false,false,false,false,"","","","","",true,CAR_NO_PROGRESS_OR_NETWORK_CLUSTER
"503314",munich_resident,pt,"work","home",7309.000,10470.943,70136.000,102664.000,waitingForPt,70136.000,"107821.2",<none>,,"",true,false,false,false,"107821.2","106055","","","",true,PT_NEVER_BOARDED
"503400",munich_resident,car,"work","home",2178.000,9528.177,122883.000,49917.000,entered link,125341.000,"453133",entered link,125341.000,"453133",false,false,false,false,"","","","","",true,CAR_NO_PROGRESS_OR_NETWORK_CLUSTER
"5039994",regional_background,car,"other","home",49458.000,39712.943,111589.000,61211.000,entered link,132138.000,"16208",entered link,132138.000,"16208",false,false,false,false,"","","","","",true,CAR_NO_PROGRESS_OR_NETWORK_CLUSTER
"5043909",regional_background,pt,"other","home",66097.000,12204.929,73269.000,99531.000,waitingForPt,73269.000,"7383.1",<none>,,"",true,true,true,false,"7383.1","6830.3","tr_27903","XXX---2268674_3","XXX---2268674_3_1",true,PT_BOARDED_NOT_ARRIVED
"504454",munich_resident,car,"work","home",79639.000,7130.993,79639.000,93161.000,entered link,117043.000,"453133",entered link,117043.000,"453133",false,false,false,false,"","","","","",true,CAR_NO_PROGRESS_OR_NETWORK_CLUSTER
"5047497",regional_background,pt,"other","home",32217.000,13375.668,94433.000,78367.000,waitingForPt,94433.000,"7530",<none>,,"",true,false,false,false,"7530","6902","","","",true,PT_NEVER_BOARDED
"5050453",regional_background,pt,"other","home",56100.000,4782.320,65054.000,107746.000,waitingForPt,65054.000,"7297.2",<none>,,"",true,true,true,false,"7297.2","7380","tr_27740","XXX---2268669_3","XXX---2268669_3_3",true,PT_BOARDED_NOT_ARRIVED
"5057039",unresolved_background,car,"work","other",59159.000,11751.452,59159.000,113641.000,entered link,125378.000,"16208",entered link,125378.000,"16208",false,false,false,false,"","","","","",true,CAR_NO_PROGRESS_OR_NETWORK_CLUSTER
"505885",munich_resident,pt,"work","home",14673.000,1700.524,82267.000,90533.000,waitingForPt,82267.000,"107761",<none>,,"",true,false,false,false,"107761","107149","","","",true,PT_NEVER_BOARDED
"5058907",regional_background,car,"other","home",62514.000,27062.922,150795.000,22005.000,entered link,172334.000,"16208",entered link,172334.000,"16208",false,false,false,false,"","","","","",true,CAR_NO_PROGRESS_OR_NETWORK_CLUSTER
"506229",munich_resident,pt,"work","home",1592.000,8872.804,54185.000,118615.000,waitingForPt,54185.000,"107813",<none>,,"",true,false,false,false,"107813","106159","","","",true,PT_NEVER_BOARDED
"5063369",regional_background,car,"other","home",62506.000,26255.232,96907.000,75893.000,entered link,136298.000,"16208",entered link,136298.000,"16208",false,false,false,false,"","","","","",true,CAR_NO_PROGRESS_OR_NETWORK_CLUSTER
"5070027",regional_background,pt,"other","home",48066.000,2692.190,52689.000,120111.000,waitingForPt,52689.000,"9368.1",<none>,,"",true,false,false,false,"9368.1","7990","","","",true,PT_NEVER_BOARDED
"5076422",regional_background,pt,"other","home",57540.000,13423.314,63384.000,109416.000,waitingForPt,63384.000,"7404",<none>,,"",true,true,true,false,"7404","6970","tr_28195","XXX---2268679_3","XXX---2268679_3_0",true,PT_BOARDED_NOT_ARRIVED
"507744",munich_resident,car,"work","home",72314.000,13529.982,82631.000,90169.000,entered link,137254.000,"419626",entered link,137254.000,"419626",false,false,false,false,"","","","","",true,CAR_NO_PROGRESS_OR_NETWORK_CLUSTER
"5079772",unresolved_background,car,"work","other",77811.000,13066.042,77811.000,94989.000,entered link,115693.000,"453133",entered link,115693.000,"453133",false,false,false,false,"","","","","",true,CAR_NO_PROGRESS_OR_NETWORK_CLUSTER
"5091236",regional_background,pt,"other","home",62139.000,18319.997,67777.000,105023.000,waitingForPt,67777.000,"7215",<none>,,"",true,false,false,false,"7215","6916.4","","","",true,PT_NEVER_BOARDED
"5096711",unresolved_background,car,"work","other",60262.000,11332.468,60262.000,112538.000,entered link,122471.000,"419626",entered link,122471.000,"419626",false,false,false,false,"","","","","",true,CAR_NO_PROGRESS_OR_NETWORK_CLUSTER
"509672",munich_resident,pt,"work","home",17280.000,4768.671,91879.000,80921.000,waitingForPt,91879.000,"108503",<none>,,"",true,true,true,false,"108503","108283","tr_39638","XXX---2271996_1","XXX---2271996_1_9",true,PT_BOARDED_NOT_ARRIVED
"5098908",regional_background,car,"other","home",57084.000,42034.946,149063.000,23737.000,entered link,149336.000,"16208",entered link,149336.000,"16208",false,false,false,false,"","","","","",true,CAR_NO_PROGRESS_OR_NETWORK_CLUSTER
"5109071",regional_background,pt,"other","home",44306.000,23210.933,53904.000,118896.000,waitingForPt,53904.000,"168808",<none>,,"",true,false,false,false,"168808","6916.4","","","",true,PT_NEVER_BOARDED
"5120871",regional_background,pt,"other","home",67758.000,2390.844,83033.000,89767.000,waitingForPt,83033.000,"175920",<none>,,"",true,false,false,false,"175920","102112","","","",true,PT_NEVER_BOARDED
"5127474",regional_background,pt,"other","home",55777.000,7865.569,58747.000,114053.000,waitingForPt,58747.000,"8519.1",<none>,,"",true,false,false,false,"8519.1","9405","","","",true,PT_NEVER_BOARDED
"512763",munich_resident,car,"work","home",82344.000,16432.574,104373.000,68427.000,entered link,139723.000,"419626",entered link,139723.000,"419626",false,false,false,false,"","","","","",true,CAR_NO_PROGRESS_OR_NETWORK_CLUSTER
"5136400",regional_background,pt,"other","home",40800.000,24412.971,49029.000,123771.000,waitingForPt,49029.000,"168887",<none>,,"",true,false,false,false,"168887","68240.1","","","",true,PT_NEVER_BOARDED
"51383",munich_resident,car,"work","home",9816.000,8160.896,87979.000,84821.000,entered link,121498.000,"453133",entered link,121498.000,"453133",false,false,false,false,"","","","","",true,CAR_NO_PROGRESS_OR_NETWORK_CLUSTER
"5144052",regional_background,pt,"other","home",11029.000,4889.705,71467.000,101333.000,waitingForPt,71467.000,"107263",<none>,,"",true,false,false,false,"107263","106055","","","",true,PT_NEVER_BOARDED
"5147316",regional_background,car,"other","home",65414.000,31549.283,107272.000,65528.000,entered link,139288.000,"16208",entered link,139288.000,"16208",false,false,false,false,"","","","","",true,CAR_NO_PROGRESS_OR_NETWORK_CLUSTER
"5148781",regional_background,pt,"other","home",31060.000,5832.807,41146.000,131654.000,waitingForPt,41146.000,"7503",<none>,,"",true,false,false,false,"7503","7464.1","","","",true,PT_NEVER_BOARDED
"5169731",regional_background,pt,"other","home",19777.000,7656.778,75957.000,96843.000,waitingForPt,75957.000,"11744.2",<none>,,"",true,true,true,false,"11744.2","12418.2","tr_2511","XXX---162452_106_3","XXX---162452_106_3_66",true,PT_BOARDED_NOT_ARRIVED
"5173453",unresolved_background,car,"work","other",65603.000,22356.228,65603.000,107197.000,entered link,129855.000,"419626",entered link,129855.000,"419626",false,false,false,false,"","","","","",true,CAR_NO_PROGRESS_OR_NETWORK_CLUSTER
"5179972",unresolved_background,car,"other","other",73632.000,21316.377,73632.000,99168.000,entered link,129533.000,"419626",entered link,129533.000,"419626",false,false,false,false,"","","","","",true,CAR_NO_PROGRESS_OR_NETWORK_CLUSTER
"5187089",regional_background,car,"other","home",85491.000,27312.924,113171.000,59629.000,entered link,121543.000,"453133",entered link,121543.000,"453133",false,false,false,false,"","","","","",true,CAR_NO_PROGRESS_OR_NETWORK_CLUSTER
"5190148",unresolved_background,car,"work","other",55590.000,19193.829,55590.000,117210.000,entered link,137803.000,"16208",entered link,137803.000,"16208",false,false,false,false,"","","","","",true,CAR_NO_PROGRESS_OR_NETWORK_CLUSTER
"5195384",regional_background,pt,"other","home",45427.000,20704.557,55409.000,117391.000,waitingForPt,55409.000,"70845",<none>,,"",true,false,false,false,"70845","102110","","","",true,PT_NEVER_BOARDED
"520416",munich_resident,car,"work","home",73215.000,9458.732,73215.000,99585.000,entered link,119508.000,"453133",entered link,119508.000,"453133",false,false,false,false,"","","","","",true,CAR_NO_PROGRESS_OR_NETWORK_CLUSTER
"5204712",regional_background,pt,"other","home",47355.000,15433.958,58793.000,114007.000,waitingForPt,58793.000,"9277",<none>,,"",true,false,false,false,"9277","7626","","","",true,PT_NEVER_BOARDED
"5209108",regional_background,car,"other","home",62472.000,28883.974,72421.000,100379.000,entered link,125248.000,"16208",entered link,125248.000,"16208",false,false,false,false,"","","","","",true,CAR_NO_PROGRESS_OR_NETWORK_CLUSTER
"5212234",regional_background,pt,"shopping","home",63420.000,8479.145,67017.000,105783.000,waitingForPt,67017.000,"106130.14",<none>,,"",true,true,true,false,"106130.14","142459","tr_2954","XXX---162458_109","XXX---162458_109_3",true,PT_BOARDED_NOT_ARRIVED
"521557",munich_resident,pt,"work","home",9887.000,1170.713,64869.000,107931.000,waitingForPt,64869.000,"107347.2",<none>,,"",true,false,false,false,"107347.2","106248.1","","","",true,PT_NEVER_BOARDED
"521917",munich_resident,pt,"work","home",7307.000,3694.046,55677.000,117123.000,waitingForPt,55677.000,"106467",<none>,,"",true,false,false,false,"106467","107350","","","",true,PT_NEVER_BOARDED
"5227496",regional_background,pt,"other","home",37774.000,8542.193,60027.000,112773.000,waitingForPt,60027.000,"13998",<none>,,"",true,false,false,false,"13998","12972.1","","","",true,PT_NEVER_BOARDED
"5229434",regional_background,car,"other","home",61480.000,28561.324,111272.000,61528.000,entered link,140896.000,"16208",entered link,140896.000,"16208",false,false,false,false,"","","","","",true,CAR_NO_PROGRESS_OR_NETWORK_CLUSTER
"524560",munich_resident,pt,"work","home",11531.000,7351.522,68530.000,104270.000,waitingForPt,68530.000,"106275",<none>,,"",true,false,false,false,"106275","108830","","","",true,PT_NEVER_BOARDED
"5246677",regional_background,pt,"other","home",47408.000,503.417,54607.000,118193.000,waitingForPt,54607.000,"11832.5",<none>,,"",true,true,true,false,"11832.5","12203.9","tr_3135","XXX---162459_109","XXX---162459_109_15",true,PT_BOARDED_NOT_ARRIVED
"525180",munich_resident,pt,"work","home",19920.000,703.329,76244.000,96556.000,waitingForPt,76244.000,"109703",<none>,,"",true,true,true,false,"109703","109721","tr_51602","XXX---2272074_3","XXX---2272074_3_8",true,PT_BOARDED_NOT_ARRIVED
"5253330",regional_background,pt,"other","home",71220.000,1225.540,76029.000,96771.000,waitingForPt,76029.000,"11805",<none>,,"",true,true,true,false,"11805","11885","tr_3114","XXX---162459_109","XXX---162459_109_6",true,PT_BOARDED_NOT_ARRIVED
"525583",munich_resident,pt,"work","home",16947.000,1176.769,78524.000,94276.000,waitingForPt,78524.000,"14151",<none>,,"",true,false,false,false,"14151","12852","","","",true,PT_NEVER_BOARDED
"526008",munich_resident,pt,"work","home",12555.000,6746.016,81187.000,91613.000,waitingForPt,81187.000,"108522",<none>,,"",true,false,false,false,"108522","108777","","","",true,PT_NEVER_BOARDED
"5261668",regional_background,pt,"shopping","home",64620.000,1398.574,68094.000,104706.000,waitingForPt,68094.000,"102065",<none>,,"",true,true,true,false,"102065","4658","tr_190","XXX---161788_2","XXX---161788_2_53",true,PT_BOARDED_NOT_ARRIVED
"5276707",regional_background,car,"other","home",63545.000,35050.995,121652.000,51148.000,entered link,125215.000,"453133",entered link,125215.000,"453133",false,false,false,false,"","","","","",true,CAR_NO_PROGRESS_OR_NETWORK_CLUSTER
"5282353",regional_background,pt,"other","home",66840.000,13941.467,70900.000,101900.000,waitingForPt,70900.000,"13929.1",<none>,,"",true,true,true,false,"13929.1","11699.2","tr_21072","XXX---2268550_3","XXX---2268550_3_3",true,PT_BOARDED_NOT_ARRIVED
"5282520",unresolved_background,car,"work","other",63462.000,11313.113,63462.000,109338.000,entered link,145336.000,"16208",entered link,145336.000,"16208",false,false,false,false,"","","","","",true,CAR_NO_PROGRESS_OR_NETWORK_CLUSTER
"5285948",regional_background,car,"other","home",80402.000,34573.276,113448.000,59352.000,entered link,121714.000,"453133",entered link,121714.000,"453133",false,false,false,false,"","","","","",true,CAR_NO_PROGRESS_OR_NETWORK_CLUSTER
"5320924",regional_background,car,"other","home",76990.000,21782.313,102338.000,70462.000,entered link,126427.000,"419626",entered link,126427.000,"419626",false,false,false,false,"","","","","",true,CAR_NO_PROGRESS_OR_NETWORK_CLUSTER
"5322467",regional_background,car,"other","home",84217.000,24076.742,84217.000,88583.000,entered link,119959.000,"453133",entered link,119959.000,"453133",false,false,false,false,"","","","","",true,CAR_NO_PROGRESS_OR_NETWORK_CLUSTER
"532362",munich_resident,pt,"work","home",6643.000,3723.981,55023.000,117777.000,waitingForPt,55023.000,"106691",<none>,,"",true,false,false,false,"106691","106247","","","",true,PT_NEVER_BOARDED
"532749",munich_resident,pt,"work","home",4863.000,10470.943,57427.000,115373.000,waitingForPt,57427.000,"107821.2",<none>,,"",true,false,false,false,"107821.2","106055","","","",true,PT_NEVER_BOARDED
"533025",munich_resident,car,"work","home",23057.000,12424.956,99704.000,73096.000,entered link,124484.000,"419626",entered link,124484.000,"419626",false,false,false,false,"","","","","",true,CAR_NO_PROGRESS_OR_NETWORK_CLUSTER
"5331987",regional_background,pt,"shopping","home",46800.000,22908.296,52331.000,120469.000,waitingForPt,52331.000,"104223.5",<none>,,"",true,true,true,false,"104223.5","102523.2","tr_18513","XXX---2255153_3","XXX---2255153_3_23",true,PT_BOARDED_NOT_ARRIVED
"533257",munich_resident,car,"work","home",59906.000,14794.519,59906.000,112894.000,entered link,142568.000,"419626",entered link,142568.000,"419626",false,false,false,false,"","","","","",true,CAR_NO_PROGRESS_OR_NETWORK_CLUSTER
"5334240",regional_background,pt,"other","home",64740.000,1506.129,68945.000,103855.000,waitingForPt,68945.000,"11993.1",<none>,,"",true,true,true,false,"11993.1","12532","tr_3510","XXX---162462_109","XXX---162462_109_10",true,PT_BOARDED_NOT_ARRIVED
"5343701",regional_background,pt,"other","home",74760.000,6804.413,80548.000,92252.000,waitingForPt,80548.000,"11832.2",<none>,,"",true,true,true,false,"11832.2","12705","tr_33469","XXX---2268788_3","XXX---2268788_3_0",true,PT_BOARDED_NOT_ARRIVED
"5344814",regional_background,car,"other","home",53616.000,24642.875,78225.000,94575.000,entered link,136505.000,"419626",entered link,136505.000,"419626",false,false,false,false,"","","","","",true,CAR_NO_PROGRESS_OR_NETWORK_CLUSTER
"5351042",regional_background,pt,"other","home",67860.000,2197.578,84654.000,88146.000,waitingForPt,84654.000,"11699",<none>,,"",true,true,true,false,"11699","11820.2","tr_2983","XXX---162458_109","XXX---162458_109_10",true,PT_BOARDED_NOT_ARRIVED
"5351554",regional_background,pt,"other","home",45600.000,7899.457,59937.000,112863.000,waitingForPt,59937.000,"11832.2",<none>,,"",true,true,true,false,"11832.2","11710.6","tr_1699","XXX---162429_106","XXX---162429_106_24",true,PT_BOARDED_NOT_ARRIVED
"5354686",regional_background,pt,"shopping","home",62353.000,13411.951,65529.000,107271.000,waitingForPt,65529.000,"139069",<none>,,"",true,false,false,false,"139069","104379.6","","","",true,PT_NEVER_BOARDED
"5376974",regional_background,pt,"other","home",59880.000,13930.897,64601.000,108199.000,waitingForPt,64601.000,"108614.4",<none>,,"",true,true,true,false,"108614.4","142459.1","tr_3392","XXX---162461_109","XXX---162461_109_10",true,PT_BOARDED_NOT_ARRIVED
"5378994",regional_background,pt,"other","home",64366.000,9433.358,67959.000,104841.000,waitingForPt,67959.000,"109210",<none>,,"",true,false,false,false,"109210","109492","","","",true,PT_NEVER_BOARDED
"5379839",regional_background,pt,"other","home",10862.000,21906.638,81517.000,91283.000,waitingForPt,81517.000,"12958.5",<none>,,"",true,false,false,false,"12958.5","12840.1","","","",true,PT_NEVER_BOARDED
"5403109",regional_background,car,"other","home",4918.000,26527.162,84724.000,88076.000,entered link,137869.000,"419626",entered link,137869.000,"419626",false,false,false,false,"","","","","",true,CAR_NO_PROGRESS_OR_NETWORK_CLUSTER
"5411060",regional_background,pt,"home","other",72720.000,2663.397,75081.000,97719.000,waitingForPt,75081.000,"109626",<none>,,"",true,true,true,false,"109626","109519","tr_3077","XXX---162458_109","XXX---162458_109_28",true,PT_BOARDED_NOT_ARRIVED
"5417362",unresolved_background,car,"other","other",63001.000,13705.499,63001.000,109799.000,entered link,127328.000,"16208",entered link,127328.000,"16208",false,false,false,false,"","","","","",true,CAR_NO_PROGRESS_OR_NETWORK_CLUSTER
"5417928",regional_background,pt,"other","home",58677.000,9395.204,65667.000,107133.000,waitingForPt,65667.000,"11832.2",<none>,,"",true,true,true,false,"11832.2","11684.3","tr_33410","XXX---2268786_3","XXX---2268786_3_1",true,PT_BOARDED_NOT_ARRIVED
"54184",munich_resident,car,"work","home",84492.000,10608.996,85713.000,87087.000,entered link,116152.000,"453133",entered link,116152.000,"453133",false,false,false,false,"","","","","",true,CAR_NO_PROGRESS_OR_NETWORK_CLUSTER
"5426023",regional_background,car,"other","home",79209.000,26379.914,114425.000,58375.000,entered link,120004.000,"453133",entered link,120004.000,"453133",false,false,false,false,"","","","","",true,CAR_NO_PROGRESS_OR_NETWORK_CLUSTER
"5435379",regional_background,car,"shopping","home",57465.000,21017.436,95679.000,77121.000,entered link,136038.000,"16208",entered link,136038.000,"16208",false,false,false,false,"","","","","",true,CAR_NO_PROGRESS_OR_NETWORK_CLUSTER
"5453605",regional_background,pt,"other","home",81531.000,7110.800,83823.000,88977.000,waitingForPt,83823.000,"11994.1",<none>,,"",true,false,false,false,"11994.1","12333.2","","","",true,PT_NEVER_BOARDED
"5460853",regional_background,car,"shopping","home",62305.000,13114.955,158444.000,14356.000,entered link,158597.000,"419626",entered link,158597.000,"419626",false,false,false,false,"","","","","",true,CAR_NO_PROGRESS_OR_NETWORK_CLUSTER
"5475671",regional_background,pt,"other","home",59880.000,19109.302,61151.000,111649.000,waitingForPt,61151.000,"102197.2",<none>,,"",true,true,true,false,"102197.2","101935.3","tr_6948","XXX---2183223_3","XXX---2183223_3_2",true,PT_BOARDED_NOT_ARRIVED
"5476475",regional_background,car,"other","home",55663.000,25910.340,82605.000,90195.000,entered link,172798.000,"455773",entered link,172798.000,"455773",false,false,false,false,"","","","","",true,CAR_NO_PROGRESS_OR_NETWORK_CLUSTER
"5477601",regional_background,car,"other","home",55779.000,22987.385,141646.000,31154.000,entered link,141799.000,"453133",entered link,141799.000,"453133",false,false,false,false,"","","","","",true,CAR_NO_PROGRESS_OR_NETWORK_CLUSTER
"5487959",regional_background,pt,"other","home",71040.000,602.121,73491.000,99309.000,waitingForPt,73491.000,"11599.3",<none>,,"",true,true,true,false,"11599.3","12769.1","tr_3105","XXX---162459_109","XXX---162459_109_1",true,PT_BOARDED_NOT_ARRIVED
"5494799",regional_background,pt,"other","home",48000.000,4233.817,51509.000,121291.000,waitingForPt,51509.000,"104223.5",<none>,,"",true,true,true,false,"104223.5","4952.3","tr_4104","XXX---1850865_3","XXX---1850865_3_1",true,PT_BOARDED_NOT_ARRIVED
"5498769",regional_background,pt,"other","home",1560.000,5463.151,85430.000,87370.000,waitingForPt,85430.000,"4799.1",<none>,,"",true,false,false,false,"4799.1","4675","","","",true,PT_NEVER_BOARDED
"5499497",regional_background,pt,"other","home",53175.000,13075.350,59707.000,113093.000,waitingForPt,59707.000,"61910",<none>,,"",true,false,false,false,"61910","4670","","","",true,PT_NEVER_BOARDED
"5500950",regional_background,car,"other","home",64262.000,45129.133,167532.000,5268.000,entered link,167761.000,"419626",entered link,167761.000,"419626",false,false,false,false,"","","","","",true,CAR_NO_PROGRESS_OR_NETWORK_CLUSTER
"5507919",regional_background,pt,"other","home",57514.000,2383.216,75444.000,97356.000,waitingForPt,75444.000,"101844.1",<none>,,"",true,true,true,false,"101844.1","4469","tr_383","XXX---161788_2","XXX---161788_2_157",true,PT_BOARDED_NOT_ARRIVED
"5533893",regional_background,pt,"other","home",63720.000,12062.469,71116.000,101684.000,waitingForPt,71116.000,"102548",<none>,,"",true,true,true,false,"102548","101843","tr_17913","XXX---2255122_3","XXX---2255122_3_6",true,PT_BOARDED_NOT_ARRIVED
"5537650",regional_background,pt,"other","home",58246.000,20167.280,61737.000,111063.000,waitingForPt,61737.000,"102548.2",<none>,,"",true,true,true,false,"102548.2","102524","tr_18376","XXX---2255145_3","XXX---2255145_3_2",true,PT_BOARDED_NOT_ARRIVED
"5540541",regional_background,car,"other","home",4994.000,48756.537,107706.000,65094.000,entered link,172797.000,"146835",entered link,172797.000,"146835",false,false,false,false,"","","","","",true,CAR_NO_PROGRESS_OR_NETWORK_CLUSTER
"5563969",regional_background,pt,"other","home",2784.000,25171.346,124060.000,48740.000,waitingForPt,124060.000,"101742",<none>,,"",true,false,false,false,"101742","104343.2","","","",true,PT_NEVER_BOARDED
"5569865",regional_background,pt,"other","home",65598.000,1025.291,72701.000,100099.000,waitingForPt,72701.000,"104227.1",<none>,,"",true,true,true,false,"104227.1","4786","tr_462","XXX---161788_2","XXX---161788_2_219",true,PT_BOARDED_NOT_ARRIVED
"557064",regional_background,pt,"home","education",27180.000,56342.758,27655.000,145145.000,waitingForPt,27655.000,"101674.11",<none>,,"",true,true,true,false,"101674.11","142500.2","tr_90","XXX---161788_2","XXX---161788_2_6",true,PT_BOARDED_NOT_ARRIVED
"5580290",regional_background,car,"shopping","home",46402.000,13089.261,132904.000,39896.000,entered link,141577.000,"419626",entered link,141577.000,"419626",false,false,false,false,"","","","","",true,CAR_NO_PROGRESS_OR_NETWORK_CLUSTER
"5588206",regional_background,pt,"other","home",54638.000,9990.050,59862.000,112938.000,waitingForPt,59862.000,"4714",<none>,,"",true,false,false,false,"4714","5010.5","","","",true,PT_NEVER_BOARDED
"5590763",regional_background,pt,"other","home",44139.000,16051.075,47814.000,124986.000,waitingForPt,47814.000,"4712.6",<none>,,"",true,false,false,false,"4712.6","4987.2","","","",true,PT_NEVER_BOARDED
"5598246",regional_background,pt,"other","home",53180.000,8164.130,60249.000,112551.000,waitingForPt,60249.000,"104381.1",<none>,,"",true,true,true,false,"104381.1","139108","tr_571","XXX---161839_2","XXX---161839_2_57",true,PT_BOARDED_NOT_ARRIVED
"5608225",regional_background,pt,"other","home",57625.000,11329.307,66985.000,105815.000,waitingForPt,66985.000,"137057",<none>,,"",true,false,false,false,"137057","76721.1","","","",true,PT_NEVER_BOARDED
"5611723",regional_background,pt,"other","home",56536.000,15227.331,70839.000,101961.000,waitingForPt,70839.000,"104225.1",<none>,,"",true,true,true,false,"104225.1","142415","tr_398","XXX---161788_2","XXX---161788_2_170",true,PT_BOARDED_NOT_ARRIVED
"5613815",regional_background,pt,"other","home",46273.000,10238.114,64016.000,108784.000,waitingForPt,64016.000,"101930.5",<none>,,"",true,true,true,false,"101930.5","5056","tr_3132","XXX---162459_109","XXX---162459_109_13",true,PT_BOARDED_NOT_ARRIVED
"5617499",unresolved_background,car,"work","other",46968.000,52728.076,46968.000,125832.000,entered link,127315.000,"16208",entered link,127315.000,"16208",false,false,false,false,"","","","","",true,CAR_NO_PROGRESS_OR_NETWORK_CLUSTER
"5625487",regional_background,pt,"other","home",68375.000,586.805,77187.000,95613.000,waitingForPt,77187.000,"5994",<none>,,"",true,false,false,false,"5994","5796.1","","","",true,PT_NEVER_BOARDED
"5639204",regional_background,pt,"other","home",46740.000,6237.827,57512.000,115288.000,waitingForPt,57512.000,"135420",<none>,,"",true,false,false,false,"135420","134275.2","","","",true,PT_NEVER_BOARDED
"5640604",regional_background,pt,"other","home",65340.000,1828.634,68829.000,103971.000,waitingForPt,68829.000,"138785",<none>,,"",true,true,true,false,"138785","138823","tr_17626","XXX---2255096_3","XXX---2255096_3_12",true,PT_BOARDED_NOT_ARRIVED
"5643039",regional_background,pt,"shopping","home",62460.000,22812.548,76843.000,95957.000,waitingForPt,76843.000,"106077.9",<none>,,"",true,true,true,false,"106077.9","149425.4","tr_3232","XXX---162460_109","XXX---162460_109_2",true,PT_BOARDED_NOT_ARRIVED
"5646815",regional_background,car,"other","home",78396.000,20899.032,102079.000,70721.000,entered link,138118.000,"16208",entered link,138118.000,"16208",false,false,false,false,"","","","","",true,CAR_NO_PROGRESS_OR_NETWORK_CLUSTER
"56651",munich_resident,pt,"work","home",5291.000,1560.444,90966.000,81834.000,waitingForPt,90966.000,"9396",<none>,,"",true,false,false,false,"9396","9406.1","","","",true,PT_NEVER_BOARDED
"566763",regional_background,pt,"work","home",22041.000,14460.440,89055.000,83745.000,waitingForPt,89055.000,"84642",<none>,,"",true,false,false,false,"84642","102104.5","","","",true,PT_NEVER_BOARDED
"566775",regional_background,pt,"work","home",13305.000,11801.676,73662.000,99138.000,waitingForPt,73662.000,"181965",<none>,,"",true,false,false,false,"181965","70881.1","","","",true,PT_NEVER_BOARDED
"5671374",regional_background,car,"other","home",73996.000,15641.054,105701.000,67099.000,entered link,168200.000,"419626",entered link,168200.000,"419626",false,false,false,false,"","","","","",true,CAR_NO_PROGRESS_OR_NETWORK_CLUSTER
"5676342",regional_background,pt,"shopping","home",44761.000,8930.004,84888.000,87912.000,waitingForPt,84888.000,"6250",<none>,,"",true,false,false,false,"6250","6045.3","","","",true,PT_NEVER_BOARDED
"5682264",regional_background,pt,"other","home",47170.000,1074.423,54181.000,118619.000,waitingForPt,54181.000,"9713",<none>,,"",true,false,false,false,"9713","9672.1","","","",true,PT_NEVER_BOARDED
"5683617",regional_background,pt,"other","home",55981.000,23569.194,58310.000,114490.000,waitingForPt,58310.000,"9411.1",<none>,,"",true,true,true,false,"9411.1","8934.8","tr_2794","XXX---162456_109","XXX---162456_109_11",true,PT_BOARDED_NOT_ARRIVED
"5685908",regional_background,pt,"other","home",8714.000,5044.544,60622.000,112178.000,waitingForPt,60622.000,"108813",<none>,,"",true,false,false,false,"108813","108523","","","",true,PT_NEVER_BOARDED
"5693134",regional_background,pt,"other","home",3740.000,7379.892,41338.000,131462.000,waitingForPt,41338.000,"107948",<none>,,"",true,false,false,false,"107948","106047.3","","","",true,PT_NEVER_BOARDED
"5694939",regional_background,car,"home","shopping",57714.000,20274.510,57714.000,115086.000,entered link,138768.000,"16208",entered link,138768.000,"16208",false,false,false,false,"","","","","",true,CAR_NO_PROGRESS_OR_NETWORK_CLUSTER
"56974",munich_resident,car,"work","home",50607.000,7702.358,50607.000,122193.000,entered link,124276.000,"419626",entered link,124276.000,"419626",false,false,false,false,"","","","","",true,CAR_NO_PROGRESS_OR_NETWORK_CLUSTER
"5698243",regional_background,car,"home","other",68649.000,16913.312,68649.000,104151.000,entered link,167360.000,"419626",entered link,167360.000,"419626",false,false,false,false,"","","","","",true,CAR_NO_PROGRESS_OR_NETWORK_CLUSTER
"5702288",regional_background,pt,"other","home",78105.000,5747.582,81645.000,91155.000,waitingForPt,81645.000,"5794.1",<none>,,"",true,true,true,false,"5794.1","6017","tr_3424","XXX---162461_109","XXX---162461_109_19",true,PT_BOARDED_NOT_ARRIVED
"5703034",regional_background,car,"home","other",76405.000,23898.280,76405.000,96395.000,entered link,116107.000,"453133",entered link,116107.000,"453133",false,false,false,false,"","","","","",true,CAR_NO_PROGRESS_OR_NETWORK_CLUSTER
"5719212",regional_background,pt,"other","home",7656.000,2657.481,63256.000,109544.000,waitingForPt,63256.000,"107748.1",<none>,,"",true,false,false,false,"107748.1","108850","","","",true,PT_NEVER_BOARDED
"5722164",regional_background,car,"home","other",53666.000,25759.383,53666.000,119134.000,entered link,135967.000,"16208",entered link,135967.000,"16208",false,false,false,false,"","","","","",true,CAR_NO_PROGRESS_OR_NETWORK_CLUSTER
"5722722",regional_background,car,"home","other",49608.000,24642.264,49608.000,123192.000,entered link,129169.000,"16208",entered link,129169.000,"16208",false,false,false,false,"","","","","",true,CAR_NO_PROGRESS_OR_NETWORK_CLUSTER
"57293",munich_resident,pt,"work","home",41232.000,5332.015,82159.000,90641.000,waitingForPt,82159.000,"109340",<none>,,"",true,false,false,false,"109340","106272","","","",true,PT_NEVER_BOARDED
"5730644",regional_background,pt,"other","home",10654.000,2222.709,83665.000,89135.000,waitingForPt,83665.000,"106319.2",<none>,,"",true,false,false,false,"106319.2","107349","","","",true,PT_NEVER_BOARDED
"5738399",regional_background,pt,"other","home",5243.000,7562.646,88368.000,84432.000,waitingForPt,88368.000,"109247",<none>,,"",true,false,false,false,"109247","106053","","","",true,PT_NEVER_BOARDED
"5739410",regional_background,car,"other","home",65468.000,21327.306,95413.000,77387.000,entered link,135908.000,"16208",entered link,135908.000,"16208",false,false,false,false,"","","","","",true,CAR_NO_PROGRESS_OR_NETWORK_CLUSTER
"5744158",regional_background,car,"other","home",58254.000,16307.729,59653.000,113147.000,entered link,128571.000,"419626",entered link,128571.000,"419626",false,false,false,false,"","","","","",true,CAR_NO_PROGRESS_OR_NETWORK_CLUSTER
"5746342",regional_background,car,"other","home",69876.000,21717.710,114899.000,57901.000,entered link,144736.000,"16208",entered link,144736.000,"16208",false,false,false,false,"","","","","",true,CAR_NO_PROGRESS_OR_NETWORK_CLUSTER
"5751515",regional_background,car,"other","home",81238.000,19793.055,103589.000,69211.000,entered link,126917.000,"419626",entered link,126917.000,"419626",false,false,false,false,"","","","","",true,CAR_NO_PROGRESS_OR_NETWORK_CLUSTER
"5752630",regional_background,pt,"other","home",75289.000,1427.095,76694.000,96106.000,waitingForPt,76694.000,"11448",<none>,,"",true,false,false,false,"11448","11037.2","","","",true,PT_NEVER_BOARDED
"5754067",regional_background,car,"other","home",49928.000,14351.420,95773.000,77027.000,entered link,123539.000,"419626",entered link,123539.000,"419626",false,false,false,false,"","","","","",true,CAR_NO_PROGRESS_OR_NETWORK_CLUSTER
"5755367",regional_background,car,"other","home",58113.000,16423.138,166509.000,6291.000,entered link,166646.000,"16208",entered link,166646.000,"16208",false,false,false,false,"","","","","",true,CAR_NO_PROGRESS_OR_NETWORK_CLUSTER
"5770115",regional_background,car,"home","other",73793.000,24175.256,73793.000,99007.000,entered link,123946.000,"419626",entered link,123946.000,"419626",false,false,false,false,"","","","","",true,CAR_NO_PROGRESS_OR_NETWORK_CLUSTER
"5772043",regional_background,pt,"other","home",10173.000,8281.619,23497.000,149303.000,waitingForPt,23497.000,"106258.2",<none>,,"",true,false,false,false,"106258.2","108859.2","","","",true,PT_NEVER_BOARDED
"5777768",regional_background,car,"home","other",62488.000,18751.378,62488.000,110312.000,entered link,158528.000,"419626",entered link,158528.000,"419626",false,false,false,false,"","","","","",true,CAR_NO_PROGRESS_OR_NETWORK_CLUSTER
"5788664",regional_background,car,"other","home",56303.000,18837.455,84407.000,88393.000,entered link,138076.000,"419626",entered link,138076.000,"419626",false,false,false,false,"","","","","",true,CAR_NO_PROGRESS_OR_NETWORK_CLUSTER
"5790542",regional_background,car,"home","other",62483.000,19012.459,62483.000,110317.000,entered link,146176.000,"16208",entered link,146176.000,"16208",false,false,false,false,"","","","","",true,CAR_NO_PROGRESS_OR_NETWORK_CLUSTER
"5791740",regional_background,pt,"other","home",8563.000,552.523,79153.000,93647.000,waitingForPt,79153.000,"11439.1",<none>,,"",true,false,false,false,"11439.1","11037.2","","","",true,PT_NEVER_BOARDED
"5795572",regional_background,pt,"other","home",19020.000,5706.500,77767.000,95033.000,waitingForPt,77767.000,"6483",<none>,,"",true,true,true,false,"6483","14263","tr_3362","XXX---162461_109","XXX---162461_109_6",true,PT_BOARDED_NOT_ARRIVED
"5801852",regional_background,pt,"other","home",81120.000,25310.145,88057.000,84743.000,waitingForPt,88057.000,"11702.2",<none>,,"",true,true,true,false,"11702.2","106046.1","tr_21087","XXX---2268551_3","XXX---2268551_3_0",true,PT_BOARDED_NOT_ARRIVED
"5814480",regional_background,pt,"other","home",14320.000,13279.825,88111.000,84689.000,waitingForPt,88111.000,"12799.6",<none>,,"",true,false,false,false,"12799.6","106108.2","","","",true,PT_NEVER_BOARDED
"5814872",regional_background,car,"home","other",64208.000,28970.440,64208.000,108592.000,entered link,152048.000,"419626",entered link,152048.000,"419626",false,false,false,false,"","","","","",true,CAR_NO_PROGRESS_OR_NETWORK_CLUSTER
"5830753",regional_background,car,"other","home",73184.000,23040.617,90938.000,81862.000,entered link,135388.000,"16208",entered link,135388.000,"16208",false,false,false,false,"","","","","",true,CAR_NO_PROGRESS_OR_NETWORK_CLUSTER
"5831706",regional_background,car,"other","home",68346.000,17356.069,110613.000,62187.000,entered link,131488.000,"16208",entered link,131488.000,"16208",false,false,false,false,"","","","","",true,CAR_NO_PROGRESS_OR_NETWORK_CLUSTER
"5832828",regional_background,pt,"other","home",13492.000,3369.320,76980.000,95820.000,waitingForPt,76980.000,"107351.1",<none>,,"",true,false,false,false,"107351.1","106055","","","",true,PT_NEVER_BOARDED
"5836751",regional_background,car,"home","other",55507.000,17247.769,55507.000,117293.000,entered link,155497.000,"16208",entered link,155497.000,"16208",false,false,false,false,"","","","","",true,CAR_NO_PROGRESS_OR_NETWORK_CLUSTER
"5844100",regional_background,car,"home","other",67057.000,18273.291,67057.000,105743.000,entered link,120049.000,"453133",entered link,120049.000,"453133",false,false,false,false,"","","","","",true,CAR_NO_PROGRESS_OR_NETWORK_CLUSTER
"5846068",regional_background,pt,"shopping","home",58544.000,5721.558,60050.000,112750.000,waitingForPt,60050.000,"167731",<none>,,"",true,false,false,false,"167731","168250","","","",true,PT_NEVER_BOARDED
"5846621",regional_background,car,"home","other",69506.000,21168.282,69506.000,103294.000,entered link,120747.000,"419626",entered link,120747.000,"419626",false,false,false,false,"","","","","",true,CAR_NO_PROGRESS_OR_NETWORK_CLUSTER
"5851081",regional_background,car,"home","other",72870.000,23725.562,72870.000,99930.000,entered link,123230.000,"419626",entered link,123230.000,"419626",false,false,false,false,"","","","","",true,CAR_NO_PROGRESS_OR_NETWORK_CLUSTER
"5858739",regional_background,car,"other","home",63130.000,22447.785,113703.000,59097.000,entered link,121795.000,"453133",entered link,121795.000,"453133",false,false,false,false,"","","","","",true,CAR_NO_PROGRESS_OR_NETWORK_CLUSTER
"5866871",regional_background,car,"other","home",72709.000,16976.330,172676.000,124.000,entered link,172797.000,"235178",entered link,172797.000,"235178",false,false,false,false,"","","","","",true,VERY_LATE_DEPARTURE
"5870253",regional_background,car,"other","home",66952.000,12035.406,99973.000,72827.000,entered link,123407.000,"419626",entered link,123407.000,"419626",false,false,false,false,"","","","","",true,CAR_NO_PROGRESS_OR_NETWORK_CLUSTER
"58745",munich_resident,pt,"work","home",22890.000,878.055,82724.000,90076.000,waitingForPt,82724.000,"106645",<none>,,"",true,true,true,false,"106645","106653","tr_48087","XXX---2272043_3","XXX---2272043_3_6",true,PT_BOARDED_NOT_ARRIVED
"5880371",regional_background,car,"home","other",61797.000,16013.806,61797.000,111003.000,entered link,143536.000,"16208",entered link,143536.000,"16208",false,false,false,false,"","","","","",true,CAR_NO_PROGRESS_OR_NETWORK_CLUSTER
"588989",regional_background,pt,"education","home",63360.000,6060.526,64473.000,108327.000,waitingForPt,64473.000,"10276",<none>,,"",true,true,true,false,"10276","10295.1","tr_3366","XXX---162461_109","XXX---162461_109_6",true,PT_BOARDED_NOT_ARRIVED
"5896735",regional_background,car,"other","home",51082.000,32294.903,57786.000,115014.000,entered link,172798.000,"102734",entered link,172798.000,"102734",false,false,false,false,"","","","","",true,CAR_NO_PROGRESS_OR_NETWORK_CLUSTER
"5902423",regional_background,car,"other","home",67351.000,17612.627,105641.000,67159.000,entered link,127744.000,"16208",entered link,127744.000,"16208",false,false,false,false,"","","","","",true,CAR_NO_PROGRESS_OR_NETWORK_CLUSTER
"5902615",unresolved_background,car,"other","other",64080.000,25488.499,64080.000,108720.000,entered link,151208.000,"419626",entered link,151208.000,"419626",false,false,false,false,"","","","","",true,CAR_NO_PROGRESS_OR_NETWORK_CLUSTER
"5903077",regional_background,car,"home","other",56703.000,16019.137,56703.000,116097.000,entered link,138248.000,"16208",entered link,138248.000,"16208",false,false,false,false,"","","","","",true,CAR_NO_PROGRESS_OR_NETWORK_CLUSTER
"5903332",regional_background,car,"home","other",67857.000,23746.764,67857.000,104943.000,entered link,120418.000,"453133",entered link,120418.000,"453133",false,false,false,false,"","","","","",true,CAR_NO_PROGRESS_OR_NETWORK_CLUSTER
"5904179",regional_background,car,"home","other",50699.000,17020.735,50699.000,122101.000,entered link,141415.000,"16208",entered link,141415.000,"16208",false,false,false,false,"","","","","",true,CAR_NO_PROGRESS_OR_NETWORK_CLUSTER
"590620",regional_background,pt,"work","home",2852.000,21636.092,72984.000,99816.000,waitingForPt,72984.000,"127969.2",<none>,,"",true,false,false,false,"127969.2","101676","","","",true,PT_NEVER_BOARDED
"5913019",regional_background,car,"home","other",56927.000,20957.721,56927.000,115873.000,entered link,156968.000,"419626",entered link,156968.000,"419626",false,false,false,false,"","","","","",true,CAR_NO_PROGRESS_OR_NETWORK_CLUSTER
"5914675",regional_background,car,"home","other",53049.000,16517.078,53049.000,119751.000,entered link,145520.000,"419626",entered link,145520.000,"419626",false,false,false,false,"","","","","",true,CAR_NO_PROGRESS_OR_NETWORK_CLUSTER
"5917513",regional_background,pt,"other","home",6561.000,18948.482,72655.000,100145.000,waitingForPt,72655.000,"106560",<none>,,"",true,false,false,false,"106560","108506","","","",true,PT_NEVER_BOARDED
"5918492",unresolved_background,car,"other","other",63674.000,24764.860,63674.000,109126.000,entered link,120734.000,"419626",entered link,120734.000,"419626",false,false,false,false,"","","","","",true,CAR_NO_PROGRESS_OR_NETWORK_CLUSTER
"5924172",regional_background,car,"home","other",59898.000,18893.335,59898.000,112902.000,entered link,115648.000,"453133",entered link,115648.000,"453133",false,false,false,false,"","","","","",true,CAR_NO_PROGRESS_OR_NETWORK_CLUSTER
"5931062",unresolved_background,car,"work","other",59895.000,17049.865,59895.000,112905.000,entered link,122283.000,"419626",entered link,122283.000,"419626",false,false,false,false,"","","","","",true,CAR_NO_PROGRESS_OR_NETWORK_CLUSTER
"5933439",regional_background,car,"home","other",46743.000,17622.983,46743.000,126057.000,entered link,131272.000,"16208",entered link,131272.000,"16208",false,false,false,false,"","","","","",true,CAR_NO_PROGRESS_OR_NETWORK_CLUSTER
"5937506",regional_background,pt,"other","home",46894.000,4885.480,50886.000,121914.000,waitingForPt,50886.000,"11484",<none>,,"",true,false,false,false,"11484","11433.7","","","",true,PT_NEVER_BOARDED
"5942887",regional_background,car,"other","home",56629.000,25974.617,101675.000,71125.000,entered link,119824.000,"453133",entered link,119824.000,"453133",false,false,false,false,"","","","","",true,CAR_NO_PROGRESS_OR_NETWORK_CLUSTER
"5943136",regional_background,car,"other","home",65048.000,15161.357,126885.000,45915.000,entered link,139235.000,"419626",entered link,139235.000,"419626",false,false,false,false,"","","","","",true,CAR_NO_PROGRESS_OR_NETWORK_CLUSTER
"5944139",regional_background,car,"other","home",76631.000,19762.414,76631.000,96169.000,entered link,136974.000,"419626",entered link,136974.000,"419626",false,false,false,false,"","","","","",true,CAR_NO_PROGRESS_OR_NETWORK_CLUSTER
"5946089",regional_background,car,"other","home",54617.000,22414.600,83143.000,89657.000,entered link,137602.000,"419626",entered link,137602.000,"419626",false,false,false,false,"","","","","",true,CAR_NO_PROGRESS_OR_NETWORK_CLUSTER
"5946797",regional_background,pt,"other","home",1859.000,15190.174,89454.000,83346.000,waitingForPt,89454.000,"106077.10",<none>,,"",true,false,false,false,"106077.10","6457.1","","","",true,PT_NEVER_BOARDED
"5950890",regional_background,car,"home","other",60638.000,16389.843,60638.000,112162.000,entered link,123608.000,"419626",entered link,123608.000,"419626",false,false,false,false,"","","","","",true,CAR_NO_PROGRESS_OR_NETWORK_CLUSTER
"5951760",regional_background,car,"home","other",69461.000,11532.238,69461.000,103339.000,entered link,124338.000,"16208",entered link,124338.000,"16208",false,false,false,false,"","","","","",true,CAR_NO_PROGRESS_OR_NETWORK_CLUSTER
"5953114",regional_background,car,"home","other",61375.000,14018.586,61375.000,111425.000,entered link,124553.000,"419626",entered link,124553.000,"419626",false,false,false,false,"","","","","",true,CAR_NO_PROGRESS_OR_NETWORK_CLUSTER
"5954291",regional_background,car,"home","other",71602.000,14432.939,71602.000,101198.000,entered link,134515.000,"419626",entered link,134515.000,"419626",false,false,false,false,"","","","","",true,CAR_NO_PROGRESS_OR_NETWORK_CLUSTER
"5961391",regional_background,pt,"shopping","home",77291.000,18325.480,86938.000,85862.000,waitingForPt,86938.000,"102538",<none>,,"",true,false,false,false,"102538","102028.10","","","",true,PT_NEVER_BOARDED
"5962800",unresolved_background,car,"other","other",73012.000,22701.358,73012.000,99788.000,entered link,118618.000,"453133",entered link,118618.000,"453133",false,false,false,false,"","","","","",true,CAR_NO_PROGRESS_OR_NETWORK_CLUSTER
"5975183",unresolved_background,car,"work","other",59475.000,45680.779,59475.000,113325.000,entered link,126288.000,"16208",entered link,126288.000,"16208",false,false,false,false,"","","","","",true,CAR_NO_PROGRESS_OR_NETWORK_CLUSTER
"5978580",regional_background,car,"other","home",71487.000,32963.839,95834.000,76966.000,entered link,139444.000,"419626",entered link,139444.000,"419626",false,false,false,false,"","","","","",true,CAR_NO_PROGRESS_OR_NETWORK_CLUSTER
"5979432",regional_background,car,"other","home",69494.000,68565.978,99115.000,73685.000,entered link,119491.000,"453133",entered link,119491.000,"453133",false,false,false,false,"","","","","",true,CAR_NO_PROGRESS_OR_NETWORK_CLUSTER
"5980294",unresolved_background,car,"other","other",70647.000,19154.398,70647.000,102153.000,entered link,169760.000,"419626",entered link,169760.000,"419626",false,false,false,false,"","","","","",true,CAR_NO_PROGRESS_OR_NETWORK_CLUSTER
"5980835",regional_background,car,"home","other",45770.000,21468.464,45770.000,127030.000,entered link,131618.000,"16208",entered link,131618.000,"16208",false,false,false,false,"","","","","",true,CAR_NO_PROGRESS_OR_NETWORK_CLUSTER
"5986455",unresolved_background,car,"other","other",61488.000,18001.894,61488.000,111312.000,entered link,162320.000,"419626",entered link,162320.000,"419626",false,false,false,false,"","","","","",true,CAR_NO_PROGRESS_OR_NETWORK_CLUSTER
"5991377",regional_background,car,"home","other",55562.000,13158.148,55562.000,117238.000,entered link,136948.000,"16208",entered link,136948.000,"16208",false,false,false,false,"","","","","",true,CAR_NO_PROGRESS_OR_NETWORK_CLUSTER
"5992350",regional_background,car,"home","other",42378.000,13836.229,42378.000,130422.000,entered link,122128.000,"16208",entered link,122128.000,"16208",false,false,false,false,"","","","","",true,CAR_NO_PROGRESS_OR_NETWORK_CLUSTER
"6004666",unresolved_background,car,"other","other",49165.000,20984.846,49165.000,123635.000,entered link,127973.000,"419626",entered link,127973.000,"419626",false,false,false,false,"","","","","",true,CAR_NO_PROGRESS_OR_NETWORK_CLUSTER
"6012805",regional_background,car,"home","other",65462.000,13491.088,65462.000,107338.000,entered link,117583.000,"453133",entered link,117583.000,"453133",false,false,false,false,"","","","","",true,CAR_NO_PROGRESS_OR_NETWORK_CLUSTER
"6018020",regional_background,pt,"other","home",3752.000,5729.394,76722.000,96078.000,waitingForPt,76722.000,"107220.1",<none>,,"",true,false,false,false,"107220.1","106055","","","",true,PT_NEVER_BOARDED
"6023775",regional_background,car,"other","home",63972.000,13472.826,161375.000,11425.000,entered link,161693.000,"16208",entered link,161693.000,"16208",false,false,false,false,"","","","","",true,CAR_NO_PROGRESS_OR_NETWORK_CLUSTER
"602687",regional_background,pt,"education","home",43680.000,9261.439,47147.000,125653.000,waitingForPt,47147.000,"13155",<none>,,"",true,true,true,false,"13155","13694","tr_2747","XXX---162456_109","XXX---162456_109_1",true,PT_BOARDED_NOT_ARRIVED
"6028451",regional_background,car,"home","other",68940.000,12873.272,68940.000,103860.000,entered link,132127.000,"419626",entered link,132127.000,"419626",false,false,false,false,"","","","","",true,CAR_NO_PROGRESS_OR_NETWORK_CLUSTER
"6038441",regional_background,pt,"other","home",54174.000,1103.385,57577.000,115223.000,waitingForPt,57577.000,"142511",<none>,,"",true,false,false,false,"142511","108566.3","","","",true,PT_NEVER_BOARDED
"603862",regional_background,pt,"work","home",18000.000,5376.909,74157.000,98643.000,waitingForPt,74157.000,"145613",<none>,,"",true,false,false,false,"145613","145303","","","",true,PT_NEVER_BOARDED
"6041041",unresolved_background,car,"other","other",57892.000,17163.547,57892.000,114908.000,entered link,120885.000,"419626",entered link,120885.000,"419626",false,false,false,false,"","","","","",true,CAR_NO_PROGRESS_OR_NETWORK_CLUSTER
"6043713",regional_background,pt,"other","home",69935.000,9934.561,71246.000,101554.000,waitingForPt,71246.000,"106929",<none>,,"",true,false,false,false,"106929","108508.1","","","",true,PT_NEVER_BOARDED
"6044510",unresolved_background,car,"other","other",61941.000,17243.789,61941.000,110859.000,entered link,125162.000,"419626",entered link,125162.000,"419626",false,false,false,false,"","","","","",true,CAR_NO_PROGRESS_OR_NETWORK_CLUSTER
"6044809",regional_background,pt,"other","home",11969.000,10456.791,88449.000,84351.000,waitingForPt,88449.000,"106046.1",<none>,,"",true,false,false,false,"106046.1","5974.1","","","",true,PT_NEVER_BOARDED
"6050726",unresolved_background,car,"other","other",59111.000,12030.758,59111.000,113689.000,entered link,120954.000,"419626",entered link,120954.000,"419626",false,false,false,false,"","","","","",true,CAR_NO_PROGRESS_OR_NETWORK_CLUSTER
"6062183",regional_background,pt,"other","home",4446.000,4720.920,83963.000,88837.000,waitingForPt,83963.000,"3695",<none>,,"",true,false,false,false,"3695","102023","","","",true,PT_NEVER_BOARDED
"6086266",regional_background,pt,"other","home",64260.000,22789.808,68649.000,104151.000,waitingForPt,68649.000,"102040.3",<none>,,"",true,true,true,false,"102040.3","102230.2","tr_9647","XXX---2249598_3","XXX---2249598_3_4",true,PT_BOARDED_NOT_ARRIVED
"6091005",regional_background,pt,"other","home",52594.000,12322.876,55158.000,117642.000,waitingForPt,55158.000,"4132",<none>,,"",true,false,false,false,"4132","167709.1","","","",true,PT_NEVER_BOARDED
"6093508",unresolved_background,car,"other","other",42388.000,16241.792,42388.000,130412.000,entered link,123818.000,"16208",entered link,123818.000,"16208",false,false,false,false,"","","","","",true,CAR_NO_PROGRESS_OR_NETWORK_CLUSTER
"6105277",regional_background,pt,"other","home",83741.000,3199.752,87649.000,85151.000,waitingForPt,87649.000,"106130.21",<none>,,"",true,false,false,false,"106130.21","106108.4","","","",true,PT_NEVER_BOARDED
"6118232",unresolved_background,car,"other","other",57108.000,18802.276,57108.000,115692.000,entered link,162769.000,"16208",entered link,162769.000,"16208",false,false,false,false,"","","","","",true,CAR_NO_PROGRESS_OR_NETWORK_CLUSTER
"6119019",regional_background,pt,"other","home",46826.000,2754.746,87161.000,85639.000,waitingForPt,87161.000,"127517.2",<none>,,"",true,false,false,false,"127517.2","101714.1","","","",true,PT_NEVER_BOARDED
"6119192",unresolved_background,car,"other","other",45316.000,11486.308,45316.000,127484.000,entered link,124415.000,"419626",entered link,124415.000,"419626",false,false,false,false,"","","","","",true,CAR_NO_PROGRESS_OR_NETWORK_CLUSTER
"6120427",unresolved_background,car,"other","other",54267.000,20515.447,54267.000,118533.000,entered link,152497.000,"16208",entered link,152497.000,"16208",false,false,false,false,"","","","","",true,CAR_NO_PROGRESS_OR_NETWORK_CLUSTER
"6123767",regional_background,pt,"other","home",62621.000,25826.296,74346.000,98454.000,waitingForPt,74346.000,"167711",<none>,,"",true,false,false,false,"167711","167797","","","",true,PT_NEVER_BOARDED
"6123878",unresolved_background,car,"other","other",59662.000,18509.499,59662.000,113138.000,entered link,115360.000,"453133",entered link,115360.000,"453133",false,false,false,false,"","","","","",true,CAR_NO_PROGRESS_OR_NETWORK_CLUSTER
"6126794",unresolved_background,car,"other","other",65332.000,17314.144,65332.000,107468.000,entered link,164240.000,"419626",entered link,164240.000,"419626",false,false,false,false,"","","","","",true,CAR_NO_PROGRESS_OR_NETWORK_CLUSTER
"6128117",unresolved_background,car,"other","other",53140.000,12722.421,53140.000,119660.000,entered link,135168.000,"419626",entered link,135168.000,"419626",false,false,false,false,"","","","","",true,CAR_NO_PROGRESS_OR_NETWORK_CLUSTER
"6131818",unresolved_background,car,"other","other",49906.000,22803.425,49906.000,122894.000,entered link,129298.000,"16208",entered link,129298.000,"16208",false,false,false,false,"","","","","",true,CAR_NO_PROGRESS_OR_NETWORK_CLUSTER
"6133778",unresolved_background,car,"other","other",55991.000,10673.573,55991.000,116809.000,entered link,124077.000,"419626",entered link,124077.000,"419626",false,false,false,false,"","","","","",true,CAR_NO_PROGRESS_OR_NETWORK_CLUSTER
"6135390",regional_background,pt,"other","home",12802.000,24556.145,109995.000,62805.000,waitingForPt,109995.000,"3845",<none>,,"",true,false,false,false,"3845","167721.1","","","",true,PT_NEVER_BOARDED
"6136543",unresolved_background,car,"other","other",57064.000,10312.210,57064.000,115736.000,entered link,137044.000,"419626",entered link,137044.000,"419626",false,false,false,false,"","","","","",true,CAR_NO_PROGRESS_OR_NETWORK_CLUSTER
"6137608",regional_background,pt,"other","home",67440.000,12652.440,70089.000,102711.000,waitingForPt,70089.000,"102027",<none>,,"",true,true,true,false,"102027","168916","tr_9424","XXX---2249595_3","XXX---2249595_3_3",true,PT_BOARDED_NOT_ARRIVED
"61452",munich_resident,car,"work","home",75182.000,19914.021,75182.000,97618.000,entered link,124208.000,"16208",entered link,124208.000,"16208",false,false,false,false,"","","","","",true,CAR_NO_PROGRESS_OR_NETWORK_CLUSTER
"6146999",regional_background,car,"other","home",48568.000,76118.374,88085.000,84715.000,entered link,134478.000,"16208",entered link,134478.000,"16208",false,false,false,false,"","","","","",true,CAR_NO_PROGRESS_OR_NETWORK_CLUSTER
"6148367",regional_background,pt,"other","home",59340.000,19692.326,73422.000,99378.000,waitingForPt,73422.000,"102023",<none>,,"",true,true,true,false,"102023","168813.1","tr_2027","XXX---162443_106","XXX---162443_106_22",true,PT_BOARDED_NOT_ARRIVED
"6150430",regional_background,pt,"other","home",41493.000,18722.795,55886.000,116914.000,waitingForPt,55886.000,"175460",<none>,,"",true,false,false,false,"175460","168715","","","",true,PT_NEVER_BOARDED
"6156674",regional_background,pt,"other","home",59400.000,14820.814,73716.000,99084.000,waitingForPt,73716.000,"102454",<none>,,"",true,true,true,false,"102454","168692","tr_319","XXX---161788_2","XXX---161788_2_133",true,PT_BOARDED_NOT_ARRIVED
"6158314",regional_background,pt,"other","home",58684.000,3197.606,62463.000,110337.000,waitingForPt,62463.000,"168024",<none>,,"",true,false,false,false,"168024","168054","","","",true,PT_NEVER_BOARDED
"6159212",unresolved_background,car,"other","other",60214.000,13737.817,60214.000,112586.000,entered link,120568.000,"16208",entered link,120568.000,"16208",false,false,false,false,"","","","","",true,CAR_NO_PROGRESS_OR_NETWORK_CLUSTER
"6185014",regional_background,pt,"other","home",65040.000,18960.267,71173.000,101627.000,waitingForPt,71173.000,"169017",<none>,,"",true,true,true,false,"169017","168884","tr_9759","XXX---2249599_3","XXX---2249599_3_33",true,PT_BOARDED_NOT_ARRIVED
"618653",regional_background,pt,"education","home",41256.000,7554.274,45212.000,127588.000,waitingForPt,45212.000,"13072.2",<none>,,"",true,false,false,false,"13072.2","13087.1","","","",true,PT_NEVER_BOARDED
"6187076",regional_background,pt,"other","home",45616.000,7448.773,55939.000,116861.000,waitingForPt,55939.000,"22763",<none>,,"",true,false,false,false,"22763","3971.1","","","",true,PT_NEVER_BOARDED
"6193327",unresolved_background,car,"other","other",61711.000,11695.705,61711.000,111089.000,entered link,124598.000,"16208",entered link,124598.000,"16208",false,false,false,false,"","","","","",true,CAR_NO_PROGRESS_OR_NETWORK_CLUSTER
"6199189",regional_background,pt,"other","home",48698.000,9467.207,56808.000,115992.000,waitingForPt,56808.000,"13700.1",<none>,,"",true,true,true,false,"13700.1","13743.1","tr_28925","XXX---2268700_3","XXX---2268700_3_7",true,PT_BOARDED_NOT_ARRIVED
"6199644",regional_background,pt,"other","home",66293.000,5867.822,95827.000,76973.000,waitingForPt,95827.000,"13808.1",<none>,,"",true,false,false,false,"13808.1","161895","","","",true,PT_NEVER_BOARDED
"6202933",regional_background,pt,"other","home",71280.000,22044.573,78996.000,93804.000,waitingForPt,78996.000,"13745",<none>,,"",true,true,true,false,"13745","175462","tr_2026","XXX---162443_106","XXX---162443_106_21",true,PT_BOARDED_NOT_ARRIVED
"6204916",unresolved_background,car,"other","other",68157.000,7432.986,68157.000,104643.000,entered link,120308.000,"16208",entered link,120308.000,"16208",false,false,false,false,"","","","","",true,CAR_NO_PROGRESS_OR_NETWORK_CLUSTER
"6213781",regional_background,pt,"other","home",12732.000,9784.027,72538.000,100262.000,waitingForPt,72538.000,"168668",<none>,,"",true,false,false,false,"168668","4171","","","",true,PT_NEVER_BOARDED
"6219827",regional_background,walk,"shopping","home",70646.000,158909.462,80527.000,92273.000,departure,80527.000,"34795",<none>,,"",false,false,false,false,"","","","","",true,PT_NEVER_BOARDED
"6222429",regional_background,pt,"other","home",41673.000,21293.915,45724.000,127076.000,waitingForPt,45724.000,"3620",<none>,,"",true,false,false,false,"3620","167837","","","",true,PT_NEVER_BOARDED
"6225069",unresolved_background,car,"other","other",67113.000,20634.360,67113.000,105687.000,entered link,158195.000,"419626",entered link,158195.000,"419626",false,false,false,false,"","","","","",true,CAR_NO_PROGRESS_OR_NETWORK_CLUSTER
"6233719",regional_background,pt,"other","home",42445.000,1319.927,97919.000,74881.000,waitingForPt,97919.000,"3731",<none>,,"",true,false,false,false,"3731","3823","","","",true,PT_NEVER_BOARDED
"6242505",regional_background,pt,"other","home",59110.000,14021.644,65241.000,107559.000,waitingForPt,65241.000,"104908",<none>,,"",true,false,false,false,"104908","168979","","","",true,PT_NEVER_BOARDED
"6248687",regional_background,pt,"other","home",38230.000,21908.242,65345.000,107455.000,waitingForPt,65345.000,"7294.1",<none>,,"",true,false,false,false,"7294.1","12900.4","","","",true,PT_NEVER_BOARDED
"6252425",regional_background,pt,"other","home",63000.000,10480.163,70116.000,102684.000,waitingForPt,70116.000,"102454",<none>,,"",true,true,true,false,"102454","168680","tr_314","XXX---161788_2","XXX---161788_2_130",true,PT_BOARDED_NOT_ARRIVED
"6257096",regional_background,pt,"other","home",69300.000,4356.113,76322.000,96478.000,waitingForPt,76322.000,"13743",<none>,,"",true,true,true,false,"13743","168927","tr_2049","XXX---162443_106","XXX---162443_106_42",true,PT_BOARDED_NOT_ARRIVED
"6258401",regional_background,pt,"other","home",60433.000,18542.874,67497.000,105303.000,waitingForPt,67497.000,"7782",<none>,,"",true,false,false,false,"7782","6887.1","","","",true,PT_NEVER_BOARDED
"625906",regional_background,pt,"home","work",27060.000,56342.758,27534.000,145266.000,waitingForPt,27534.000,"101674.11",<none>,,"",true,true,true,false,"101674.11","142500.2","tr_161","XXX---161788_2","XXX---161788_2_33",true,PT_BOARDED_NOT_ARRIVED
"626054",regional_background,pt,"work","home",20080.000,2829.862,70776.000,102024.000,waitingForPt,70776.000,"164942",<none>,,"",true,false,false,false,"164942","164543","","","",true,PT_NEVER_BOARDED
"6265222",regional_background,pt,"shopping","home",40793.000,11872.294,51480.000,121320.000,waitingForPt,51480.000,"22825.2",<none>,,"",true,true,true,false,"22825.2","136827","tr_38265","XXX---2270737_3","XXX---2270737_3_0",true,PT_BOARDED_NOT_ARRIVED
"6265483",unresolved_background,car,"other","other",54860.000,19569.822,54860.000,117940.000,entered link,137014.000,"16208",entered link,137014.000,"16208",false,false,false,false,"","","","","",true,CAR_NO_PROGRESS_OR_NETWORK_CLUSTER
"6274973",unresolved_background,car,"other","other",69831.000,10156.132,69831.000,102969.000,entered link,155556.000,"16208",entered link,155556.000,"16208",false,false,false,false,"","","","","",true,CAR_NO_PROGRESS_OR_NETWORK_CLUSTER
"6275909",unresolved_background,car,"other","other",48170.000,13453.606,48170.000,124630.000,entered link,126358.000,"419626",entered link,126358.000,"419626",false,false,false,false,"","","","","",true,CAR_NO_PROGRESS_OR_NETWORK_CLUSTER
"6280823",regional_background,pt,"other","home",74460.000,39809.439,85002.000,87798.000,waitingForPt,85002.000,"101697.1",<none>,,"",true,true,true,false,"101697.1","102028.1","tr_20441","XXX---2267045_3","XXX---2267045_3_0",true,PT_BOARDED_NOT_ARRIVED
"6283092",regional_background,pt,"other","home",56880.000,5457.546,60349.000,112451.000,waitingForPt,60349.000,"134473",<none>,,"",true,true,true,false,"134473","104585.1","tr_17223","XXX---2255051_3","XXX---2255051_3_5",true,PT_BOARDED_NOT_ARRIVED
"6287451",unresolved_background,car,"other","other",46179.000,18388.252,46179.000,126621.000,entered link,125257.000,"419626",entered link,125257.000,"419626",false,false,false,false,"","","","","",true,CAR_NO_PROGRESS_OR_NETWORK_CLUSTER
"6290115",regional_background,pt,"other","home",64537.000,2401.829,75879.000,96921.000,waitingForPt,75879.000,"22834",<none>,,"",true,false,false,false,"22834","22820.2","","","",true,PT_NEVER_BOARDED
"6296081",regional_background,pt,"other","home",68760.000,2430.862,79702.000,93098.000,waitingForPt,79702.000,"102338",<none>,,"",true,true,true,false,"102338","168397","tr_2026","XXX---162443_106","XXX---162443_106_21",true,PT_BOARDED_NOT_ARRIVED
"6299381",regional_background,pt,"other","home",57516.000,5786.145,61511.000,111289.000,waitingForPt,61511.000,"139339",<none>,,"",true,false,false,false,"139339","134453.1","","","",true,PT_NEVER_BOARDED
"632203",regional_background,pt,"education","home",63420.000,2845.882,65769.000,107031.000,waitingForPt,65769.000,"13873",<none>,,"",true,true,true,false,"13873","14078.1","tr_29171","XXX---2268708_3","XXX---2268708_3_17",true,PT_BOARDED_NOT_ARRIVED
"6335073",regional_background,pt,"other","home",61192.000,14098.544,69051.000,103749.000,waitingForPt,69051.000,"169007",<none>,,"",true,false,false,false,"169007","4303","","","",true,PT_NEVER_BOARDED
"6337810",regional_background,pt,"other","home",57100.000,1542.436,62409.000,110391.000,waitingForPt,62409.000,"139674.2",<none>,,"",true,false,false,false,"139674.2","102083.2","","","",true,PT_NEVER_BOARDED
"6343552",regional_background,pt,"other","home",58860.000,7998.087,67768.000,105032.000,waitingForPt,67768.000,"101743.1",<none>,,"",true,true,true,false,"101743.1","136773","tr_837","XXX---162007_2_1158070147","XXX---162007_2_1158070147_2",true,PT_BOARDED_NOT_ARRIVED
"6344624",regional_background,pt,"other","home",55409.000,2253.199,58353.000,114447.000,waitingForPt,58353.000,"105110.6",<none>,,"",true,false,false,false,"105110.6","102366.1","","","",true,PT_NEVER_BOARDED
"6346548",regional_background,walk,"other","home",76005.000,49208.202,126560.000,46240.000,departure,126560.000,"194434",<none>,,"",false,false,false,false,"","","","","",true,PT_NEVER_BOARDED
"6347942",regional_background,pt,"other","home",58753.000,7998.087,70321.000,102479.000,waitingForPt,70321.000,"101743.1",<none>,,"",true,true,true,false,"101743.1","136773","tr_17844","XXX---2255115_3","XXX---2255115_3_6",true,PT_BOARDED_NOT_ARRIVED
"6348221",regional_background,car,"shopping","home",56908.000,23225.722,145203.000,27597.000,entered link,145441.000,"419626",entered link,145441.000,"419626",false,false,false,false,"","","","","",true,CAR_NO_PROGRESS_OR_NETWORK_CLUSTER
"6356455",regional_background,pt,"other","home",62928.000,12547.382,70026.000,102774.000,waitingForPt,70026.000,"102233.1",<none>,,"",true,true,true,false,"102233.1","168871","tr_1011","XXX---162192_4","XXX---162192_4_25",true,PT_BOARDED_NOT_ARRIVED
"6370452",regional_background,pt,"other","home",34170.000,47475.155,109224.000,63576.000,waitingForPt,109224.000,"3605",<none>,,"",true,false,false,false,"3605","68240.1","","","",true,PT_NEVER_BOARDED
"6383831",regional_background,pt,"other","home",52725.000,8957.259,62886.000,109914.000,waitingForPt,62886.000,"136879.1",<none>,,"",true,false,false,false,"136879.1","22825","","","",true,PT_NEVER_BOARDED
"6399858",regional_background,pt,"other","home",43661.000,7716.091,48165.000,124635.000,waitingForPt,48165.000,"135395.2",<none>,,"",true,false,false,false,"135395.2","134275.2","","","",true,PT_NEVER_BOARDED
"6421064",regional_background,pt,"other","home",56808.000,1730.721,64800.000,108000.000,waitingForPt,64800.000,"134315",<none>,,"",true,false,false,false,"134315","134321","","","",true,PT_NEVER_BOARDED
"6424296",regional_background,pt,"other","home",56100.000,11947.845,63114.000,109686.000,waitingForPt,63114.000,"139254.3",<none>,,"",true,true,true,false,"139254.3","143667","tr_17816","XXX---2255113_3","XXX---2255113_3_9",true,PT_BOARDED_NOT_ARRIVED
"6427363",regional_background,pt,"other","home",53640.000,14091.223,67934.000,104866.000,waitingForPt,67934.000,"22824",<none>,,"",true,true,true,false,"22824","139272","tr_38208","XXX---2270732_3","XXX---2270732_3_2",true,PT_BOARDED_NOT_ARRIVED
"6433673",regional_background,pt,"other","home",53460.000,8120.435,58769.000,114031.000,waitingForPt,58769.000,"101743.1",<none>,,"",true,true,true,false,"101743.1","135394.1","tr_830","XXX---162007_2_1158070147","XXX---162007_2_1158070147_0",true,PT_BOARDED_NOT_ARRIVED
"6451508",regional_background,car,"shopping","home",48428.000,41902.055,86659.000,86141.000,entered link,116314.000,"453133",entered link,116314.000,"453133",false,false,false,false,"","","","","",true,CAR_NO_PROGRESS_OR_NETWORK_CLUSTER
"6453307",regional_background,pt,"other","home",66840.000,15010.502,70331.000,102469.000,waitingForPt,70331.000,"149427",<none>,,"",true,true,true,false,"149427","136374","tr_3445","XXX---162461_109","XXX---162461_109_22",true,PT_BOARDED_NOT_ARRIVED
"6466720",unresolved_background,car,"other","other",58682.000,16284.595,58682.000,114118.000,entered link,124373.000,"419626",entered link,124373.000,"419626",false,false,false,false,"","","","","",true,CAR_NO_PROGRESS_OR_NETWORK_CLUSTER
"6468994",regional_background,pt,"other","home",53637.000,13651.476,71589.000,101211.000,waitingForPt,71589.000,"136969",<none>,,"",true,false,false,false,"136969","157402.2","","","",true,PT_NEVER_BOARDED
"6470896",regional_background,pt,"other","home",11310.000,2387.529,111384.000,61416.000,waitingForPt,111384.000,"182618",<none>,,"",true,false,false,false,"182618","101954.1","","","",true,PT_NEVER_BOARDED
"6474324",regional_background,pt,"shopping","home",66660.000,2153.805,70163.000,102637.000,waitingForPt,70163.000,"10895.1",<none>,,"",true,true,true,false,"10895.1","11167.2","tr_32284","XXX---2268763_3","XXX---2268763_3_0",true,PT_BOARDED_NOT_ARRIVED
"6478485",regional_background,pt,"other","home",17618.000,12074.922,83717.000,89083.000,waitingForPt,83717.000,"101743.1",<none>,,"",true,false,false,false,"101743.1","136331","","","",true,PT_NEVER_BOARDED
"6479779",regional_background,pt,"other","home",47460.000,24243.401,69107.000,103693.000,waitingForPt,69107.000,"102391.1",<none>,,"",true,true,true,false,"102391.1","102357.2","tr_17093","XXX---2255042_3","XXX---2255042_3_2",true,PT_BOARDED_NOT_ARRIVED
"6482016",regional_background,pt,"other","home",60060.000,11314.424,63611.000,109189.000,waitingForPt,63611.000,"143652",<none>,,"",true,true,true,false,"143652","139254.2","tr_795","XXX---162007_2_1158069900","XXX---162007_2_1158069900_5",true,PT_BOARDED_NOT_ARRIVED
"648945",regional_background,pt,"work","home",24971.000,3258.862,96593.000,76207.000,waitingForPt,96593.000,"164785",<none>,,"",true,false,false,false,"164785","102176.4","","","",true,PT_NEVER_BOARDED
"6494079",regional_background,pt,"other","home",39060.000,20824.776,74935.000,97865.000,waitingForPt,74935.000,"101754",<none>,,"",true,true,true,false,"101754","137231.2","tr_730","XXX---162007_2_1158069508","XXX---162007_2_1158069508_11",true,PT_BOARDED_NOT_ARRIVED
"6503863",regional_background,pt,"other","home",64440.000,10805.125,70332.000,102468.000,waitingForPt,70332.000,"149427",<none>,,"",true,true,true,false,"149427","136383","tr_3445","XXX---162461_109","XXX---162461_109_22",true,PT_BOARDED_NOT_ARRIVED
"6529307",regional_background,pt,"other","home",59388.000,4550.390,65778.000,107022.000,waitingForPt,65778.000,"139301",<none>,,"",true,false,false,false,"139301","139312.3","","","",true,PT_NEVER_BOARDED
"6538305",regional_background,pt,"other","home",66631.000,4025.234,71600.000,101200.000,waitingForPt,71600.000,"101754",<none>,,"",true,false,false,false,"101754","137022","","","",true,PT_NEVER_BOARDED
"6541523",regional_background,pt,"other","home",77326.000,1672.533,86089.000,86711.000,waitingForPt,86089.000,"174075.1",<none>,,"",true,false,false,false,"174075.1","104300.4","","","",true,PT_NEVER_BOARDED
"6548088",regional_background,pt,"other","home",57908.000,6941.558,65699.000,107101.000,waitingForPt,65699.000,"136532",<none>,,"",true,false,false,false,"136532","104305.1","","","",true,PT_NEVER_BOARDED
"657039",regional_background,pt,"education","home",38520.000,5195.880,63673.000,109127.000,waitingForPt,63673.000,"9600",<none>,,"",true,true,true,false,"9600","9565.1","tr_3305","XXX---162460_109","XXX---162460_109_30",true,PT_BOARDED_NOT_ARRIVED
"6574892",regional_background,pt,"shopping","home",60460.000,4279.805,62739.000,110061.000,waitingForPt,62739.000,"68228.1",<none>,,"",true,false,false,false,"68228.1","66808","","","",true,PT_NEVER_BOARDED
"6584348",regional_background,car,"other","home",51659.000,42583.904,94842.000,77958.000,entered link,117736.000,"453133",entered link,117736.000,"453133",false,false,false,false,"","","","","",true,CAR_NO_PROGRESS_OR_NETWORK_CLUSTER
"65876",munich_resident,car,"work","home",58733.000,17014.141,58733.000,114067.000,entered link,121419.000,"419626",entered link,121419.000,"419626",false,false,false,false,"","","","","",true,CAR_NO_PROGRESS_OR_NETWORK_CLUSTER
"6604165",regional_background,pt,"other","home",67530.000,7911.679,76986.000,95814.000,waitingForPt,76986.000,"136827",<none>,,"",true,false,false,false,"136827","104585","","","",true,PT_NEVER_BOARDED
"6614914",regional_background,pt,"other","home",6531.000,5634.478,26962.000,145838.000,waitingForPt,26962.000,"106483",<none>,,"",true,false,false,false,"106483","106214","","","",true,PT_NEVER_BOARDED
"6622",regional_background,pt,"education","home",64800.000,3559.946,75235.000,97565.000,waitingForPt,75235.000,"105224.1",<none>,,"",true,true,true,false,"105224.1","3580","tr_11129","XXX---2249651_3","XXX---2249651_3_0",true,PT_BOARDED_NOT_ARRIVED
"6627651",regional_background,car,"other","home",728.000,26991.663,70513.000,102287.000,entered link,135724.000,"419626",entered link,135724.000,"419626",false,false,false,false,"","","","","",true,CAR_NO_PROGRESS_OR_NETWORK_CLUSTER
"6636691",regional_background,car,"home","other",69485.000,26283.729,69485.000,103315.000,entered link,119398.000,"16208",entered link,119398.000,"16208",false,false,false,false,"","","","","",true,CAR_NO_PROGRESS_OR_NETWORK_CLUSTER
"6641145",regional_background,car,"other","home",68750.000,27493.133,133190.000,39610.000,entered link,133425.000,"419626",entered link,133425.000,"419626",false,false,false,false,"","","","","",true,CAR_NO_PROGRESS_OR_NETWORK_CLUSTER
"6646551",regional_background,pt,"other","home",41140.000,3483.495,54505.000,118295.000,waitingForPt,54505.000,"136860.3",<none>,,"",true,false,false,false,"136860.3","102359.3","","","",true,PT_NEVER_BOARDED
"6648293",regional_background,pt,"other","home",63572.000,3053.573,65548.000,107252.000,waitingForPt,65548.000,"22916",<none>,,"",true,false,false,false,"22916","22820.1","","","",true,PT_NEVER_BOARDED
"66542",munich_resident,pt,"work","home",3241.000,6310.707,62120.000,110680.000,waitingForPt,62120.000,"106601",<none>,,"",true,false,false,false,"106601","108547","","","",true,PT_NEVER_BOARDED
"6655687",regional_background,pt,"other","home",63978.000,6296.842,68453.000,104347.000,waitingForPt,68453.000,"22887",<none>,,"",true,false,false,false,"22887","22820.2","","","",true,PT_NEVER_BOARDED
"6662616",regional_background,pt,"other","home",47928.000,16752.466,61082.000,111718.000,waitingForPt,61082.000,"9673.2",<none>,,"",true,true,true,false,"9673.2","104300.4","tr_26506","XXX---2268624_3","XXX---2268624_3_0",true,PT_BOARDED_NOT_ARRIVED
"6664536",regional_background,car,"other","home",72141.000,22560.072,90364.000,82436.000,entered link,139165.000,"419626",entered link,139165.000,"419626",false,false,false,false,"","","","","",true,CAR_NO_PROGRESS_OR_NETWORK_CLUSTER
"6671317",regional_background,pt,"other","home",78600.000,1879.607,82099.000,90701.000,waitingForPt,82099.000,"10947.2",<none>,,"",true,true,true,false,"10947.2","11255","tr_3514","XXX---162462_109","XXX---162462_109_11",true,PT_BOARDED_NOT_ARRIVED
"6672571",regional_background,pt,"shopping","home",49077.000,5817.447,69466.000,103334.000,waitingForPt,69466.000,"156483.1",<none>,,"",true,false,false,false,"156483.1","156318.1","","","",true,PT_NEVER_BOARDED
"6684106",regional_background,pt,"shopping","home",41640.000,3475.865,57978.000,114822.000,waitingForPt,57978.000,"175512",<none>,,"",true,true,true,false,"175512","175188","tr_5413","XXX---1989745_3","XXX---1989745_3_7",true,PT_BOARDED_NOT_ARRIVED
"6687047",regional_background,pt,"other","home",53580.000,5489.515,60722.000,112078.000,waitingForPt,60722.000,"104305.1",<none>,,"",true,true,true,false,"104305.1","137282","tr_1304","XXX---162424_106","XXX---162424_106_10",true,PT_BOARDED_NOT_ARRIVED
"6695",regional_background,pt,"education","home",4563.000,29408.153,69649.000,103151.000,waitingForPt,69649.000,"104292.2",<none>,,"",true,false,false,false,"104292.2","102028.2","","","",true,PT_NEVER_BOARDED
"6699402",regional_background,car,"other","home",51342.000,37616.448,140276.000,32524.000,entered link,140749.000,"419626",entered link,140749.000,"419626",false,false,false,false,"","","","","",true,CAR_NO_PROGRESS_OR_NETWORK_CLUSTER
"6699852",regional_background,car,"other","home",6092.000,36565.439,120882.000,51918.000,entered link,140197.000,"419626",entered link,140197.000,"419626",false,false,false,false,"","","","","",true,CAR_NO_PROGRESS_OR_NETWORK_CLUSTER
"6700748",regional_background,car,"other","home",83787.000,29315.563,96838.000,75962.000,entered link,138551.000,"419626",entered link,138551.000,"419626",false,false,false,false,"","","","","",true,CAR_NO_PROGRESS_OR_NETWORK_CLUSTER
"6704542",regional_background,car,"other","home",55770.000,73890.107,104563.000,68237.000,entered link,120463.000,"453133",entered link,120463.000,"453133",false,false,false,false,"","","","","",true,CAR_NO_PROGRESS_OR_NETWORK_CLUSTER
"6704656",regional_background,car,"other","home",63007.000,34722.384,96958.000,75842.000,entered link,118366.000,"453133",entered link,118366.000,"453133",false,false,false,false,"","","","","",true,CAR_NO_PROGRESS_OR_NETWORK_CLUSTER
"6716866",regional_background,pt,"other","home",80020.000,7609.938,83259.000,89541.000,waitingForPt,83259.000,"11100",<none>,,"",true,true,true,false,"11100","11038.3","tr_20825","XXX---2268533_3","XXX---2268533_3_1",true,PT_BOARDED_NOT_ARRIVED
"6721385",regional_background,car,"other","home",57310.000,21447.998,106096.000,66704.000,entered link,139304.000,"419626",entered link,139304.000,"419626",false,false,false,false,"","","","","",true,CAR_NO_PROGRESS_OR_NETWORK_CLUSTER
"6723411",regional_background,car,"other","home",66479.000,23592.502,87682.000,85118.000,entered link,138751.000,"419626",entered link,138751.000,"419626",false,false,false,false,"","","","","",true,CAR_NO_PROGRESS_OR_NETWORK_CLUSTER
"6725691",regional_background,car,"other","home",80853.000,21970.547,80853.000,91947.000,entered link,137394.000,"419626",entered link,137394.000,"419626",false,false,false,false,"","","","","",true,CAR_NO_PROGRESS_OR_NETWORK_CLUSTER
"6725707",regional_background,pt,"other","home",56546.000,5911.184,63397.000,109403.000,waitingForPt,63397.000,"12104.1",<none>,,"",true,false,false,false,"12104.1","11744.4","","","",true,PT_NEVER_BOARDED
"6726749",regional_background,pt,"other","home",6808.000,5291.256,71856.000,100944.000,waitingForPt,71856.000,"109351",<none>,,"",true,false,false,false,"109351","106437","","","",true,PT_NEVER_BOARDED
"6732500",regional_background,pt,"other","home",43080.000,14964.801,46570.000,126230.000,waitingForPt,46570.000,"11151.2",<none>,,"",true,true,true,false,"11151.2","104416.1","tr_1821","XXX---162433_106","XXX---162433_106_22",true,PT_BOARDED_NOT_ARRIVED
"6736368",regional_background,car,"other","home",51220.000,21061.995,94972.000,77828.000,entered link,120816.000,"419626",entered link,120816.000,"419626",false,false,false,false,"","","","","",true,CAR_NO_PROGRESS_OR_NETWORK_CLUSTER
"6743301",regional_background,car,"other","home",67268.000,30627.529,79514.000,93286.000,entered link,115936.000,"453133",entered link,115936.000,"453133",false,false,false,false,"","","","","",true,CAR_NO_PROGRESS_OR_NETWORK_CLUSTER
"6747609",regional_background,car,"other","home",2231.000,30797.883,62145.000,110655.000,entered link,124752.000,"419626",entered link,124752.000,"419626",false,false,false,false,"","","","","",true,CAR_NO_PROGRESS_OR_NETWORK_CLUSTER
"6752393",regional_background,pt,"shopping","home",58497.000,3092.228,65952.000,106848.000,waitingForPt,65952.000,"69336",<none>,,"",true,false,false,false,"69336","102108.2","","","",true,PT_NEVER_BOARDED
"6752398",regional_background,pt,"other","home",40038.000,21596.313,98697.000,74103.000,waitingForPt,98697.000,"10272",<none>,,"",true,false,false,false,"10272","135999","","","",true,PT_NEVER_BOARDED
"6777334",regional_background,pt,"other","home",74333.000,1347.150,75817.000,96983.000,waitingForPt,75817.000,"109223",<none>,,"",true,false,false,false,"109223","109266","","","",true,PT_NEVER_BOARDED
"6779149",regional_background,car,"other","home",67156.000,22971.215,101487.000,71313.000,entered link,119743.000,"453133",entered link,119743.000,"453133",false,false,false,false,"","","","","",true,CAR_NO_PROGRESS_OR_NETWORK_CLUSTER
"6780361",regional_background,car,"other","home",71544.000,20319.027,111959.000,60841.000,entered link,121066.000,"453133",entered link,121066.000,"453133",false,false,false,false,"","","","","",true,CAR_NO_PROGRESS_OR_NETWORK_CLUSTER
"6781014",regional_background,car,"other","home",63374.000,21334.905,69759.000,103041.000,entered link,135586.000,"419626",entered link,135586.000,"419626",false,false,false,false,"","","","","",true,CAR_NO_PROGRESS_OR_NETWORK_CLUSTER
"6782634",regional_background,car,"other","home",67787.000,20259.830,114110.000,58690.000,entered link,132407.000,"419626",entered link,132407.000,"419626",false,false,false,false,"","","","","",true,CAR_NO_PROGRESS_OR_NETWORK_CLUSTER
"678272",regional_background,car,"home","work",80298.000,27027.990,80298.000,92502.000,entered link,160574.000,"16208",entered link,160574.000,"16208",false,false,false,false,"","","","","",true,CAR_NO_PROGRESS_OR_NETWORK_CLUSTER
"6795852",regional_background,pt,"shopping","home",37020.000,13214.357,44169.000,128631.000,waitingForPt,44169.000,"127218",<none>,,"",true,true,true,false,"127218","127897","tr_12662","XXX---2249902_3","XXX---2249902_3_2",true,PT_BOARDED_NOT_ARRIVED
"6802750",regional_background,pt,"shopping","home",64786.000,2446.697,69073.000,103727.000,waitingForPt,69073.000,"145771",<none>,,"",true,false,false,false,"145771","101695","","","",true,PT_NEVER_BOARDED
"6804520",regional_background,pt,"other","home",6097.000,8726.984,58678.000,114122.000,waitingForPt,58678.000,"109064",<none>,,"",true,false,false,false,"109064","106054","","","",true,PT_NEVER_BOARDED
"681068",regional_background,pt,"education","home",44820.000,16980.680,51972.000,120828.000,waitingForPt,51972.000,"65505.3",<none>,,"",true,true,true,false,"65505.3","65562","tr_38668","XXX---2270894_3","XXX---2270894_3_2",true,PT_BOARDED_NOT_ARRIVED
"681474",regional_background,walk,"education","home",61393.000,108399.935,61393.000,111407.000,departure,61393.000,"485273",<none>,,"",false,false,false,false,"","","","","",true,PT_NEVER_BOARDED
"681557",regional_background,pt,"education","home",39330.000,19880.876,44094.000,128706.000,waitingForPt,44094.000,"65561",<none>,,"",true,false,false,false,"65561","22200","","","",true,PT_NEVER_BOARDED
"681701",regional_background,pt,"education","home",34377.000,3707.522,89353.000,83447.000,waitingForPt,89353.000,"175694",<none>,,"",true,false,false,false,"175694","175506.1","","","",true,PT_NEVER_BOARDED
"682409",regional_background,pt,"education","home",60193.000,23472.593,70793.000,102007.000,waitingForPt,70793.000,"103537.3",<none>,,"",true,true,true,false,"103537.3","65558","tr_1011","XXX---162192_4","XXX---162192_4_25",true,PT_BOARDED_NOT_ARRIVED
"6832903",regional_background,pt,"other","home",9394.000,9890.333,61560.000,111240.000,waitingForPt,61560.000,"107837",<none>,,"",true,false,false,false,"107837","106055","","","",true,PT_NEVER_BOARDED
"6839283",regional_background,pt,"other","home",62070.000,4419.420,92473.000,80327.000,waitingForPt,92473.000,"69535",<none>,,"",true,false,false,false,"69535","102112.1","","","",true,PT_NEVER_BOARDED
"6846564",regional_background,pt,"other","home",19347.000,9433.912,82794.000,90006.000,waitingForPt,82794.000,"11176.1",<none>,,"",true,true,true,false,"11176.1","11398","tr_1920","XXX---162433_106","XXX---162433_106_83",true,PT_BOARDED_NOT_ARRIVED
"6849931",regional_background,pt,"other","home",2683.000,13279.825,81916.000,90884.000,waitingForPt,81916.000,"12799.4",<none>,,"",true,false,false,false,"12799.4","106108.2","","","",true,PT_NEVER_BOARDED
"6854270",regional_background,pt,"shopping","home",58140.000,5027.224,60380.000,112420.000,waitingForPt,60380.000,"127265",<none>,,"",true,true,true,false,"127265","145617.1","tr_13654","XXX---2249918_0","XXX---2249918_0_8",true,PT_BOARDED_NOT_ARRIVED
"6882567",regional_background,pt,"other","home",61020.000,1575.287,66566.000,106234.000,waitingForPt,66566.000,"135837.10",<none>,,"",true,true,true,false,"135837.10","135812","tr_18576","XXX---2255156_3","XXX---2255156_3_14",true,PT_BOARDED_NOT_ARRIVED
"688720",regional_background,pt,"work","home",44760.000,7439.649,52642.000,120158.000,waitingForPt,52642.000,"10681.5",<none>,,"",true,true,true,false,"10681.5","10647","tr_26200","XXX---2268614_3","XXX---2268614_3_0",true,PT_BOARDED_NOT_ARRIVED
"6890538",unresolved_background,car,"other","other",59802.000,32740.798,59802.000,112998.000,entered link,125508.000,"16208",entered link,125508.000,"16208",false,false,false,false,"","","","","",true,CAR_NO_PROGRESS_OR_NETWORK_CLUSTER
"6891417",unresolved_background,car,"other","other",68191.000,38117.845,68191.000,104609.000,entered link,128368.000,"16208",entered link,128368.000,"16208",false,false,false,false,"","","","","",true,CAR_NO_PROGRESS_OR_NETWORK_CLUSTER
"689270",regional_background,pt,"work","home",32231.000,7089.802,87613.000,85187.000,waitingForPt,87613.000,"10304",<none>,,"",true,false,false,false,"10304","10632","","","",true,PT_NEVER_BOARDED
"6897920",regional_background,pt,"other","home",46576.000,5525.936,52664.000,120136.000,waitingForPt,52664.000,"175608",<none>,,"",true,false,false,false,"175608","175823","","","",true,PT_NEVER_BOARDED
"6902072",unresolved_background,car,"other","other",65491.000,17193.248,65491.000,107309.000,entered link,119528.000,"16208",entered link,119528.000,"16208",false,false,false,false,"","","","","",true,CAR_NO_PROGRESS_OR_NETWORK_CLUSTER
"6913044",regional_background,pt,"other","home",21101.000,1709.034,68760.000,104040.000,waitingForPt,68760.000,"136071",<none>,,"",true,false,false,false,"136071","102552.3","","","",true,PT_NEVER_BOARDED
"6921548",regional_background,pt,"shopping","home",43320.000,7638.587,57756.000,115044.000,waitingForPt,57756.000,"127969.2",<none>,,"",true,true,true,false,"127969.2","127964.2","tr_7239","XXX---2183232_3","XXX---2183232_3_12",true,PT_BOARDED_NOT_ARRIVED
"6938597",regional_background,pt,"other","home",52902.000,7919.434,95481.000,77319.000,waitingForPt,95481.000,"102375",<none>,,"",true,false,false,false,"102375","102028.9","","","",true,PT_NEVER_BOARDED
"695702",regional_background,pt,"work","home",12903.000,4292.074,89488.000,83312.000,waitingForPt,89488.000,"10508",<none>,,"",true,false,false,false,"10508","10393.4","","","",true,PT_NEVER_BOARDED
"6970425",unresolved_background,car,"other","other",71199.000,9806.123,71199.000,101601.000,entered link,128888.000,"16208",entered link,128888.000,"16208",false,false,false,false,"","","","","",true,CAR_NO_PROGRESS_OR_NETWORK_CLUSTER
"6977285",regional_background,pt,"shopping","home",65785.000,3355.325,77918.000,94882.000,waitingForPt,77918.000,"145397.1",<none>,,"",true,false,false,false,"145397.1","180807","","","",true,PT_NEVER_BOARDED
"6995207",regional_background,pt,"home","other",57163.000,11801.676,57342.000,115458.000,waitingForPt,57342.000,"70881.2",<none>,,"",true,true,true,false,"70881.2","181965.1","tr_5457","XXX---1989749_3","XXX---1989749_3_0",true,PT_BOARDED_NOT_ARRIVED
"7007497",regional_background,pt,"other","home",58564.000,20282.995,72923.000,99877.000,waitingForPt,72923.000,"102243.3",<none>,,"",true,true,true,false,"102243.3","70953.1","tr_58826","XXX---514706_106","XXX---514706_106_6",true,PT_BOARDED_NOT_ARRIVED
"702478",regional_background,pt,"education","home",42938.000,39331.990,55972.000,116828.000,waitingForPt,55972.000,"104290",<none>,,"",true,false,false,false,"104290","22206","","","",true,PT_NEVER_BOARDED
"703362",regional_background,pt,"work","home",22064.000,13081.031,81973.000,90827.000,waitingForPt,81973.000,"107819",<none>,,"",true,false,false,false,"107819","12800","","","",true,PT_NEVER_BOARDED
"704143",regional_background,pt,"work","home",2095.000,5227.339,56812.000,115988.000,waitingForPt,56812.000,"106697.1",<none>,,"",true,false,false,false,"106697.1","106100","","","",true,PT_NEVER_BOARDED
"7047574",regional_background,pt,"other","home",63585.000,16226.760,67776.000,105024.000,waitingForPt,67776.000,"102104.5",<none>,,"",true,false,false,false,"102104.5","155008","","","",true,PT_NEVER_BOARDED
"7051224",regional_background,pt,"shopping","home",53109.000,19869.489,58676.000,114124.000,waitingForPt,58676.000,"128998",<none>,,"",true,false,false,false,"128998","129059","","","",true,PT_NEVER_BOARDED
"7053304",regional_background,pt,"other","home",25260.000,10001.800,76255.000,96545.000,waitingForPt,76255.000,"101675",<none>,,"",true,true,true,false,"101675","127919","tr_319","XXX---161788_2","XXX---161788_2_133",true,PT_BOARDED_NOT_ARRIVED
"7057279",regional_background,pt,"home","other",61440.000,2225.387,61440.000,111360.000,waitingForPt,61440.000,"141844.1",<none>,,"",true,false,false,false,"141844.1","101692.1","","","",true,PT_NEVER_BOARDED
"7068510",regional_background,pt,"other","home",62100.000,2663.954,63285.000,109515.000,waitingForPt,63285.000,"101694",<none>,,"",true,true,true,false,"101694","141834.1","tr_113","XXX---161788_2","XXX---161788_2_20",true,PT_BOARDED_NOT_ARRIVED
"7072668",regional_background,pt,"other","home",41066.000,6725.702,56811.000,115989.000,waitingForPt,56811.000,"69490.4",<none>,,"",true,true,true,false,"69490.4","70637","tr_38978","XXX---2271029_3","XXX---2271029_3_10",true,PT_BOARDED_NOT_ARRIVED
"708015",regional_background,pt,"education","home",38723.000,23894.223,43627.000,129173.000,waitingForPt,43627.000,"65561",<none>,,"",true,false,false,false,"65561","22156","","","",true,PT_NEVER_BOARDED
"7084357",regional_background,pt,"other","home",54600.000,7043.590,61706.000,111094.000,waitingForPt,61706.000,"127791.1",<none>,,"",true,true,true,false,"127791.1","145665","tr_36992","XXX---2270075_3","XXX---2270075_3_1",true,PT_BOARDED_NOT_ARRIVED
"708684",regional_background,pt,"education","home",55680.000,13146.509,82518.000,90282.000,waitingForPt,82518.000,"22067",<none>,,"",true,true,true,false,"22067","22179","tr_10989","XXX---2249636_3","XXX---2249636_3_2",true,PT_BOARDED_NOT_ARRIVED
"708940",regional_background,car,"work","home",12194.000,28147.015,148482.000,24318.000,entered link,172793.000,"11382",entered link,172793.000,"11382",false,false,false,false,"","","","","",true,CAR_NO_PROGRESS_OR_NETWORK_CLUSTER
"7100940",regional_background,pt,"other","home",76620.000,1965.380,81854.000,90946.000,waitingForPt,81854.000,"101720.2",<none>,,"",true,true,true,false,"101720.2","101674.4","tr_12743","XXX---2249902_3","XXX---2249902_3_7",true,PT_BOARDED_NOT_ARRIVED
"7102339",regional_background,pt,"other","home",21780.000,2753.184,73907.000,98893.000,waitingForPt,73907.000,"101826",<none>,,"",true,true,true,false,"101826","127760","tr_115","XXX---161788_2","XXX---161788_2_21",true,PT_BOARDED_NOT_ARRIVED
"7103626",regional_background,pt,"other","home",58266.000,8907.583,62656.000,110144.000,waitingForPt,62656.000,"127164",<none>,,"",true,true,true,false,"127164","145607","tr_35129","XXX---2269731_3","XXX---2269731_3_15",true,PT_BOARDED_NOT_ARRIVED
"7105967",regional_background,pt,"shopping","home",67486.000,5931.348,70005.000,102795.000,waitingForPt,70005.000,"146004.6",<none>,,"",true,false,false,false,"146004.6","101802.2","","","",true,PT_NEVER_BOARDED
"710611",regional_background,pt,"education","home",38011.000,10259.707,48132.000,124668.000,waitingForPt,48132.000,"104291.1",<none>,,"",true,false,false,false,"104291.1","101850.4","","","",true,PT_NEVER_BOARDED
"7111388",regional_background,pt,"other","home",13404.000,11966.598,78263.000,94537.000,waitingForPt,78263.000,"101803.1",<none>,,"",true,false,false,false,"101803.1","101674.2","","","",true,PT_NEVER_BOARDED
"7125002",regional_background,pt,"other","home",62204.000,11336.002,67576.000,105224.000,waitingForPt,67576.000,"127538",<none>,,"",true,false,false,false,"127538","127910.3","","","",true,PT_NEVER_BOARDED
"7128495",regional_background,pt,"other","home",68404.000,2202.863,72929.000,99871.000,waitingForPt,72929.000,"4618",<none>,,"",true,false,false,false,"4618","102065.4","","","",true,PT_NEVER_BOARDED
"7142637",regional_background,pt,"other","home",36645.000,22198.444,58215.000,114585.000,waitingForPt,58215.000,"8910.1",<none>,,"",true,false,false,false,"8910.1","71089","","","",true,PT_NEVER_BOARDED
"7148727",regional_background,pt,"other","home",20200.000,1648.420,87701.000,85099.000,waitingForPt,87701.000,"175766",<none>,,"",true,false,false,false,"175766","176093","","","",true,PT_NEVER_BOARDED
"7150185",regional_background,pt,"other","home",46260.000,9402.117,49893.000,122907.000,waitingForPt,49893.000,"102131.1",<none>,,"",true,true,true,false,"102131.1","69854","tr_1974","XXX---162442_106","XXX---162442_106_7",true,PT_BOARDED_NOT_ARRIVED
"7150586",regional_background,pt,"other","home",28624.000,24782.236,65173.000,107627.000,waitingForPt,65173.000,"181681",<none>,,"",true,false,false,false,"181681","181929.2","","","",true,PT_NEVER_BOARDED
"715421",regional_background,pt,"work","home",34414.000,2223.941,85949.000,86851.000,waitingForPt,85949.000,"12797.1",<none>,,"",true,true,true,false,"12797.1","13504","tr_2776","XXX---162456_109","XXX---162456_109_11",true,PT_BOARDED_NOT_ARRIVED
"716732",regional_background,pt,"work","home",17050.000,3608.645,118686.000,54114.000,waitingForPt,118686.000,"164604.2",<none>,,"",true,false,false,false,"164604.2","102304","","","",true,PT_NEVER_BOARDED
"7170398",regional_background,pt,"other","home",59653.000,4595.341,63817.000,108983.000,waitingForPt,63817.000,"173613.1",<none>,,"",true,false,false,false,"173613.1","164552.1","","","",true,PT_NEVER_BOARDED
"7176649",regional_background,pt,"shopping","home",58366.000,840.612,75185.000,97615.000,waitingForPt,75185.000,"162824",<none>,,"",true,false,false,false,"162824","128337.4","","","",true,PT_NEVER_BOARDED
"718050",regional_background,car,"work","home",68986.000,20756.244,105659.000,67141.000,entered link,127873.000,"16208",entered link,127873.000,"16208",false,false,false,false,"","","","","",true,CAR_NO_PROGRESS_OR_NETWORK_CLUSTER
"7189924",regional_background,pt,"other","home",58157.000,16274.626,66178.000,106622.000,waitingForPt,66178.000,"101893.1",<none>,,"",true,true,true,false,"101893.1","145694.2","tr_116","XXX---161788_2","XXX---161788_2_21",true,PT_BOARDED_NOT_ARRIVED
"7195623",regional_background,pt,"other","home",45915.000,1872.550,49240.000,123560.000,waitingForPt,49240.000,"101801.1",<none>,,"",true,true,true,false,"101801.1","128933","tr_37344","XXX---2270099_3","XXX---2270099_3_3",true,PT_BOARDED_NOT_ARRIVED
"7202193",regional_background,pt,"other","home",65700.000,2680.845,72791.000,100009.000,waitingForPt,72791.000,"101694",<none>,,"",true,true,true,false,"101694","164604","tr_98","XXX---161788_2","XXX---161788_2_12",true,PT_BOARDED_NOT_ARRIVED
"7203054",regional_background,pt,"other","home",59160.000,2663.954,65593.000,107207.000,waitingForPt,65593.000,"101694",<none>,,"",true,true,true,false,"101694","141834.1","tr_99","XXX---161788_2","XXX---161788_2_12",true,PT_BOARDED_NOT_ARRIVED
"720875",regional_background,pt,"education","home",56880.000,1759.954,71131.000,101669.000,waitingForPt,71131.000,"8913",<none>,,"",true,true,true,false,"8913","8985","tr_27447","XXX---2268654_3","XXX---2268654_3_2",true,PT_BOARDED_NOT_ARRIVED
"7211388",regional_background,pt,"other","home",53820.000,8482.779,55458.000,117342.000,waitingForPt,55458.000,"127929",<none>,,"",true,true,true,false,"127929","127975","tr_7234","XXX---2183232_3","XXX---2183232_3_10",true,PT_BOARDED_NOT_ARRIVED
"7211797",regional_background,pt,"other","home",20580.000,4004.453,83485.000,89315.000,waitingForPt,83485.000,"101948",<none>,,"",true,true,true,false,"101948","164866","tr_2469","XXX---162452_106_3","XXX---162452_106_3_34",true,PT_BOARDED_NOT_ARRIVED
"721277",regional_background,pt,"work","home",27234.000,11965.168,88370.000,84430.000,waitingForPt,88370.000,"12794.1",<none>,,"",true,true,true,false,"12794.1","14194","tr_2773","XXX---162456_109","XXX---162456_109_9",true,PT_BOARDED_NOT_ARRIVED
"7214484",regional_background,pt,"home","other",62634.000,1132.515,63217.000,109583.000,waitingForPt,63217.000,"101696.1",<none>,,"",true,true,true,false,"101696.1","164645","tr_113","XXX---161788_2","XXX---161788_2_20",true,PT_BOARDED_NOT_ARRIVED
"7215474",regional_background,pt,"other","home",58926.000,3489.314,62528.000,110272.000,waitingForPt,62528.000,"128471.1",<none>,,"",true,true,true,false,"128471.1","128775","tr_35496","XXX---2269764_3","XXX---2269764_3_0",true,PT_BOARDED_NOT_ARRIVED
"7219837",regional_background,pt,"other","home",57510.000,49042.577,68715.000,104085.000,waitingForPt,68715.000,"106117.1",<none>,,"",true,true,true,false,"106117.1","101674.9","tr_51658","XXX---2272074_3","XXX---2272074_3_14",true,PT_BOARDED_NOT_ARRIVED
"7227252",regional_background,pt,"other","home",20580.000,8992.635,79885.000,92915.000,waitingForPt,79885.000,"101948",<none>,,"",true,true,true,false,"101948","128869.2","tr_2429","XXX---162452_106_3","XXX---162452_106_3_7",true,PT_BOARDED_NOT_ARRIVED
"7228460",regional_background,pt,"home","other",67140.000,3701.092,68454.000,104346.000,waitingForPt,68454.000,"102236",<none>,,"",true,true,true,false,"102236","128148","tr_2436","XXX---162452_106_3","XXX---162452_106_3_9",true,PT_BOARDED_NOT_ARRIVED
"7231392",regional_background,pt,"other","home",41220.000,5605.123,45107.000,127693.000,waitingForPt,45107.000,"101826",<none>,,"",true,true,true,false,"101826","127782","tr_119","XXX---161788_2","XXX---161788_2_21",true,PT_BOARDED_NOT_ARRIVED
"7238144",regional_background,pt,"other","home",57420.000,5119.387,61449.000,111351.000,waitingForPt,61449.000,"127237",<none>,,"",true,true,true,false,"127237","145622.2","tr_13652","XXX---2249918_0","XXX---2249918_0_8",true,PT_BOARDED_NOT_ARRIVED
"7251481",regional_background,pt,"other","home",49240.000,870.354,55900.000,116900.000,waitingForPt,55900.000,"173654.1",<none>,,"",true,false,false,false,"173654.1","128850.2","","","",true,PT_NEVER_BOARDED
"7251632",regional_background,pt,"other","home",73762.000,7421.299,75634.000,97166.000,waitingForPt,75634.000,"145571.2",<none>,,"",true,true,true,false,"145571.2","173583.1","tr_14936","XXX---2249922_0","XXX---2249922_0_6",true,PT_BOARDED_NOT_ARRIVED
"7266708",regional_background,pt,"other","home",48250.000,3802.742,58375.000,114425.000,waitingForPt,58375.000,"163913",<none>,,"",true,false,false,false,"163913","11744.4","","","",true,PT_NEVER_BOARDED
"7269465",regional_background,pt,"other","home",50120.000,2307.979,57983.000,114817.000,waitingForPt,57983.000,"164578",<none>,,"",true,false,false,false,"164578","127792.3","","","",true,PT_NEVER_BOARDED
"7269688",regional_background,pt,"other","home",59069.000,21631.380,63246.000,109554.000,waitingForPt,63246.000,"104225.1",<none>,,"",true,false,false,false,"104225.1","102420.1","","","",true,PT_NEVER_BOARDED
"727473",regional_background,pt,"work","home",20447.000,4483.113,81706.000,91094.000,waitingForPt,81706.000,"13217",<none>,,"",true,false,false,false,"13217","13293","","","",true,PT_NEVER_BOARDED
"728121",regional_background,pt,"education","home",21030.000,5182.144,73029.000,99771.000,waitingForPt,73029.000,"8057",<none>,,"",true,false,false,false,"8057","8297","","","",true,PT_NEVER_BOARDED
"7282387",regional_background,pt,"other","home",42226.000,4838.725,81187.000,91613.000,waitingForPt,81187.000,"4335.1",<none>,,"",true,false,false,false,"4335.1","102022.1","","","",true,PT_NEVER_BOARDED
"728515",regional_background,pt,"education","home",47340.000,21257.781,76083.000,96717.000,waitingForPt,76083.000,"6897",<none>,,"",true,true,true,false,"6897","8129","tr_27937","XXX---2268675_3","XXX---2268675_3_1",true,PT_BOARDED_NOT_ARRIVED
"7293238",regional_background,pt,"other","home",55483.000,9585.959,66870.000,105930.000,waitingForPt,66870.000,"101693.3",<none>,,"",true,true,true,false,"101693.3","145685.1","tr_116","XXX---161788_2","XXX---161788_2_21",true,PT_BOARDED_NOT_ARRIVED
"7298832",regional_background,pt,"other","home",61200.000,4389.616,75514.000,97286.000,waitingForPt,75514.000,"102459",<none>,,"",true,true,true,false,"102459","129025","tr_427","XXX---161788_2","XXX---161788_2_194",true,PT_BOARDED_NOT_ARRIVED
"7298972",regional_background,pt,"other","home",60666.000,5107.761,64770.000,108030.000,waitingForPt,64770.000,"128987",<none>,,"",true,true,true,false,"128987","129040","tr_37144","XXX---2270082_3","XXX---2270082_3_18",true,PT_BOARDED_NOT_ARRIVED
"7300451",regional_background,pt,"other","home",66042.000,12411.389,71285.000,101515.000,waitingForPt,71285.000,"128766.1",<none>,,"",true,false,false,false,"128766.1","127132","","","",true,PT_NEVER_BOARDED
"7305139",regional_background,pt,"other","home",70406.000,16153.203,73620.000,99180.000,waitingForPt,73620.000,"127927",<none>,,"",true,false,false,false,"127927","127170","","","",true,PT_NEVER_BOARDED
"7328920",regional_background,pt,"other","home",15220.000,4150.984,75582.000,97218.000,waitingForPt,75582.000,"127249",<none>,,"",true,false,false,false,"127249","101666","","","",true,PT_NEVER_BOARDED
"7331611",regional_background,pt,"other","home",57300.000,5232.100,63407.000,109393.000,waitingForPt,63407.000,"101674.1",<none>,,"",true,true,true,false,"101674.1","102238","tr_261","XXX---161788_2","XXX---161788_2_100",true,PT_BOARDED_NOT_ARRIVED
"7333832",regional_background,pt,"other","home",66862.000,8149.314,69579.000,103221.000,waitingForPt,69579.000,"127231.2",<none>,,"",true,false,false,false,"127231.2","128492.1","","","",true,PT_NEVER_BOARDED
"7341907",regional_background,pt,"other","home",10935.000,16452.224,66099.000,106701.000,waitingForPt,66099.000,"20813.2",<none>,,"",true,false,false,false,"20813.2","145895","","","",true,PT_NEVER_BOARDED
"7343125",regional_background,pt,"other","home",10243.000,11544.969,93348.000,79452.000,waitingForPt,93348.000,"102066.5",<none>,,"",true,false,false,false,"102066.5","101817.3","","","",true,PT_NEVER_BOARDED
"7346486",regional_background,pt,"other","home",65766.000,11182.398,68857.000,103943.000,waitingForPt,68857.000,"129200.1",<none>,,"",true,false,false,false,"129200.1","102458.3","","","",true,PT_NEVER_BOARDED
"7353624",regional_background,pt,"other","home",59580.000,17026.100,66943.000,105857.000,waitingForPt,66943.000,"129186",<none>,,"",true,false,false,false,"129186","128951","","","",true,PT_NEVER_BOARDED
"7369682",regional_background,pt,"other","home",70986.000,4315.152,73566.000,99234.000,waitingForPt,73566.000,"128319",<none>,,"",true,false,false,false,"128319","128078","","","",true,PT_NEVER_BOARDED
"7379351",regional_background,pt,"other","home",55862.000,11797.758,59513.000,113287.000,waitingForPt,59513.000,"145986",<none>,,"",true,false,false,false,"145986","129198","","","",true,PT_NEVER_BOARDED
"7380033",regional_background,pt,"other","home",59461.000,12068.989,74721.000,98079.000,waitingForPt,74721.000,"145277.1",<none>,,"",true,true,true,false,"145277.1","128909","tr_13758","XXX---2249918_0","XXX---2249918_0_9",true,PT_BOARDED_NOT_ARRIVED
"7384394",regional_background,pt,"other","home",48725.000,16859.714,56033.000,116767.000,waitingForPt,56033.000,"128343",<none>,,"",true,false,false,false,"128343","127283","","","",true,PT_NEVER_BOARDED
"7401491",regional_background,pt,"other","home",74624.000,10203.074,78197.000,94603.000,waitingForPt,78197.000,"102121.2",<none>,,"",true,true,true,false,"102121.2","20863.1","tr_2328","XXX---162452_106_1","XXX---162452_106_1_39",true,PT_BOARDED_NOT_ARRIVED
"741098",regional_background,pt,"education","home",44432.000,4668.323,48918.000,123882.000,waitingForPt,48918.000,"62522",<none>,,"",true,false,false,false,"62522","9405","","","",true,PT_NEVER_BOARDED
"7413333",regional_background,pt,"other","home",67210.000,4710.152,67721.000,105079.000,waitingForPt,67721.000,"127270.1",<none>,,"",true,false,false,false,"127270.1","101667.1","","","",true,PT_NEVER_BOARDED
"74157",munich_resident,pt,"work","home",8832.000,223.589,62934.000,109866.000,waitingForPt,62934.000,"108194",<none>,,"",true,false,false,false,"108194","106214","","","",true,PT_NEVER_BOARDED
"7419953",regional_background,pt,"other","home",66154.000,10417.263,79297.000,93503.000,waitingForPt,79297.000,"164781",<none>,,"",true,false,false,false,"164781","20814","","","",true,PT_NEVER_BOARDED
"7420144",regional_background,pt,"other","home",65399.000,5555.522,67438.000,105362.000,waitingForPt,67438.000,"128132",<none>,,"",true,false,false,false,"128132","128286","","","",true,PT_NEVER_BOARDED
"7421170",regional_background,pt,"other","home",47726.000,3676.214,48710.000,124090.000,waitingForPt,48710.000,"128325",<none>,,"",true,false,false,false,"128325","128315","","","",true,PT_NEVER_BOARDED
"7421925",regional_background,pt,"other","home",65400.000,14081.597,67097.000,105703.000,waitingForPt,67097.000,"127374.2",<none>,,"",true,true,true,false,"127374.2","128394.2","tr_14404","XXX---2249921_0","XXX---2249921_0_0",true,PT_BOARDED_NOT_ARRIVED
"7425207",regional_background,pt,"other","home",15989.000,11623.154,70256.000,102544.000,waitingForPt,70256.000,"145946",<none>,,"",true,false,false,false,"145946","129100.1","","","",true,PT_NEVER_BOARDED
"7425858",regional_background,pt,"other","home",42913.000,5036.235,49114.000,123686.000,waitingForPt,49114.000,"164899.1",<none>,,"",true,false,false,false,"164899.1","128619.1","","","",true,PT_NEVER_BOARDED
"743385",regional_background,pt,"education","home",57136.000,19955.845,58526.000,114274.000,waitingForPt,58526.000,"7298",<none>,,"",true,false,false,false,"7298","8074.2","","","",true,PT_NEVER_BOARDED
"7462278",regional_background,pt,"other","home",38867.000,10015.718,92869.000,79931.000,waitingForPt,92869.000,"128988.2",<none>,,"",true,false,false,false,"128988.2","146078","","","",true,PT_NEVER_BOARDED
"7462503",regional_background,pt,"other","home",54100.000,4883.737,57160.000,115640.000,waitingForPt,57160.000,"145262.2",<none>,,"",true,false,false,false,"145262.2","145985","","","",true,PT_NEVER_BOARDED
"747047",regional_background,pt,"work","home",26450.000,4877.849,85203.000,87597.000,waitingForPt,85203.000,"9358.2",<none>,,"",true,true,true,false,"9358.2","9529","tr_2854","XXX---162456_109","XXX---162456_109_20",true,PT_BOARDED_NOT_ARRIVED
"7484781",regional_background,pt,"other","home",63480.000,8411.646,73284.000,99516.000,waitingForPt,73284.000,"140573.2",<none>,,"",true,true,true,false,"140573.2","20813","tr_35148","XXX---2269731_3","XXX---2269731_3_33",true,PT_BOARDED_NOT_ARRIVED
"749020",regional_background,pt,"education","home",52140.000,7197.326,61092.000,111708.000,waitingForPt,61092.000,"80647",<none>,,"",true,true,true,false,"80647","150272","tr_16676","XXX---2255006_3","XXX---2255006_3_5",true,PT_BOARDED_NOT_ARRIVED
"753086",regional_background,pt,"work","home",34070.000,3017.406,137586.000,35214.000,waitingForPt,137586.000,"142507",<none>,,"",true,false,false,false,"142507","142509.5","","","",true,PT_NEVER_BOARDED
"753737",regional_background,pt,"work","home",10707.000,10174.737,77303.000,95497.000,waitingForPt,77303.000,"6115",<none>,,"",true,false,false,false,"6115","108496","","","",true,PT_NEVER_BOARDED
"757908",regional_background,pt,"work","home",20520.000,6415.899,69673.000,103127.000,waitingForPt,69673.000,"9601",<none>,,"",true,true,true,false,"9601","9866","tr_3312","XXX---162460_109","XXX---162460_109_31",true,PT_BOARDED_NOT_ARRIVED
"75794",munich_resident,car,"home","work",75324.000,8523.936,75324.000,97476.000,entered link,123688.000,"16208",entered link,123688.000,"16208",false,false,false,false,"","","","","",true,CAR_NO_PROGRESS_OR_NETWORK_CLUSTER
"75940",munich_resident,car,"work","home",61059.000,11094.181,61059.000,111741.000,entered link,167840.000,"419626",entered link,167840.000,"419626",false,false,false,false,"","","","","",true,CAR_NO_PROGRESS_OR_NETWORK_CLUSTER
"76107",munich_resident,pt,"work","home",6238.000,4018.788,49071.000,123729.000,waitingForPt,49071.000,"108471.3",<none>,,"",true,false,false,false,"108471.3","106053","","","",true,PT_NEVER_BOARDED
"763701",regional_background,pt,"work","home",4776.000,8012.621,80627.000,92173.000,waitingForPt,80627.000,"13495",<none>,,"",true,false,false,false,"13495","12795.4","","","",true,PT_NEVER_BOARDED
"76663",munich_resident,pt,"work","home",10694.000,7834.111,66874.000,105926.000,waitingForPt,66874.000,"106117.5",<none>,,"",true,false,false,false,"106117.5","106046.1","","","",true,PT_NEVER_BOARDED
"773255",regional_background,pt,"education","home",56604.000,17775.276,67464.000,105336.000,waitingForPt,67464.000,"7254.1",<none>,,"",true,true,true,false,"7254.1","9278.2","tr_2187","XXX---162448_106","XXX---162448_106_2",true,PT_BOARDED_NOT_ARRIVED
"773431",regional_background,pt,"education","home",47247.000,29976.541,66248.000,106552.000,waitingForPt,66248.000,"156585.1",<none>,,"",true,false,false,false,"156585.1","157390","","","",true,PT_NEVER_BOARDED
"783697",regional_background,pt,"work","home",7228.000,3485.915,59983.000,112817.000,waitingForPt,59983.000,"9560.4",<none>,,"",true,true,true,false,"9560.4","9383.1","tr_2897","XXX---162456_109","XXX---162456_109_29",true,PT_BOARDED_NOT_ARRIVED
"789136",regional_background,pt,"education","home",51780.000,11333.417,58956.000,113844.000,waitingForPt,58956.000,"7252.2",<none>,,"",true,true,true,false,"7252.2","7933","tr_2227","XXX---162449_106","XXX---162449_106_2",true,PT_BOARDED_NOT_ARRIVED
"80647",munich_resident,car,"work","home",15195.000,15532.331,93846.000,78954.000,entered link,117538.000,"453133",entered link,117538.000,"453133",false,false,false,false,"","","","","",true,CAR_NO_PROGRESS_OR_NETWORK_CLUSTER
"807591",regional_background,pt,"work","home",22724.000,3872.246,80123.000,92677.000,waitingForPt,80123.000,"21764",<none>,,"",true,false,false,false,"21764","21796","","","",true,PT_NEVER_BOARDED
"81515",munich_resident,pt,"work","home",2822.000,4216.506,55326.000,117474.000,waitingForPt,55326.000,"106863",<none>,,"",true,false,false,false,"106863","106138","","","",true,PT_NEVER_BOARDED
"821358",regional_background,car,"education","home",66140.000,18609.950,66140.000,106660.000,entered link,172800.000,"248069",entered link,172800.000,"248069",false,false,false,false,"","","","","",true,CAR_NO_PROGRESS_OR_NETWORK_CLUSTER
"824211",regional_background,pt,"education","home",19237.000,6998.271,88757.000,84043.000,waitingForPt,88757.000,"142459",<none>,,"",true,false,false,false,"142459","11842.2","","","",true,PT_NEVER_BOARDED
"827846",regional_background,pt,"work","home",51932.000,17016.141,67001.000,105799.000,waitingForPt,67001.000,"65562.3",<none>,,"",true,false,false,false,"65562.3","21695","","","",true,PT_NEVER_BOARDED
"828793",regional_background,pt,"work","home",50340.000,9974.078,60955.000,111845.000,waitingForPt,60955.000,"22081.1",<none>,,"",true,true,true,false,"22081.1","22108.3","tr_37546","XXX---2270125_3","XXX---2270125_3_14",true,PT_BOARDED_NOT_ARRIVED
"829749",regional_background,pt,"work","home",38498.000,2127.722,77723.000,95077.000,waitingForPt,77723.000,"168433",<none>,,"",true,false,false,false,"168433","102340.1","","","",true,PT_NEVER_BOARDED
"83039",munich_resident,pt,"work","home",11353.000,4473.779,68504.000,104296.000,waitingForPt,68504.000,"107866",<none>,,"",true,false,false,false,"107866","106186.1","","","",true,PT_NEVER_BOARDED
"84130",munich_resident,car,"work","home",55430.000,15440.715,55430.000,117370.000,entered link,133625.000,"419626",entered link,133625.000,"419626",false,false,false,false,"","","","","",true,CAR_NO_PROGRESS_OR_NETWORK_CLUSTER
"84553",munich_resident,pt,"work","home",24782.000,833.203,85033.000,87767.000,waitingForPt,85033.000,"106980.1",<none>,,"",true,false,false,false,"106980.1","107756.1","","","",true,PT_NEVER_BOARDED
"857996",regional_background,pt,"work","home",25054.000,10695.208,105438.000,67362.000,waitingForPt,105438.000,"9123.1",<none>,,"",true,false,false,false,"9123.1","8063.2","","","",true,PT_NEVER_BOARDED
"858473",regional_background,pt,"work","home",57060.000,4907.459,61935.000,110865.000,waitingForPt,61935.000,"9406",<none>,,"",true,true,true,false,"9406","10808.1","tr_26982","XXX---2268637_3","XXX---2268637_3_13",true,PT_BOARDED_NOT_ARRIVED
"85884",munich_resident,car,"work","home",29272.000,20126.896,108438.000,64362.000,entered link,124576.000,"453133",entered link,124576.000,"453133",false,false,false,false,"","","","","",true,CAR_NO_PROGRESS_OR_NETWORK_CLUSTER
"864936",regional_background,pt,"education","home",48840.000,8132.306,52461.000,120339.000,waitingForPt,52461.000,"4511",<none>,,"",true,true,true,false,"4511","4577.1","tr_29881","XXX---2268725_3","XXX---2268725_3_1",true,PT_BOARDED_NOT_ARRIVED
"866035",regional_background,pt,"education","home",46680.000,12470.270,57432.000,115368.000,waitingForPt,57432.000,"4707.1",<none>,,"",true,true,true,false,"4707.1","4557.1","tr_4101","XXX---1850865_3","XXX---1850865_3_1",true,PT_BOARDED_NOT_ARRIVED
"866924",regional_background,pt,"work","home",57321.000,16127.003,71717.000,101083.000,waitingForPt,71717.000,"8932.4",<none>,,"",true,true,true,false,"8932.4","9085","tr_1447","XXX---162424_106","XXX---162424_106_103",true,PT_BOARDED_NOT_ARRIVED
"87007",munich_resident,pt,"work","home",28332.000,545.456,30436.000,142364.000,waitingForPt,30436.000,"11710.7",<none>,,"",true,false,false,false,"11710.7","11699.4","","","",true,PT_NEVER_BOARDED
"873694",regional_background,pt,"work","home",20821.000,16348.557,78404.000,94396.000,waitingForPt,78404.000,"7279.1",<none>,,"",true,true,true,false,"7279.1","8062.2","tr_3611","XXX---162462_109","XXX---162462_109_26",true,PT_BOARDED_NOT_ARRIVED
"88392",munich_resident,car,"home","education",66730.000,5052.081,66730.000,106070.000,entered link,124078.000,"16208",entered link,124078.000,"16208",false,false,false,false,"","","","","",true,CAR_NO_PROGRESS_OR_NETWORK_CLUSTER
"887124",regional_background,pt,"home","education",27060.000,49012.440,28188.000,144612.000,waitingForPt,28188.000,"101674.11",<none>,,"",true,true,true,false,"101674.11","106130.5","tr_183","XXX---161788_2","XXX---161788_2_47",true,PT_BOARDED_NOT_ARRIVED
"889483",regional_background,pt,"education","home",56160.000,10528.214,59661.000,113139.000,waitingForPt,59661.000,"4511",<none>,,"",true,true,true,false,"4511","5010","tr_29883","XXX---2268725_3","XXX---2268725_3_1",true,PT_BOARDED_NOT_ARRIVED
"892121",regional_background,pt,"work","home",24147.000,10814.145,92714.000,80086.000,waitingForPt,92714.000,"156281",<none>,,"",true,false,false,false,"156281","65628","","","",true,PT_NEVER_BOARDED
"893173",regional_background,pt,"work","home",32918.000,54965.811,93742.000,79058.000,waitingForPt,93742.000,"12799.6",<none>,,"",true,false,false,false,"12799.6","8071.1","","","",true,PT_NEVER_BOARDED
"903211",regional_background,pt,"work","home",13380.000,6085.261,80677.000,92123.000,waitingForPt,80677.000,"6881",<none>,,"",true,true,true,false,"6881","7229.1","tr_58845","XXX---514706_106","XXX---514706_106_14",true,PT_BOARDED_NOT_ARRIVED
"903800",regional_background,pt,"work","home",29756.000,1967.929,80344.000,92456.000,waitingForPt,80344.000,"7432.1",<none>,,"",true,false,false,false,"7432.1","6915.9","","","",true,PT_NEVER_BOARDED
"909877",regional_background,pt,"education","home",53594.000,21242.200,64320.000,108480.000,waitingForPt,64320.000,"8931.1",<none>,,"",true,true,true,false,"8931.1","76165.5","tr_1455","XXX---162424_106","XXX---162424_106_110",true,PT_BOARDED_NOT_ARRIVED
"915153",regional_background,car,"work","home",2267.000,31637.387,117858.000,54942.000,entered link,134218.000,"16208",entered link,134218.000,"16208",false,false,false,false,"","","","","",true,CAR_NO_PROGRESS_OR_NETWORK_CLUSTER
"918785",regional_background,pt,"education","home",32610.000,11654.287,86548.000,86252.000,waitingForPt,86548.000,"106361",<none>,,"",true,false,false,false,"106361","5120","","","",true,PT_NEVER_BOARDED
"931878",regional_background,pt,"work","home",22920.000,5857.295,85697.000,87103.000,waitingForPt,85697.000,"5108.1",<none>,,"",true,true,true,false,"5108.1","7035","tr_40835","XXX---2272000_1","XXX---2272000_1_8",true,PT_BOARDED_NOT_ARRIVED
"935126",regional_background,car,"work","home",66488.000,26915.137,66488.000,106312.000,entered link,172741.000,"16209",entered link,172741.000,"16209",false,false,false,false,"","","","","",true,CAR_NO_PROGRESS_OR_NETWORK_CLUSTER
"93722",munich_resident,car,"work","home",3920.000,10092.697,92713.000,80087.000,entered link,116998.000,"453133",entered link,116998.000,"453133",false,false,false,false,"","","","","",true,CAR_NO_PROGRESS_OR_NETWORK_CLUSTER
"937454",regional_background,pt,"work","home",47677.000,3100.565,89486.000,83314.000,waitingForPt,89486.000,"6999",<none>,,"",true,false,false,false,"6999","6820","","","",true,PT_NEVER_BOARDED
"946677",regional_background,pt,"work","home",7822.000,3353.943,50615.000,122185.000,waitingForPt,50615.000,"106218.2",<none>,,"",true,false,false,false,"106218.2","106048","","","",true,PT_NEVER_BOARDED
"94973",munich_resident,pt,"work","home",968.000,4473.779,38076.000,134724.000,waitingForPt,38076.000,"107866",<none>,,"",true,false,false,false,"107866","106186.1","","","",true,PT_NEVER_BOARDED
"950197",regional_background,pt,"work","home",1069.000,8793.093,61331.000,111469.000,waitingForPt,61331.000,"4988",<none>,,"",true,false,false,false,"4988","101845.1","","","",true,PT_NEVER_BOARDED
"95205",munich_resident,car,"home","work",49721.000,11026.176,49721.000,123079.000,entered link,136406.000,"419626",entered link,136406.000,"419626",false,false,false,false,"","","","","",true,CAR_NO_PROGRESS_OR_NETWORK_CLUSTER
"95513",munich_resident,pt,"work","home",3683.000,8825.380,59432.000,113368.000,waitingForPt,59432.000,"108858.1",<none>,,"",true,false,false,false,"108858.1","106078","","","",true,PT_NEVER_BOARDED
"96134",munich_resident,car,"work","home",74999.000,11696.212,74999.000,97801.000,entered link,130838.000,"16208",entered link,130838.000,"16208",false,false,false,false,"","","","","",true,CAR_NO_PROGRESS_OR_NETWORK_CLUSTER
"964110",regional_background,car,"work","home",61560.000,22414.480,61560.000,111240.000,entered link,129656.000,"419626",entered link,129656.000,"419626",false,false,false,false,"","","","","",true,CAR_NO_PROGRESS_OR_NETWORK_CLUSTER
"968081",regional_background,pt,"work","home",25980.000,4627.057,71526.000,101274.000,waitingForPt,71526.000,"6701.1",<none>,,"",true,true,true,false,"6701.1","12518","tr_3242","XXX---162460_109","XXX---162460_109_7",true,PT_BOARDED_NOT_ARRIVED
"970431",regional_background,pt,"work","home",19140.000,37341.258,82093.000,90707.000,waitingForPt,82093.000,"102197.2",<none>,,"",true,true,true,false,"102197.2","106130.13","tr_164","XXX---161788_2","XXX---161788_2_36",true,PT_BOARDED_NOT_ARRIVED
"977940",regional_background,pt,"work","home",85620.000,16853.623,87927.000,84873.000,waitingForPt,87927.000,"106060",<none>,,"",true,true,true,false,"106060","142457","tr_40751","XXX---2272000_1","XXX---2272000_1_0",true,PT_BOARDED_NOT_ARRIVED
"981769",regional_background,pt,"work","home",15158.000,3836.496,67476.000,105324.000,waitingForPt,67476.000,"106899",<none>,,"",true,false,false,false,"106899","106056.1","","","",true,PT_NEVER_BOARDED
"991268",regional_background,pt,"work","home",14829.000,37341.258,88045.000,84755.000,waitingForPt,88045.000,"102197.2",<none>,,"",true,false,false,false,"102197.2","106130.13","","","",true,PT_NEVER_BOARDED
